Player,Inj,Likes,Pos,pDepth,Salary,Team,Opp,Def v Pos,VegasPts,STDV,2025 Avg,2026 Avg,FC,My,Diff,Floor,Ceiling,FC Proj,My Proj,Exp.,EXP+,Used,Con.,Value
Bijan Robinson,,0,CPTN,RB1,17700,ATL,@ GB,13,19.25,9.5,23.2,21.2,33.47,33.47,0,19.22,52.47,33.47,33.47,100,100,,52,1.9
Christian Watson,,0,CPTN,WR1,14700,GB,vs ATL,2,23.75,9,13.5,24.9,27,27,0,13.5,45,27,27,100,100,,23,1.8
Jordan Love,,0,CPTN,QB1,15000,GB,vs ATL,29,23.75,8.5,16.6,19.1,24.96,24.96,0,12.21,41.96,24.96,24.96,100,100,,45,1.7
Michael Penix Jr.,,0,CPTN,QB1,13500,ATL,@ GB,10,19.25,,,,23.21,23.21,0,0,,23.21,23.21,100,100,,0,1.7
Drake London,,0,CPTN,WR1,13200,ATL,@ GB,12,19.25,9.5,18.2,7.2,22.46,22.46,0,8.21,41.46,22.46,22.46,100,100,,32,1.7
Bijan Robinson,,0,RB,RB1,11800,ATL,@ GB,13,19.25,9.5,23.2,21.2,22.31,22.31,0,8.06,41.31,22.31,22.31,100,100,,52,1.9
Tucker Kraft,,0,CPTN,TE1,10500,GB,vs ATL,2,23.75,7.6,15.4,6.5,21.38,21.38,0,9.98,36.58,21.38,21.38,100,100,,17,2
Christian Watson,,0,WR,WR1,9800,GB,vs ATL,2,23.75,9,13.5,24.9,18,18,0,4.5,36,18,18,100,100,,23,1.8
Jordan Love,,0,QB,QB1,10000,GB,vs ATL,29,23.75,8.5,16.6,19.1,16.64,16.64,0,3.89,33.64,16.64,16.64,100,100,,45,1.7
Michael Penix Jr.,,0,QB,QB1,9000,ATL,@ GB,10,19.25,,,,15.47,15.47,0,0,,15.47,15.47,100,100,,0,1.7
Drake London,,0,WR,WR1,8800,ATL,@ GB,12,19.25,9.5,18.2,7.2,14.97,14.97,0,0.72,33.97,14.97,14.97,100,100,,32,1.7
Tucker Kraft,,0,TE,TE1,7000,GB,vs ATL,2,23.75,7.6,15.4,6.5,14.25,14.25,0,2.85,29.45,14.25,14.25,100,100,,17,2
MarShawn Lloyd,,0,CPTN,RB1,11100,GB,vs ATL,20,23.75,3,0,6.7,13.08,13.08,0,8.58,19.08,13.08,13.08,100,100,,44,1.2
Trey Smack,,0,CPTN,K1,7800,GB,vs ATL,29,23.75,2.5,0,10.5,12.23,12.23,0,8.48,17.23,12.23,12.23,100,100,,0,1.6
Kyle Pitts Sr.,,0,CPTN,TE1,9900,ATL,@ GB,12,19.25,,,,11.75,11.75,0,0,,11.75,11.75,100,100,,0,1.2
Matthew Golden,,0,CPTN,WR2,11700,GB,vs ATL,2,23.75,4.7,5,12.7,10.65,10.65,0,3.6,20.05,10.65,10.65,100,100,,22,0.9
Nick Folk,,0,CPTN,K1,7200,ATL,@ GB,14,19.25,4.5,7.9,7,9.75,9.75,0,3,18.75,9.75,9.75,100,100,,43,1.4
Olamide Zaccheaus,,0,CPTN,WR3,3000,ATL,@ GB,12,19.25,5.6,6.1,1.4,9.62,9.62,0,1.22,20.82,9.62,9.62,100,100,,5,3.2
Falcons,,0,CPTN,DST1,5100,ATL,@ GB,17,19.25,5.8,7.3,3,8.93,8.93,0,0.23,20.53,8.93,8.93,100,100,,0,1.8
Jonnu Smith,,0,CPTN,TE2,4200,GB,vs ATL,2,23.75,6.3,5,7,8.73,8.73,0,0,21.33,8.73,8.73,100,100,,10,2.1
MarShawn Lloyd,,0,RB,RB1,7400,GB,vs ATL,20,23.75,3,0,6.7,8.72,8.72,0,4.22,14.72,8.72,8.72,100,100,,44,1.2
Trey Smack,,0,K,K1,5200,GB,vs ATL,29,23.75,2.5,0,10.5,8.15,8.15,0,4.4,13.15,8.15,8.15,100,100,,0,1.6
Kyle Pitts Sr.,,0,TE,TE1,6600,ATL,@ GB,12,19.25,,,,7.83,7.83,0,0,,7.83,7.83,100,100,,0,1.2
Packers,,0,CPTN,DST1,7500,GB,vs ATL,21,23.75,5.3,4.6,3,7.34,7.34,0,0,17.94,7.34,7.34,100,100,,18,1
Matthew Golden,,0,WR,WR2,7800,GB,vs ATL,2,23.75,4.7,5,12.7,7.1,7.1,0,0.05,16.5,7.1,7.1,100,100,,22,0.9
Jahan Dotson,,0,CPTN,WR2,4500,ATL,@ GB,12,19.25,6.5,3.3,3,6.6,6.6,0,0,19.6,6.6,6.6,100,100,,0,1.5
Nick Folk,,0,K,K1,4800,ATL,@ GB,14,19.25,4.5,7.9,7,6.5,6.5,0,0,15.5,6.5,6.5,100,100,,43,1.4
Olamide Zaccheaus,,0,WR,WR3,2000,ATL,@ GB,12,19.25,5.6,6.1,1.4,6.41,6.41,0,0,17.61,6.41,6.41,100,100,,5,3.2
Falcons,,0,DST,DST1,3400,ATL,@ GB,17,23.75,5.8,7.3,3,5.95,5.95,0,0,17.55,5.95,5.95,100,100,,0,1.8
Jonnu Smith,,0,TE,TE2,2800,GB,vs ATL,2,23.75,6.3,5,7,5.82,5.82,0,0,18.42,5.82,5.82,100,100,,10,2.1
Packers,,0,DST,DST1,5000,GB,vs ATL,21,19.25,5.3,4.6,3,4.89,4.89,0,0,15.49,4.89,4.89,100,100,,18,1
Jahan Dotson,,0,WR,WR2,3000,ATL,@ GB,12,19.25,6.5,3.3,3,4.4,4.4,0,0,17.4,4.4,4.4,100,100,,0,1.5
Brian Robinson,,0,CPTN,RB2,6600,ATL,@ GB,13,19.25,6.9,3.7,5.9,4.19,4.19,0,0,17.99,4.19,4.19,100,100,,27,0.6
Charlie Woerner,,0,CPTN,TE2,900,ATL,@ GB,12,19.25,1.5,1.4,0,3.48,3.48,0,1.23,6.48,3.48,3.48,100,100,,0,3.9
Brian Robinson,,0,RB,RB2,4400,ATL,@ GB,13,19.25,6.9,3.7,5.9,2.79,2.79,0,0,16.59,2.79,2.79,100,100,,27,0.6
Zachariah Branch,,0,CPTN,WR4,5700,ATL,@ GB,12,19.25,1.7,0,1.7,2.6,2.6,0,0.05,6,2.6,2.6,100,100,,0,0.5
Chris Brooks,,0,CPTN,RB2,8100,GB,vs ATL,20,23.75,2.3,2,3.2,2.52,2.52,0,0,7.12,2.52,2.52,100,100,,18,0.3
Charlie Woerner,,0,TE,TE2,600,ATL,@ GB,12,19.25,1.5,1.4,0,2.32,2.32,0,0.07,5.32,2.32,2.32,100,100,,0,3.9
Bo Melton,,0,CPTN,WR4,1800,GB,vs ATL,2,23.75,6.1,0,1,2.28,2.28,0,0,14.48,2.28,2.28,100,100,,0,1.3
Zachariah Branch,,0,WR,WR4,3800,ATL,@ GB,12,19.25,1.7,0,1.7,1.73,1.73,0,0,5.13,1.73,1.73,100,100,,0,0.5
Skyy Moore,,0,CPTN,WR3,3600,GB,vs ATL,2,23.75,3.2,0.9,1.3,1.7,1.7,0,0,8.1,1.7,1.7,100,100,,0,0.5
Chris Brooks,,0,RB,RB2,5400,GB,vs ATL,20,23.75,2.3,2,3.2,1.68,1.68,0,0,6.28,1.68,1.68,100,100,,18,0.3
Bo Melton,,0,WR,WR4,1200,GB,vs ATL,2,23.75,6.1,0,1,1.52,1.52,0,0,13.72,1.52,1.52,100,100,,0,1.3
Skyy Moore,,0,WR,WR3,2400,GB,vs ATL,2,23.75,3.2,0.9,1.3,1.13,1.13,0,0,7.53,1.13,1.13,100,100,,0,0.5
Tua Tagovailoa,,0,QB,QB2,8600,ATL,@ GB,10,19.25,8.2,12.8,0,0,0,0,0,0,0,0,100,100,,50,0
Jack Strand,,0,QB,QB4,8200,ATL,@ GB,10,19.25,0,0,2,0,0,0,0,0,0,0,100,100,,0,0
Cooper Rush,,0,QB,QB3,8000,ATL,@ GB,10,19.25,7,1.7,5.1,0,0,0,0,0,0,0,100,100,,0,0
Tyrod Taylor,,0,QB,QB2,6000,GB,vs ATL,29,23.75,8.6,10.9,0,0,0,0,0,0,0,0,100,100,,39,0
Kaleb Johnson,,0,RB,RB3,4000,GB,vs ATL,20,23.75,1.1,0.9,1.6,0,0,0,0,0,0,0,100,100,,0,0
Austin Hooper,,0,TE,TE3,1600,ATL,@ GB,12,19.25,5.7,4.6,4,0,0,0,0,0,0,0,100,100,,20,0
Chris Blair,,0,WR,WR5,1000,ATL,@ GB,12,19.25,1.1,0,0.8,0,0,0,0,0,0,0,100,100,,0,0
J. Michael Sturdivant,,0,WR,WR5,800,GB,vs ATL,2,23.75,0,0,0,0,0,0,0,0,0,0,100,100,,0,0
Josh Whyle,,0,TE,TE3,200,GB,vs ATL,2,23.75,3.6,2.4,0,0,0,0,0,0,0,0,100,100,,0,0
Mark Redman,,0,TE,TE4,200,GB,vs ATL,2,23.75,,,,0,0,0,0,,0,0,100,100,,0,0
Nick Muse,,0,TE,TE4,200,ATL,@ GB,12,19.25,1.6,0,0,0,0,0,0,0,0,0,100,100,,0,0
Tua Tagovailoa,,0,CPTN,QB2,12900,ATL,@ GB,10,19.25,8.2,12.8,0,0,0,0,0,0,0,0,100,100,,50,0
Jack Strand,,0,CPTN,QB4,12300,ATL,@ GB,10,19.25,0,0,2,0,0,0,0,0,0,0,100,100,,0,0
Cooper Rush,,0,CPTN,QB3,12000,ATL,@ GB,10,19.25,7,1.7,5.1,0,0,0,0,0,0,0,100,100,,0,0
Tyrod Taylor,,0,CPTN,QB2,9000,GB,vs ATL,29,23.75,8.6,10.9,0,0,0,0,0,0,0,0,100,100,,39,0
Kaleb Johnson,,0,CPTN,RB3,6000,GB,vs ATL,20,23.75,1.1,0.9,1.6,0,0,0,0,0,0,0,100,100,,0,0
Austin Hooper,,0,CPTN,TE3,2400,ATL,@ GB,12,19.25,5.7,4.6,4,0,0,0,0,0,0,0,100,100,,20,0
Chris Blair,,0,CPTN,WR5,1500,ATL,@ GB,12,19.25,1.1,0,0.8,0,0,0,0,0,0,0,100,100,,0,0
J. Michael Sturdivant,,0,CPTN,WR5,1200,GB,vs ATL,2,23.75,0,0,0,0,0,0,0,0,0,0,100,100,,0,0
Josh Whyle,,0,CPTN,TE3,300,GB,vs ATL,2,23.75,3.6,2.4,0,0,0,0,0,0,0,0,100,100,,0,0
Mark Redman,,0,CPTN,TE4,300,GB,vs ATL,2,23.75,,,,0,0,0,0,,0,0,100,100,,0,0
Nick Muse,,0,CPTN,TE4,300,ATL,@ GB,12,19.25,1.6,0,0,0,0,0,0,0,0,0,100,100,,0,0
