game,kickoff_et,away,home,spread,total,away_implied,home_implied
CAR @ CLE,2026-09-27 1:00 PM,CAR,CLE,CAR -2,42.5,22.25,20.25
CIN @ PIT,2026-09-27 1:00 PM,CIN,PIT,CIN -3.5,42.5,23.0,19.5
HOU @ IND,2026-09-27 1:00 PM,HOU,IND,HOU -1.5,42.5,22.0,20.5
KC @ MIA,2026-09-27 1:00 PM,KC,MIA,KC -10.5,45.5,28.0,17.5
LAC @ BUF,2026-09-27 1:00 PM,LAC,BUF,BUF -7,50.0,21.5,28.5
NE @ JAC,2026-09-27 1:00 PM,NE,JAC,JAC -3,46.0,21.5,24.5
NYJ @ DET,2026-09-27 1:00 PM,NYJ,DET,DET -6.5,48.5,21.0,27.5
SEA @ WAS,2026-09-27 1:00 PM,SEA,WAS,SEA -7.5,40.0,23.75,16.25
TEN @ NYG,2026-09-27 1:00 PM,TEN,NYG,NYG -2.5,37.5,17.5,20.0
