player,market,line,over_odds,under_odds,sportsbook,over_quote_time_utc,under_quote_time_utc,snapshot_received_by_utc,source,over_source_link,under_source_link,market_id,fixture_id,player_id,grouping_key,over_odds_id,under_odds_id,availability,selection_convention,line_evidence,over_evidence,under_evidence,time_evidence,source_evidence
Matthew Stafford,Pass attempts,34.5,-108,-118,DraftKings,2026-09-10T08:59:04.320542+00:00,2026-09-10T08:59:04.320542+00:00,2026-09-10T16:37:30Z,OpticOdds,https://sportsbook.draftkings.com/event/34107951?outcomes=0QA334323042%232150674410_13L88808Q1-965658130Q20,https://sportsbook.draftkings.com/event/34107951?outcomes=0QA334323042%232150674483_13L88808Q11079931452Q20,player_passing_attempts,20260911F39A2BD0,DD2E6E11452C,matthew_stafford:34.5,78014-13184-26-36:draftkings:player_passing_attempts:matthew_stafford_over_34_5,78014-13184-26-36:draftkings:player_passing_attempts:matthew_stafford_under_34_5,returned,Over/Under,[34.5](claim:1),[-108](claim:2),[-118](claim:3),O: [2026-09-10 04:59:04 EDT](claim:5); U: [2026-09-10 04:59:04 EDT](claim:7),[DraftKings via OpticOdds](claim:8)
Matthew Stafford,Pass attempts,,,,FanDuel,,,2026-09-10T16:37:30Z,,,,,,,,,,not_returned,,,,,,
Matthew Stafford,Pass attempts,34.5,-132,100,Caesars,2026-09-10T16:36:43.554403+00:00,2026-09-10T16:36:43.554403+00:00,2026-09-10T16:37:30Z,OpticOdds,https://sportsbook.caesars.com/<COUNTRY>/<STATE>/bet/betslip?selectionIds=66a002e0-7ac2-332f-a99b-5295b5290bd6,https://sportsbook.caesars.com/<COUNTRY>/<STATE>/bet/betslip?selectionIds=035b5821-c295-34d5-9642-b6932c8c449a,player_passing_attempts,20260911F39A2BD0,DD2E6E11452C,matthew_stafford:34.5,78014-13184-26-36:caesars:player_passing_attempts:matthew_stafford_over_34_5,78014-13184-26-36:caesars:player_passing_attempts:matthew_stafford_under_34_5,returned,Over/Under,[34.5](claim:9),[-132](claim:10),[+100](claim:11),O: [2026-09-10 12:36:43 EDT](claim:13); U: [2026-09-10 12:36:43 EDT](claim:15),[Caesars via OpticOdds](claim:16)
Matthew Stafford,Pass attempts,,,,BetMGM,,,2026-09-10T16:37:30Z,,,,,,,,,,not_returned,,,,,,
Matthew Stafford,Pass attempts,34.5,-125,-105,Fanatics,2026-09-10T14:40:26.706905+00:00,2026-09-10T14:40:45.939395+00:00,2026-09-10T16:37:30Z,OpticOdds,https://fanatics.onelink.me/5kut?deep_link_sub1=%7B%22legs%22%3A%5B%7B%22eventId%22%3A%224488987%22%2C%22marketId%22%3A%22697321162%22%2C%22selectionId%22%3A%221720041353%22%7D%5D%7D&deep_link_value=consume-betslip,https://fanatics.onelink.me/5kut?deep_link_sub1=%7B%22legs%22%3A%5B%7B%22eventId%22%3A%224488987%22%2C%22marketId%22%3A%22697321162%22%2C%22selectionId%22%3A%221720041355%22%7D%5D%7D&deep_link_value=consume-betslip,player_passing_attempts,20260911F39A2BD0,DD2E6E11452C,matthew_stafford:34.5,78014-13184-26-36:fanatics:player_passing_attempts:matthew_stafford_over_34_5,78014-13184-26-36:fanatics:player_passing_attempts:matthew_stafford_under_34_5,returned,Over/Under,[34.5](claim:17),[-125](claim:18),[-105](claim:19),O: [2026-09-10 10:40:26 EDT](claim:21); U: [2026-09-10 10:40:45 EDT](claim:23),[Fanatics via OpticOdds](claim:24)
Matthew Stafford,Pass attempts,34.5,-105,-125,ESPN BET,2026-09-10T11:04:15.128645+00:00,2026-09-10T11:04:15.128645+00:00,2026-09-10T16:37:30Z,OpticOdds,,,player_passing_attempts,20260911F39A2BD0,DD2E6E11452C,matthew_stafford:34.5,78014-13184-26-36:espn_bet:player_passing_attempts:matthew_stafford_over_34_5,78014-13184-26-36:espn_bet:player_passing_attempts:matthew_stafford_under_34_5,returned,Over/Under,[34.5](claim:25),[-105](claim:26),[-125](claim:27),O: [2026-09-10 07:04:15 EDT](claim:29); U: [2026-09-10 07:04:15 EDT](claim:31),[ESPN BET via OpticOdds](claim:32)
Matthew Stafford,Pass attempts,,,,Pinnacle,,,2026-09-10T16:37:30Z,,,,,,,,,,not_returned,,,,,,
Matthew Stafford,Passing yards,263.5,-112,-112,DraftKings,2026-09-10T10:03:03.851662+00:00,2026-09-10T10:03:03.851662+00:00,2026-09-10T16:37:30Z,OpticOdds,https://sportsbook.draftkings.com/event/34107951?outcomes=0QA334323191%232263428641_13L88808Q1-1560855618Q20,https://sportsbook.draftkings.com/event/34107951?outcomes=0QA334322165%232263428652_13L88808Q11284713205Q20,player_passing_yards,20260911F39A2BD0,DD2E6E11452C,matthew_stafford:263.5,78014-13184-26-36:draftkings:player_passing_yards:matthew_stafford_over_263_5,78014-13184-26-36:draftkings:player_passing_yards:matthew_stafford_under_263_5,returned,Over/Under,[263.5](claim:33),[-112](claim:34),[-112](claim:35),O: [2026-09-10 06:03:03 EDT](claim:37); U: [2026-09-10 06:03:03 EDT](claim:39),[DraftKings via OpticOdds](claim:8)
Matthew Stafford,Passing yards,258.5,-113,-113,FanDuel,2026-09-10T13:11:29.898129+00:00,2026-09-10T13:11:29.898129+00:00,2026-09-10T16:37:30Z,OpticOdds,https://sportsbook.fanduel.com/addToBetslip?marketId=42.601439852&selectionId=11889883,https://sportsbook.fanduel.com/addToBetslip?marketId=42.601439852&selectionId=11889882,player_passing_yards,20260911F39A2BD0,DD2E6E11452C,matthew_stafford:258.5,78014-13184-26-36:fanduel:player_passing_yards:matthew_stafford_over_258_5,78014-13184-26-36:fanduel:player_passing_yards:matthew_stafford_under_258_5,returned,Over/Under,[258.5](claim:40),[-113](claim:41),[-113](claim:42),O: [2026-09-10 09:11:29 EDT](claim:44); U: [2026-09-10 09:11:29 EDT](claim:46),[FanDuel via OpticOdds](claim:47)
Matthew Stafford,Passing yards,261.5,-114,-114,Caesars,2026-09-10T14:29:41.456018+00:00,2026-09-10T14:29:41.456018+00:00,2026-09-10T16:37:30Z,OpticOdds,https://sportsbook.caesars.com/<COUNTRY>/<STATE>/bet/betslip?selectionIds=a3db977e-8c8a-3639-96b0-88e6d9653d74,https://sportsbook.caesars.com/<COUNTRY>/<STATE>/bet/betslip?selectionIds=6b9e94b7-89c3-379c-a8a0-05a66c18aed5,player_passing_yards,20260911F39A2BD0,DD2E6E11452C,matthew_stafford:261.5,78014-13184-26-36:caesars:player_passing_yards:matthew_stafford_over_261_5,78014-13184-26-36:caesars:player_passing_yards:matthew_stafford_under_261_5,returned,Over/Under,[261.5](claim:48),[-114](claim:49),[-114](claim:50),O: [2026-09-10 10:29:41 EDT](claim:52); U: [2026-09-10 10:29:41 EDT](claim:54),[Caesars via OpticOdds](claim:16)
Matthew Stafford,Passing yards,,,,BetMGM,,,2026-09-10T16:37:30Z,,,,,,,,,,not_returned,,,,,,
Matthew Stafford,Passing yards,270.5,100,-130,Fanatics,2026-09-10T16:35:16.412988+00:00,2026-09-10T16:35:16.412988+00:00,2026-09-10T16:37:30Z,OpticOdds,https://fanatics.onelink.me/5kut?deep_link_sub1=%7B%22legs%22%3A%5B%7B%22eventId%22%3A%224488987%22%2C%22marketId%22%3A%22688396986%22%2C%22selectionId%22%3A%221698085827%22%7D%5D%7D&deep_link_value=consume-betslip,https://fanatics.onelink.me/5kut?deep_link_sub1=%7B%22legs%22%3A%5B%7B%22eventId%22%3A%224488987%22%2C%22marketId%22%3A%22688396986%22%2C%22selectionId%22%3A%221698085829%22%7D%5D%7D&deep_link_value=consume-betslip,player_passing_yards,20260911F39A2BD0,DD2E6E11452C,matthew_stafford:270.5,78014-13184-26-36:fanatics:player_passing_yards:matthew_stafford_over_270_5,78014-13184-26-36:fanatics:player_passing_yards:matthew_stafford_under_270_5,returned,Over/Under,[270.5](claim:55),[+100](claim:56),[-130](claim:57),O: [2026-09-10 12:35:16 EDT](claim:59); U: [2026-09-10 12:35:16 EDT](claim:61),[Fanatics via OpticOdds](claim:24)
Matthew Stafford,Passing yards,254.5,-125,-105,ESPN BET,2026-09-10T13:11:45.014998+00:00,2026-09-10T13:11:45.014998+00:00,2026-09-10T16:37:30Z,OpticOdds,,,player_passing_yards,20260911F39A2BD0,DD2E6E11452C,matthew_stafford:254.5,78014-13184-26-36:espn_bet:player_passing_yards:matthew_stafford_over_254_5,78014-13184-26-36:espn_bet:player_passing_yards:matthew_stafford_under_254_5,returned,Over/Under,[254.5](claim:62),[-125](claim:63),[-105](claim:64),O: [2026-09-10 09:11:45 EDT](claim:66); U: [2026-09-10 09:11:45 EDT](claim:68),[ESPN BET via OpticOdds](claim:32)
Matthew Stafford,Passing yards,263.5,101,-123,Pinnacle,2026-09-10T16:21:05.653105+00:00,2026-09-10T16:21:05.653105+00:00,2026-09-10T16:37:30Z,OpticOdds,https://www.pinnacle.com/en/football/nfl/san-francisco-49ers-vs-los-angeles-rams/1630877987/#player-props,https://www.pinnacle.com/en/football/nfl/san-francisco-49ers-vs-los-angeles-rams/1630877987/#player-props,player_passing_yards,20260911F39A2BD0,DD2E6E11452C,matthew_stafford:263.5,78014-13184-26-36:pinnacle:player_passing_yards:matthew_stafford_over_263_5,78014-13184-26-36:pinnacle:player_passing_yards:matthew_stafford_under_263_5,returned,Over/Under,[263.5](claim:69),[+101](claim:70),[-123](claim:71),O: [2026-09-10 12:21:05 EDT](claim:73); U: [2026-09-10 12:21:05 EDT](claim:75),[Pinnacle via OpticOdds](claim:76)
Matthew Stafford,Passing TD,1.5,-155,121,DraftKings,2026-09-10T08:59:04.320542+00:00,2026-09-10T08:59:04.320542+00:00,2026-09-10T16:37:30Z,OpticOdds,https://sportsbook.draftkings.com/event/34107951?outcomes=0QA334322460%232150671835_13L88808Q1-2015862131Q20,https://sportsbook.draftkings.com/event/34107951?outcomes=0QA334322223%232150672410_13L88808Q1-1720642580Q20,player_passing_touchdowns,20260911F39A2BD0,DD2E6E11452C,matthew_stafford:1.5,78014-13184-26-36:draftkings:player_passing_touchdowns:matthew_stafford_over_1_5,78014-13184-26-36:draftkings:player_passing_touchdowns:matthew_stafford_under_1_5,returned,Over/Under,[1.5](claim:77),[-155](claim:78),[+121](claim:79),O: [2026-09-10 04:59:04 EDT](claim:81); U: [2026-09-10 04:59:04 EDT](claim:83),[DraftKings via OpticOdds](claim:8)
Matthew Stafford,Passing TD,1.5,-146,112,FanDuel,2026-09-10T14:04:00.010128+00:00,2026-09-10T14:04:00.010128+00:00,2026-09-10T16:37:30Z,OpticOdds,https://sportsbook.fanduel.com/addToBetslip?marketId=42.601439856&selectionId=11889883,https://sportsbook.fanduel.com/addToBetslip?marketId=42.601439856&selectionId=11889882,player_passing_touchdowns,20260911F39A2BD0,DD2E6E11452C,matthew_stafford:1.5,78014-13184-26-36:fanduel:player_passing_touchdowns:matthew_stafford_over_1_5,78014-13184-26-36:fanduel:player_passing_touchdowns:matthew_stafford_under_1_5,returned,Over/Under,[1.5](claim:84),[-146](claim:85),[+112](claim:86),O: [2026-09-10 10:04:00 EDT](claim:88); U: [2026-09-10 10:04:00 EDT](claim:90),[FanDuel via OpticOdds](claim:47)
Matthew Stafford,Passing TD,1.5,-154,117,Caesars,2026-09-10T10:58:23.014535+00:00,2026-09-10T10:58:23.014535+00:00,2026-09-10T16:37:30Z,OpticOdds,https://sportsbook.caesars.com/<COUNTRY>/<STATE>/bet/betslip?selectionIds=b2027e80-f32a-32e1-a930-a81116a9418c,https://sportsbook.caesars.com/<COUNTRY>/<STATE>/bet/betslip?selectionIds=4a16059e-7546-3cf7-9ae8-4682fe54766c,player_passing_touchdowns,20260911F39A2BD0,DD2E6E11452C,matthew_stafford:1.5,78014-13184-26-36:caesars:player_passing_touchdowns:matthew_stafford_over_1_5,78014-13184-26-36:caesars:player_passing_touchdowns:matthew_stafford_under_1_5,returned,Over/Under,[1.5](claim:91),[-154](claim:92),[+117](claim:93),O: [2026-09-10 06:58:23 EDT](claim:95); U: [2026-09-10 06:58:23 EDT](claim:97),[Caesars via OpticOdds](claim:16)
Matthew Stafford,Passing TD,,,,BetMGM,,,2026-09-10T16:37:30Z,,,,,,,,,,not_returned,,,,,,
Matthew Stafford,Passing TD,1.5,-145,110,Fanatics,2026-09-10T16:35:16.412993+00:00,2026-09-10T16:35:16.412993+00:00,2026-09-10T16:37:30Z,OpticOdds,https://fanatics.onelink.me/5kut?deep_link_sub1=%7B%22legs%22%3A%5B%7B%22eventId%22%3A%224488987%22%2C%22marketId%22%3A%22689767709%22%2C%22selectionId%22%3A%221701502717%22%7D%5D%7D&deep_link_value=consume-betslip,https://fanatics.onelink.me/5kut?deep_link_sub1=%7B%22legs%22%3A%5B%7B%22eventId%22%3A%224488987%22%2C%22marketId%22%3A%22689767709%22%2C%22selectionId%22%3A%221701502719%22%7D%5D%7D&deep_link_value=consume-betslip,player_passing_touchdowns,20260911F39A2BD0,DD2E6E11452C,matthew_stafford:1.5,78014-13184-26-36:fanatics:player_passing_touchdowns:matthew_stafford_over_1_5,78014-13184-26-36:fanatics:player_passing_touchdowns:matthew_stafford_under_1_5,returned,Over/Under,[1.5](claim:98),[-145](claim:99),[+110](claim:100),O: [2026-09-10 12:35:16 EDT](claim:102); U: [2026-09-10 12:35:16 EDT](claim:104),[Fanatics via OpticOdds](claim:24)
Matthew Stafford,Passing TD,1.5,-135,105,ESPN BET,2026-09-10T13:16:08.092605+00:00,2026-09-10T13:16:08.092605+00:00,2026-09-10T16:37:30Z,OpticOdds,,,player_passing_touchdowns,20260911F39A2BD0,DD2E6E11452C,matthew_stafford:1.5,78014-13184-26-36:espn_bet:player_passing_touchdowns:matthew_stafford_over_1_5,78014-13184-26-36:espn_bet:player_passing_touchdowns:matthew_stafford_under_1_5,returned,Over/Under,[1.5](claim:105),[-135](claim:106),[+105](claim:107),O: [2026-09-10 09:16:08 EDT](claim:109); U: [2026-09-10 09:16:08 EDT](claim:111),[ESPN BET via OpticOdds](claim:32)
Matthew Stafford,Passing TD,1.5,-146,120,Pinnacle,2026-09-10T16:18:07.041728+00:00,2026-09-10T16:18:07.041728+00:00,2026-09-10T16:37:30Z,OpticOdds,https://www.pinnacle.com/en/football/nfl/san-francisco-49ers-vs-los-angeles-rams/1630877987/#player-props,https://www.pinnacle.com/en/football/nfl/san-francisco-49ers-vs-los-angeles-rams/1630877987/#player-props,player_passing_touchdowns,20260911F39A2BD0,DD2E6E11452C,matthew_stafford:1.5,78014-13184-26-36:pinnacle:player_passing_touchdowns:matthew_stafford_over_1_5,78014-13184-26-36:pinnacle:player_passing_touchdowns:matthew_stafford_under_1_5,returned,Over/Under,[1.5](claim:112),[-146](claim:113),[+120](claim:114),O: [2026-09-10 12:18:07 EDT](claim:116); U: [2026-09-10 12:18:07 EDT](claim:118),[Pinnacle via OpticOdds](claim:76)
Matthew Stafford,Interceptions thrown,0.5,113,-144,DraftKings,2026-09-10T10:03:03.851677+00:00,2026-09-10T10:03:03.851677+00:00,2026-09-10T16:37:30Z,OpticOdds,https://sportsbook.draftkings.com/event/34107951?outcomes=0QA334322764%232150674731_13L88808Q1-74207927Q20,https://sportsbook.draftkings.com/event/34107951?outcomes=0QA334322712%232150673140_13L88808Q1-519559035Q20,player_interceptions,20260911F39A2BD0,DD2E6E11452C,matthew_stafford:0.5,78014-13184-26-36:draftkings:player_interceptions:matthew_stafford_over_0_5,78014-13184-26-36:draftkings:player_interceptions:matthew_stafford_under_0_5,returned,Over/Under,[0.5](claim:119),[+113](claim:120),[-144](claim:121),O: [2026-09-10 06:03:03 EDT](claim:123); U: [2026-09-10 06:03:03 EDT](claim:125),[DraftKings via OpticOdds](claim:8)
Matthew Stafford,Interceptions thrown,,,,FanDuel,,,2026-09-10T16:37:30Z,,,,,,,,,,not_returned,,,,,,
Matthew Stafford,Interceptions thrown,0.5,113,-148,Caesars,2026-09-10T10:58:23.014535+00:00,2026-09-10T10:58:23.014535+00:00,2026-09-10T16:37:30Z,OpticOdds,https://sportsbook.caesars.com/<COUNTRY>/<STATE>/bet/betslip?selectionIds=ec022731-baa0-3e26-b25e-578dd9da0fd9,https://sportsbook.caesars.com/<COUNTRY>/<STATE>/bet/betslip?selectionIds=f456454d-2ad8-34f6-8f00-7e387c595d53,player_interceptions,20260911F39A2BD0,DD2E6E11452C,matthew_stafford:0.5,78014-13184-26-36:caesars:player_interceptions:matthew_stafford_over_0_5,78014-13184-26-36:caesars:player_interceptions:matthew_stafford_under_0_5,returned,Over/Under,[0.5](claim:126),[+113](claim:127),[-148](claim:128),O: [2026-09-10 06:58:23 EDT](claim:130); U: [2026-09-10 06:58:23 EDT](claim:132),[Caesars via OpticOdds](claim:16)
Matthew Stafford,Interceptions thrown,,,,BetMGM,,,2026-09-10T16:37:30Z,,,,,,,,,,not_returned,,,,,,
Matthew Stafford,Interceptions thrown,0.5,-105,,Fanatics,2026-09-10T15:43:09.532910+00:00,,2026-09-10T16:37:30Z,OpticOdds,https://fanatics.onelink.me/5kut?deep_link_sub1=%7B%22legs%22%3A%5B%7B%22eventId%22%3A%224488987%22%2C%22marketId%22%3A%22697317448%22%2C%22selectionId%22%3A%221720032518%22%7D%5D%7D&deep_link_value=consume-betslip,,player_interceptions,20260911F39A2BD0,DD2E6E11452C,matthew_stafford:0.5,78014-13184-26-36:fanatics:player_interceptions:matthew_stafford_over_0_5,,returned,Over/Under,[0.5](claim:133),[-105](claim:134),n.a.,O: [2026-09-10 11:43:09 EDT](claim:136),[Fanatics via OpticOdds](claim:24)
Matthew Stafford,Interceptions thrown,0.5,110,-140,ESPN BET,2026-09-10T11:04:15.128645+00:00,2026-09-10T11:04:15.128645+00:00,2026-09-10T16:37:30Z,OpticOdds,,,player_interceptions,20260911F39A2BD0,DD2E6E11452C,matthew_stafford:0.5,78014-13184-26-36:espn_bet:player_interceptions:matthew_stafford_over_0_5,78014-13184-26-36:espn_bet:player_interceptions:matthew_stafford_under_0_5,returned,Over/Under,[0.5](claim:137),[+110](claim:138),[-140](claim:139),O: [2026-09-10 07:04:15 EDT](claim:141); U: [2026-09-10 07:04:15 EDT](claim:143),[ESPN BET via OpticOdds](claim:32)
Matthew Stafford,Interceptions thrown,,,,Pinnacle,,,2026-09-10T16:37:30Z,,,,,,,,,,not_returned,,,,,,
Brock Purdy,Pass attempts,33.5,-119,-106,DraftKings,2026-09-10T16:11:53.924384+00:00,2026-09-10T08:59:04.320542+00:00,2026-09-10T16:37:30Z,OpticOdds,https://sportsbook.draftkings.com/event/34107951?outcomes=0QA334322413%232150673417_13L88808Q1-423965071Q20,https://sportsbook.draftkings.com/event/34107951?outcomes=0QA334322188%232169878357_13L88808Q1291074885Q20,player_passing_attempts,20260911F39A2BD0,337418C8A92F,brock_purdy:33.5,78014-13184-26-36:draftkings:player_passing_attempts:brock_purdy_over_33_5,78014-13184-26-36:draftkings:player_passing_attempts:brock_purdy_under_33_5,returned,Over/Under,[33.5](claim:144),[-119](claim:145),[-106](claim:146),O: [2026-09-10 12:11:53 EDT](claim:148); U: [2026-09-10 04:59:04 EDT](claim:150),[DraftKings via OpticOdds](claim:8)
Brock Purdy,Pass attempts,,,,FanDuel,,,2026-09-10T16:37:30Z,,,,,,,,,,not_returned,,,,,,
Brock Purdy,Pass attempts,34.5,-132,100,Caesars,2026-09-10T16:36:43.554403+00:00,2026-09-10T16:36:43.554403+00:00,2026-09-10T16:37:30Z,OpticOdds,https://sportsbook.caesars.com/<COUNTRY>/<STATE>/bet/betslip?selectionIds=c2edd425-3b84-3f44-a364-b0d795c59e97,https://sportsbook.caesars.com/<COUNTRY>/<STATE>/bet/betslip?selectionIds=dc57d6df-5839-3a13-9efd-37f5e395c124,player_passing_attempts,20260911F39A2BD0,337418C8A92F,brock_purdy:34.5,78014-13184-26-36:caesars:player_passing_attempts:brock_purdy_over_34_5,78014-13184-26-36:caesars:player_passing_attempts:brock_purdy_under_34_5,returned,Over/Under,[34.5](claim:151),[-132](claim:152),[+100](claim:153),O: [2026-09-10 12:36:43 EDT](claim:155); U: [2026-09-10 12:36:43 EDT](claim:157),[Caesars via OpticOdds](claim:16)
Brock Purdy,Pass attempts,,,,BetMGM,,,2026-09-10T16:37:30Z,,,,,,,,,,not_returned,,,,,,
Brock Purdy,Pass attempts,34.5,-110,-120,Fanatics,2026-09-10T16:35:16.412993+00:00,2026-09-10T16:35:16.412993+00:00,2026-09-10T16:37:30Z,OpticOdds,https://fanatics.onelink.me/5kut?deep_link_sub1=%7B%22legs%22%3A%5B%7B%22eventId%22%3A%224488987%22%2C%22marketId%22%3A%22697321159%22%2C%22selectionId%22%3A%221720041274%22%7D%5D%7D&deep_link_value=consume-betslip,https://fanatics.onelink.me/5kut?deep_link_sub1=%7B%22legs%22%3A%5B%7B%22eventId%22%3A%224488987%22%2C%22marketId%22%3A%22697321159%22%2C%22selectionId%22%3A%221720041278%22%7D%5D%7D&deep_link_value=consume-betslip,player_passing_attempts,20260911F39A2BD0,337418C8A92F,brock_purdy:34.5,78014-13184-26-36:fanatics:player_passing_attempts:brock_purdy_over_34_5,78014-13184-26-36:fanatics:player_passing_attempts:brock_purdy_under_34_5,returned,Over/Under,[34.5](claim:158),[-110](claim:159),[-120](claim:160),O: [2026-09-10 12:35:16 EDT](claim:162); U: [2026-09-10 12:35:16 EDT](claim:164),[Fanatics via OpticOdds](claim:24)
Brock Purdy,Pass attempts,33.5,-125,-105,ESPN BET,2026-09-10T13:40:41.581020+00:00,2026-09-10T13:40:41.581020+00:00,2026-09-10T16:37:30Z,OpticOdds,,,player_passing_attempts,20260911F39A2BD0,337418C8A92F,brock_purdy:33.5,78014-13184-26-36:espn_bet:player_passing_attempts:brock_purdy_over_33_5,78014-13184-26-36:espn_bet:player_passing_attempts:brock_purdy_under_33_5,returned,Over/Under,[33.5](claim:165),[-125](claim:166),[-105](claim:167),O: [2026-09-10 09:40:41 EDT](claim:169); U: [2026-09-10 09:40:41 EDT](claim:171),[ESPN BET via OpticOdds](claim:32)
Brock Purdy,Pass attempts,,,,Pinnacle,,,2026-09-10T16:37:30Z,,,,,,,,,,not_returned,,,,,,
Brock Purdy,Passing yards,242.5,-113,-111,DraftKings,2026-09-10T16:13:45.282745+00:00,2026-09-10T16:13:45.282745+00:00,2026-09-10T16:37:30Z,OpticOdds,https://sportsbook.draftkings.com/event/34107951?outcomes=0QA334322269%232256896799_13L88808Q1-509212501Q20,https://sportsbook.draftkings.com/event/34107951?outcomes=0QA334322597%232256896797_13L88808Q1-1303259054Q20,player_passing_yards,20260911F39A2BD0,337418C8A92F,brock_purdy:242.5,78014-13184-26-36:draftkings:player_passing_yards:brock_purdy_over_242_5,78014-13184-26-36:draftkings:player_passing_yards:brock_purdy_under_242_5,returned,Over/Under,[242.5](claim:172),[-113](claim:173),[-111](claim:174),O: [2026-09-10 12:13:45 EDT](claim:176); U: [2026-09-10 12:13:45 EDT](claim:178),[DraftKings via OpticOdds](claim:8)
Brock Purdy,Passing yards,238.5,-113,-113,FanDuel,2026-09-10T13:13:59.255303+00:00,2026-09-10T13:13:59.255303+00:00,2026-09-10T16:37:30Z,OpticOdds,https://sportsbook.fanduel.com/addToBetslip?marketId=42.601439853&selectionId=41074310,https://sportsbook.fanduel.com/addToBetslip?marketId=42.601439853&selectionId=41074309,player_passing_yards,20260911F39A2BD0,337418C8A92F,brock_purdy:238.5,78014-13184-26-36:fanduel:player_passing_yards:brock_purdy_over_238_5,78014-13184-26-36:fanduel:player_passing_yards:brock_purdy_under_238_5,returned,Over/Under,[238.5](claim:179),[-113](claim:180),[-113](claim:181),O: [2026-09-10 09:13:59 EDT](claim:183); U: [2026-09-10 09:13:59 EDT](claim:185),[FanDuel via OpticOdds](claim:47)
Brock Purdy,Passing yards,241.5,-113,-115,Caesars,2026-09-10T15:58:43.119446+00:00,2026-09-10T15:58:43.119446+00:00,2026-09-10T16:37:30Z,OpticOdds,https://sportsbook.caesars.com/<COUNTRY>/<STATE>/bet/betslip?selectionIds=99360927-ee0c-35b3-b5a0-04c84617bc09,https://sportsbook.caesars.com/<COUNTRY>/<STATE>/bet/betslip?selectionIds=e734eb93-d0a1-3426-ab1f-fda94547610f,player_passing_yards,20260911F39A2BD0,337418C8A92F,brock_purdy:241.5,78014-13184-26-36:caesars:player_passing_yards:brock_purdy_over_241_5,78014-13184-26-36:caesars:player_passing_yards:brock_purdy_under_241_5,returned,Over/Under,[241.5](claim:186),[-113](claim:187),[-115](claim:188),O: [2026-09-10 11:58:43 EDT](claim:190); U: [2026-09-10 11:58:43 EDT](claim:192),[Caesars via OpticOdds](claim:16)
Brock Purdy,Passing yards,,,,BetMGM,,,2026-09-10T16:37:30Z,,,,,,,,,,not_returned,,,,,,
Brock Purdy,Passing yards,245.5,-115,-115,Fanatics,2026-09-10T16:35:16.412993+00:00,2026-09-10T16:35:16.412993+00:00,2026-09-10T16:37:30Z,OpticOdds,https://fanatics.onelink.me/5kut?deep_link_sub1=%7B%22legs%22%3A%5B%7B%22eventId%22%3A%224488987%22%2C%22marketId%22%3A%22685288002%22%2C%22selectionId%22%3A%221690403480%22%7D%5D%7D&deep_link_value=consume-betslip,https://fanatics.onelink.me/5kut?deep_link_sub1=%7B%22legs%22%3A%5B%7B%22eventId%22%3A%224488987%22%2C%22marketId%22%3A%22685288002%22%2C%22selectionId%22%3A%221690403485%22%7D%5D%7D&deep_link_value=consume-betslip,player_passing_yards,20260911F39A2BD0,337418C8A92F,brock_purdy:245.5,78014-13184-26-36:fanatics:player_passing_yards:brock_purdy_over_245_5,78014-13184-26-36:fanatics:player_passing_yards:brock_purdy_under_245_5,returned,Over/Under,[245.5](claim:193),[-115](claim:194),[-115](claim:195),O: [2026-09-10 12:35:16 EDT](claim:197); U: [2026-09-10 12:35:16 EDT](claim:199),[Fanatics via OpticOdds](claim:24)
Brock Purdy,Passing yards,234.5,-120,-110,ESPN BET,2026-09-10T13:15:26.832926+00:00,2026-09-10T13:15:26.832926+00:00,2026-09-10T16:37:30Z,OpticOdds,,,player_passing_yards,20260911F39A2BD0,337418C8A92F,brock_purdy:234.5,78014-13184-26-36:espn_bet:player_passing_yards:brock_purdy_over_234_5,78014-13184-26-36:espn_bet:player_passing_yards:brock_purdy_under_234_5,returned,Over/Under,[234.5](claim:200),[-120](claim:201),[-110](claim:202),O: [2026-09-10 09:15:26 EDT](claim:204); U: [2026-09-10 09:15:26 EDT](claim:206),[ESPN BET via OpticOdds](claim:32)
Brock Purdy,Passing yards,243.5,104,-126,Pinnacle,2026-09-10T16:21:05.667494+00:00,2026-09-10T16:21:05.667494+00:00,2026-09-10T16:37:30Z,OpticOdds,https://www.pinnacle.com/en/football/nfl/san-francisco-49ers-vs-los-angeles-rams/1630877987/#player-props,https://www.pinnacle.com/en/football/nfl/san-francisco-49ers-vs-los-angeles-rams/1630877987/#player-props,player_passing_yards,20260911F39A2BD0,337418C8A92F,brock_purdy:243.5,78014-13184-26-36:pinnacle:player_passing_yards:brock_purdy_over_243_5,78014-13184-26-36:pinnacle:player_passing_yards:brock_purdy_under_243_5,returned,Over/Under,[243.5](claim:207),[+104](claim:208),[-126](claim:209),O: [2026-09-10 12:21:05 EDT](claim:211); U: [2026-09-10 12:21:05 EDT](claim:213),[Pinnacle via OpticOdds](claim:76)
Brock Purdy,Passing TD,1.5,101,-128,DraftKings,2026-09-10T08:59:04.320542+00:00,2026-09-10T08:59:04.320542+00:00,2026-09-10T16:37:30Z,OpticOdds,https://sportsbook.draftkings.com/event/34107951?outcomes=0QA334322623%232150673729_13L88808Q1-23661583Q20,https://sportsbook.draftkings.com/event/34107951?outcomes=0QA334322623%232150673841_13L88808Q1-1720642580Q20,player_passing_touchdowns,20260911F39A2BD0,337418C8A92F,brock_purdy:1.5,78014-13184-26-36:draftkings:player_passing_touchdowns:brock_purdy_over_1_5,78014-13184-26-36:draftkings:player_passing_touchdowns:brock_purdy_under_1_5,returned,Over/Under,[1.5](claim:214),[+101](claim:215),[-128](claim:216),O: [2026-09-10 04:59:04 EDT](claim:218); U: [2026-09-10 04:59:04 EDT](claim:220),[DraftKings via OpticOdds](claim:8)
Brock Purdy,Passing TD,1.5,-106,-122,FanDuel,2026-09-10T14:04:00.010128+00:00,2026-09-10T14:04:00.010128+00:00,2026-09-10T16:37:30Z,OpticOdds,https://sportsbook.fanduel.com/addToBetslip?marketId=42.601439859&selectionId=60262710,https://sportsbook.fanduel.com/addToBetslip?marketId=42.601439857&selectionId=41074309,player_passing_touchdowns,20260911F39A2BD0,337418C8A92F,brock_purdy:1.5,78014-13184-26-36:fanduel:player_passing_touchdowns:brock_purdy_over_1_5,78014-13184-26-36:fanduel:player_passing_touchdowns:brock_purdy_under_1_5,returned,Over/Under,[1.5](claim:221),[-106](claim:222),[-122](claim:223),O: [2026-09-10 10:04:00 EDT](claim:225); U: [2026-09-10 10:04:00 EDT](claim:227),[FanDuel via OpticOdds](claim:47)
Brock Purdy,Passing TD,1.5,-104,-125,Caesars,2026-09-10T10:58:23.014535+00:00,2026-09-10T10:58:23.014535+00:00,2026-09-10T16:37:30Z,OpticOdds,https://sportsbook.caesars.com/<COUNTRY>/<STATE>/bet/betslip?selectionIds=7b818748-b67d-37d4-af5c-ee715130584b,https://sportsbook.caesars.com/<COUNTRY>/<STATE>/bet/betslip?selectionIds=10f1a9fd-26ae-35bf-ae2a-2e4b01e990af,player_passing_touchdowns,20260911F39A2BD0,337418C8A92F,brock_purdy:1.5,78014-13184-26-36:caesars:player_passing_touchdowns:brock_purdy_over_1_5,78014-13184-26-36:caesars:player_passing_touchdowns:brock_purdy_under_1_5,returned,Over/Under,[1.5](claim:228),[-104](claim:229),[-125](claim:230),O: [2026-09-10 06:58:23 EDT](claim:232); U: [2026-09-10 06:58:23 EDT](claim:234),[Caesars via OpticOdds](claim:16)
Brock Purdy,Passing TD,,,,BetMGM,,,2026-09-10T16:37:30Z,,,,,,,,,,not_returned,,,,,,
Brock Purdy,Passing TD,1.5,-120,-110,Fanatics,2026-09-10T16:35:16.412993+00:00,2026-09-10T16:35:16.412993+00:00,2026-09-10T16:37:30Z,OpticOdds,https://fanatics.onelink.me/5kut?deep_link_sub1=%7B%22legs%22%3A%5B%7B%22eventId%22%3A%224488987%22%2C%22marketId%22%3A%22689767697%22%2C%22selectionId%22%3A%221701502675%22%7D%5D%7D&deep_link_value=consume-betslip,https://fanatics.onelink.me/5kut?deep_link_sub1=%7B%22legs%22%3A%5B%7B%22eventId%22%3A%224488987%22%2C%22marketId%22%3A%22689767697%22%2C%22selectionId%22%3A%221701502677%22%7D%5D%7D&deep_link_value=consume-betslip,player_passing_touchdowns,20260911F39A2BD0,337418C8A92F,brock_purdy:1.5,78014-13184-26-36:fanatics:player_passing_touchdowns:brock_purdy_over_1_5,78014-13184-26-36:fanatics:player_passing_touchdowns:brock_purdy_under_1_5,returned,Over/Under,[1.5](claim:235),[-120](claim:236),[-110](claim:237),O: [2026-09-10 12:35:16 EDT](claim:239); U: [2026-09-10 12:35:16 EDT](claim:241),[Fanatics via OpticOdds](claim:24)
Brock Purdy,Passing TD,1.5,-105,-125,ESPN BET,2026-09-10T14:04:13.496964+00:00,2026-09-10T14:04:13.496964+00:00,2026-09-10T16:37:30Z,OpticOdds,,,player_passing_touchdowns,20260911F39A2BD0,337418C8A92F,brock_purdy:1.5,78014-13184-26-36:espn_bet:player_passing_touchdowns:brock_purdy_over_1_5,78014-13184-26-36:espn_bet:player_passing_touchdowns:brock_purdy_under_1_5,returned,Over/Under,[1.5](claim:242),[-105](claim:243),[-125](claim:244),O: [2026-09-10 10:04:13 EDT](claim:246); U: [2026-09-10 10:04:13 EDT](claim:248),[ESPN BET via OpticOdds](claim:32)
Brock Purdy,Passing TD,1.5,-102,-118,Pinnacle,2026-09-10T16:18:06.964536+00:00,2026-09-10T16:18:06.964536+00:00,2026-09-10T16:37:30Z,OpticOdds,https://www.pinnacle.com/en/football/nfl/san-francisco-49ers-vs-los-angeles-rams/1630877987/#player-props,https://www.pinnacle.com/en/football/nfl/san-francisco-49ers-vs-los-angeles-rams/1630877987/#player-props,player_passing_touchdowns,20260911F39A2BD0,337418C8A92F,brock_purdy:1.5,78014-13184-26-36:pinnacle:player_passing_touchdowns:brock_purdy_over_1_5,78014-13184-26-36:pinnacle:player_passing_touchdowns:brock_purdy_under_1_5,returned,Over/Under,[1.5](claim:249),[-102](claim:250),[-118](claim:251),O: [2026-09-10 12:18:06 EDT](claim:253); U: [2026-09-10 12:18:06 EDT](claim:255),[Pinnacle via OpticOdds](claim:76)
Brock Purdy,Interceptions thrown,0.5,-154,120,DraftKings,2026-09-10T13:02:56.436612+00:00,2026-09-10T13:02:56.436612+00:00,2026-09-10T16:37:30Z,OpticOdds,https://sportsbook.draftkings.com/event/34107951?outcomes=0QA334322906%232150673256_13L88808Q1-74207927Q20,https://sportsbook.draftkings.com/event/34107951?outcomes=0QA334322439%232150672550_13L88808Q1-519559035Q20,player_interceptions,20260911F39A2BD0,337418C8A92F,brock_purdy:0.5,78014-13184-26-36:draftkings:player_interceptions:brock_purdy_over_0_5,78014-13184-26-36:draftkings:player_interceptions:brock_purdy_under_0_5,returned,Over/Under,[0.5](claim:256),[-154](claim:257),[+120](claim:258),O: [2026-09-10 09:02:56 EDT](claim:260); U: [2026-09-10 09:02:56 EDT](claim:262),[DraftKings via OpticOdds](claim:8)
Brock Purdy,Interceptions thrown,,,,FanDuel,,,2026-09-10T16:37:30Z,,,,,,,,,,not_returned,,,,,,
Brock Purdy,Interceptions thrown,0.5,-154,118,Caesars,2026-09-10T13:04:41.362691+00:00,2026-09-10T13:04:41.362691+00:00,2026-09-10T16:37:30Z,OpticOdds,https://sportsbook.caesars.com/<COUNTRY>/<STATE>/bet/betslip?selectionIds=b7dde11a-1e64-31eb-a8bb-74ab1116ec39,https://sportsbook.caesars.com/<COUNTRY>/<STATE>/bet/betslip?selectionIds=d6bfcfdc-3b10-3d10-8062-10a5381a325b,player_interceptions,20260911F39A2BD0,337418C8A92F,brock_purdy:0.5,78014-13184-26-36:caesars:player_interceptions:brock_purdy_over_0_5,78014-13184-26-36:caesars:player_interceptions:brock_purdy_under_0_5,returned,Over/Under,[0.5](claim:263),[-154](claim:264),[+118](claim:265),O: [2026-09-10 09:04:41 EDT](claim:267); U: [2026-09-10 09:04:41 EDT](claim:269),[Caesars via OpticOdds](claim:16)
Brock Purdy,Interceptions thrown,,,,BetMGM,,,2026-09-10T16:37:30Z,,,,,,,,,,not_returned,,,,,,
Brock Purdy,Interceptions thrown,0.5,-150,,Fanatics,2026-09-10T15:38:36.135414+00:00,,2026-09-10T16:37:30Z,OpticOdds,https://fanatics.onelink.me/5kut?deep_link_sub1=%7B%22legs%22%3A%5B%7B%22eventId%22%3A%224488987%22%2C%22marketId%22%3A%22697317440%22%2C%22selectionId%22%3A%221720032497%22%7D%5D%7D&deep_link_value=consume-betslip,,player_interceptions,20260911F39A2BD0,337418C8A92F,brock_purdy:0.5,78014-13184-26-36:fanatics:player_interceptions:brock_purdy_over_0_5,,returned,Over/Under,[0.5](claim:270),[-150](claim:271),n.a.,O: [2026-09-10 11:38:36 EDT](claim:273),[Fanatics via OpticOdds](claim:24)
Brock Purdy,Interceptions thrown,0.5,-175,135,ESPN BET,2026-09-10T13:33:42.247054+00:00,2026-09-10T13:33:42.247054+00:00,2026-09-10T16:37:30Z,OpticOdds,,,player_interceptions,20260911F39A2BD0,337418C8A92F,brock_purdy:0.5,78014-13184-26-36:espn_bet:player_interceptions:brock_purdy_over_0_5,78014-13184-26-36:espn_bet:player_interceptions:brock_purdy_under_0_5,returned,Over/Under,[0.5](claim:274),[-175](claim:275),[+135](claim:276),O: [2026-09-10 09:33:42 EDT](claim:278); U: [2026-09-10 09:33:42 EDT](claim:280),[ESPN BET via OpticOdds](claim:32)
Brock Purdy,Interceptions thrown,,,,Pinnacle,,,2026-09-10T16:37:30Z,,,,,,,,,,not_returned,,,,,,
Brock Purdy,Rushing yards,18.5,-116,-109,DraftKings,2026-09-10T14:27:57.143738+00:00,2026-09-10T14:27:57.143738+00:00,2026-09-10T16:37:30Z,OpticOdds,https://sportsbook.draftkings.com/event/34107951?outcomes=0QA334322759%232272702186_13L88808Q12058097256Q20,https://sportsbook.draftkings.com/event/34107951?outcomes=0QA334322847%232272702185_13L88808Q1465511396Q20,player_rushing_yards,20260911F39A2BD0,337418C8A92F,brock_purdy:18.5,78014-13184-26-36:draftkings:player_rushing_yards:brock_purdy_over_18_5,78014-13184-26-36:draftkings:player_rushing_yards:brock_purdy_under_18_5,returned,Over/Under,[18.5](claim:281),[-116](claim:282),[-109](claim:283),O: [2026-09-10 10:27:57 EDT](claim:285); U: [2026-09-10 10:27:57 EDT](claim:287),[DraftKings via OpticOdds](claim:8)
Brock Purdy,Rushing yards,17.5,-113,-113,FanDuel,2026-09-10T11:04:17.787807+00:00,2026-09-10T11:04:17.787807+00:00,2026-09-10T16:37:30Z,OpticOdds,https://sportsbook.fanduel.com/addToBetslip?marketId=42.601446470&selectionId=41074310,https://sportsbook.fanduel.com/addToBetslip?marketId=42.601446470&selectionId=41074309,player_rushing_yards,20260911F39A2BD0,337418C8A92F,brock_purdy:17.5,78014-13184-26-36:fanduel:player_rushing_yards:brock_purdy_over_17_5,78014-13184-26-36:fanduel:player_rushing_yards:brock_purdy_under_17_5,returned,Over/Under,[17.5](claim:288),[-113](claim:289),[-113](claim:290),O: [2026-09-10 07:04:17 EDT](claim:292); U: [2026-09-10 07:04:17 EDT](claim:294),[FanDuel via OpticOdds](claim:47)
Brock Purdy,Rushing yards,18.5,-110,-118,Caesars,2026-09-10T10:58:23.014535+00:00,2026-09-10T10:58:23.014535+00:00,2026-09-10T16:37:30Z,OpticOdds,https://sportsbook.caesars.com/<COUNTRY>/<STATE>/bet/betslip?selectionIds=099b773f-c313-3ee7-8cd2-a59299c13b33,https://sportsbook.caesars.com/<COUNTRY>/<STATE>/bet/betslip?selectionIds=90f1cf23-ffc7-3525-9f85-0815860677d8,player_rushing_yards,20260911F39A2BD0,337418C8A92F,brock_purdy:18.5,78014-13184-26-36:caesars:player_rushing_yards:brock_purdy_over_18_5,78014-13184-26-36:caesars:player_rushing_yards:brock_purdy_under_18_5,returned,Over/Under,[18.5](claim:295),[-110](claim:296),[-118](claim:297),O: [2026-09-10 06:58:23 EDT](claim:299); U: [2026-09-10 06:58:23 EDT](claim:301),[Caesars via OpticOdds](claim:16)
Brock Purdy,Rushing yards,,,,BetMGM,,,2026-09-10T16:37:30Z,,,,,,,,,,not_returned,,,,,,
Brock Purdy,Rushing yards,15.5,-140,105,Fanatics,2026-09-10T11:05:15.565553+00:00,2026-09-10T11:04:55.241379+00:00,2026-09-10T16:37:30Z,OpticOdds,https://fanatics.onelink.me/5kut?deep_link_sub1=%7B%22legs%22%3A%5B%7B%22eventId%22%3A%224488987%22%2C%22marketId%22%3A%22685288445%22%2C%22selectionId%22%3A%221690404625%22%7D%5D%7D&deep_link_value=consume-betslip,https://fanatics.onelink.me/5kut?deep_link_sub1=%7B%22legs%22%3A%5B%7B%22eventId%22%3A%224488987%22%2C%22marketId%22%3A%22685288445%22%2C%22selectionId%22%3A%221690404629%22%7D%5D%7D&deep_link_value=consume-betslip,player_rushing_yards,20260911F39A2BD0,337418C8A92F,brock_purdy:15.5,78014-13184-26-36:fanatics:player_rushing_yards:brock_purdy_over_15_5,78014-13184-26-36:fanatics:player_rushing_yards:brock_purdy_under_15_5,returned,Over/Under,[15.5](claim:302),[-140](claim:303),[+105](claim:304),O: [2026-09-10 07:05:15 EDT](claim:306); U: [2026-09-10 07:04:55 EDT](claim:308),[Fanatics via OpticOdds](claim:24)
Brock Purdy,Rushing yards,19.5,100,-130,ESPN BET,2026-09-10T15:42:41.929770+00:00,2026-09-10T15:42:41.929770+00:00,2026-09-10T16:37:30Z,OpticOdds,,,player_rushing_yards,20260911F39A2BD0,337418C8A92F,brock_purdy:19.5,78014-13184-26-36:espn_bet:player_rushing_yards:brock_purdy_over_19_5,78014-13184-26-36:espn_bet:player_rushing_yards:brock_purdy_under_19_5,returned,Over/Under,[19.5](claim:309),[+100](claim:310),[-130](claim:311),O: [2026-09-10 11:42:41 EDT](claim:313); U: [2026-09-10 11:42:41 EDT](claim:315),[ESPN BET via OpticOdds](claim:32)
Brock Purdy,Rushing yards,17.5,-117,-103,Pinnacle,2026-09-10T16:18:06.942714+00:00,2026-09-10T16:18:06.942714+00:00,2026-09-10T16:37:30Z,OpticOdds,https://www.pinnacle.com/en/football/nfl/san-francisco-49ers-vs-los-angeles-rams/1630877987/#player-props,https://www.pinnacle.com/en/football/nfl/san-francisco-49ers-vs-los-angeles-rams/1630877987/#player-props,player_rushing_yards,20260911F39A2BD0,337418C8A92F,brock_purdy:17.5,78014-13184-26-36:pinnacle:player_rushing_yards:brock_purdy_over_17_5,78014-13184-26-36:pinnacle:player_rushing_yards:brock_purdy_under_17_5,returned,Over/Under,[17.5](claim:316),[-117](claim:317),[-103](claim:318),O: [2026-09-10 12:18:06 EDT](claim:320); U: [2026-09-10 12:18:06 EDT](claim:322),[Pinnacle via OpticOdds](claim:76)
Puka Nacua,Receptions,7.5,108,-137,DraftKings,2026-09-10T16:17:02.275114+00:00,2026-09-10T16:17:02.275114+00:00,2026-09-10T16:37:30Z,OpticOdds,https://sportsbook.draftkings.com/event/34107951?outcomes=0QA334322675%232150674168_13L88808Q1-1412470928Q20,https://sportsbook.draftkings.com/event/34107951?outcomes=0QA334322589%232151987452_13L88808Q1464456509Q20,player_receptions,20260911F39A2BD0,3EFD62DFAF78,puka_nacua:7.5,78014-13184-26-36:draftkings:player_receptions:puka_nacua_over_7_5,78014-13184-26-36:draftkings:player_receptions:puka_nacua_under_7_5,returned,Over/Under,[7.5](claim:323),[+108](claim:324),[-137](claim:325),O: [2026-09-10 12:17:02 EDT](claim:327); U: [2026-09-10 12:17:02 EDT](claim:329),[DraftKings via OpticOdds](claim:8)
Puka Nacua,Receptions,7.5,116,-154,FanDuel,2026-09-10T11:04:17.787807+00:00,2026-09-10T11:04:17.787807+00:00,2026-09-10T16:37:30Z,OpticOdds,https://sportsbook.fanduel.com/addToBetslip?marketId=42.601443992&selectionId=41887349,https://sportsbook.fanduel.com/addToBetslip?marketId=42.601443992&selectionId=41887350,player_receptions,20260911F39A2BD0,3EFD62DFAF78,puka_nacua:7.5,78014-13184-26-36:fanduel:player_receptions:puka_nacua_over_7_5,78014-13184-26-36:fanduel:player_receptions:puka_nacua_under_7_5,returned,Over/Under,[7.5](claim:330),[+116](claim:331),[-154](claim:332),O: [2026-09-10 07:04:17 EDT](claim:334); U: [2026-09-10 07:04:17 EDT](claim:336),[FanDuel via OpticOdds](claim:47)
Puka Nacua,Receptions,7.5,113,-148,Caesars,2026-09-10T10:58:23.014535+00:00,2026-09-10T10:58:23.014535+00:00,2026-09-10T16:37:30Z,OpticOdds,https://sportsbook.caesars.com/<COUNTRY>/<STATE>/bet/betslip?selectionIds=11c46168-988b-34c6-9565-b84494fd6232,https://sportsbook.caesars.com/<COUNTRY>/<STATE>/bet/betslip?selectionIds=080e4fb9-4188-3213-bf7e-9d578ad636eb,player_receptions,20260911F39A2BD0,3EFD62DFAF78,puka_nacua:7.5,78014-13184-26-36:caesars:player_receptions:puka_nacua_over_7_5,78014-13184-26-36:caesars:player_receptions:puka_nacua_under_7_5,returned,Over/Under,[7.5](claim:337),[+113](claim:338),[-148](claim:339),O: [2026-09-10 06:58:23 EDT](claim:341); U: [2026-09-10 06:58:23 EDT](claim:343),[Caesars via OpticOdds](claim:16)
Puka Nacua,Receptions,,,,BetMGM,,,2026-09-10T16:37:30Z,,,,,,,,,,not_returned,,,,,,
Puka Nacua,Receptions,7.5,110,-150,Fanatics,2026-09-10T10:27:52.126196+00:00,2026-09-10T10:27:52.126196+00:00,2026-09-10T16:37:30Z,OpticOdds,https://fanatics.onelink.me/5kut?deep_link_sub1=%7B%22legs%22%3A%5B%7B%22eventId%22%3A%224488987%22%2C%22marketId%22%3A%22689767705%22%2C%22selectionId%22%3A%221701502699%22%7D%5D%7D&deep_link_value=consume-betslip,https://fanatics.onelink.me/5kut?deep_link_sub1=%7B%22legs%22%3A%5B%7B%22eventId%22%3A%224488987%22%2C%22marketId%22%3A%22689767705%22%2C%22selectionId%22%3A%221701502705%22%7D%5D%7D&deep_link_value=consume-betslip,player_receptions,20260911F39A2BD0,3EFD62DFAF78,puka_nacua:7.5,78014-13184-26-36:fanatics:player_receptions:puka_nacua_over_7_5,78014-13184-26-36:fanatics:player_receptions:puka_nacua_under_7_5,returned,Over/Under,[7.5](claim:344),[+110](claim:345),[-150](claim:346),O: [2026-09-10 06:27:52 EDT](claim:348); U: [2026-09-10 06:27:52 EDT](claim:350),[Fanatics via OpticOdds](claim:24)
Puka Nacua,Receptions,7.5,115,-150,ESPN BET,2026-09-10T16:15:11.437014+00:00,2026-09-10T16:15:11.437011+00:00,2026-09-10T16:37:30Z,OpticOdds,,,player_receptions,20260911F39A2BD0,3EFD62DFAF78,puka_nacua:7.5,78014-13184-26-36:espn_bet:player_receptions:puka_nacua_over_7_5,78014-13184-26-36:espn_bet:player_receptions:puka_nacua_under_7_5,returned,Over/Under,[7.5](claim:351),[+115](claim:352),[-150](claim:353),O: [2026-09-10 12:15:11 EDT](claim:355); U: [2026-09-10 12:15:11 EDT](claim:357),[ESPN BET via OpticOdds](claim:32)
Puka Nacua,Receptions,7.5,105,-127,Pinnacle,2026-09-10T16:18:07.124673+00:00,2026-09-10T16:18:07.124673+00:00,2026-09-10T16:37:30Z,OpticOdds,https://www.pinnacle.com/en/football/nfl/san-francisco-49ers-vs-los-angeles-rams/1630877987/#player-props,https://www.pinnacle.com/en/football/nfl/san-francisco-49ers-vs-los-angeles-rams/1630877987/#player-props,player_receptions,20260911F39A2BD0,3EFD62DFAF78,puka_nacua:7.5,78014-13184-26-36:pinnacle:player_receptions:puka_nacua_over_7_5,78014-13184-26-36:pinnacle:player_receptions:puka_nacua_under_7_5,returned,Over/Under,[7.5](claim:358),[+105](claim:359),[-127](claim:360),O: [2026-09-10 12:18:07 EDT](claim:362); U: [2026-09-10 12:18:07 EDT](claim:364),[Pinnacle via OpticOdds](claim:76)
Puka Nacua,Receiving yards,92.5,-110,-114,DraftKings,2026-09-10T16:17:02.275111+00:00,2026-09-10T16:17:02.275111+00:00,2026-09-10T16:37:30Z,OpticOdds,https://sportsbook.draftkings.com/event/34107951?outcomes=0QA334323029%232256902059_13L88808Q1468530019Q20,https://sportsbook.draftkings.com/event/34107951?outcomes=0QA334323005%232256902055_13L88808Q1159289816Q20,player_receiving_yards,20260911F39A2BD0,3EFD62DFAF78,puka_nacua:92.5,78014-13184-26-36:draftkings:player_receiving_yards:puka_nacua_over_92_5,78014-13184-26-36:draftkings:player_receiving_yards:puka_nacua_under_92_5,returned,Over/Under,[92.5](claim:365),[-110](claim:366),[-114](claim:367),O: [2026-09-10 12:17:02 EDT](claim:369); U: [2026-09-10 12:17:02 EDT](claim:371),[DraftKings via OpticOdds](claim:8)
Puka Nacua,Receiving yards,90.5,-113,-113,FanDuel,2026-09-10T11:04:17.787807+00:00,2026-09-10T11:04:17.787807+00:00,2026-09-10T16:37:30Z,OpticOdds,https://sportsbook.fanduel.com/addToBetslip?marketId=42.601443990&selectionId=41887349,https://sportsbook.fanduel.com/addToBetslip?marketId=42.601443990&selectionId=41887350,player_receiving_yards,20260911F39A2BD0,3EFD62DFAF78,puka_nacua:90.5,78014-13184-26-36:fanduel:player_receiving_yards:puka_nacua_over_90_5,78014-13184-26-36:fanduel:player_receiving_yards:puka_nacua_under_90_5,returned,Over/Under,[90.5](claim:372),[-113](claim:373),[-113](claim:374),O: [2026-09-10 07:04:17 EDT](claim:376); U: [2026-09-10 07:04:17 EDT](claim:378),[FanDuel via OpticOdds](claim:47)
Puka Nacua,Receiving yards,90.5,-113,-115,Caesars,2026-09-10T10:58:23.014535+00:00,2026-09-10T10:58:23.014535+00:00,2026-09-10T16:37:30Z,OpticOdds,https://sportsbook.caesars.com/<COUNTRY>/<STATE>/bet/betslip?selectionIds=7a8f4ed8-0493-3882-9c2e-d49e3a738aff,https://sportsbook.caesars.com/<COUNTRY>/<STATE>/bet/betslip?selectionIds=af0a11e1-3735-34ae-bb1e-6c2b93549fe5,player_receiving_yards,20260911F39A2BD0,3EFD62DFAF78,puka_nacua:90.5,78014-13184-26-36:caesars:player_receiving_yards:puka_nacua_over_90_5,78014-13184-26-36:caesars:player_receiving_yards:puka_nacua_under_90_5,returned,Over/Under,[90.5](claim:379),[-113](claim:380),[-115](claim:381),O: [2026-09-10 06:58:23 EDT](claim:383); U: [2026-09-10 06:58:23 EDT](claim:385),[Caesars via OpticOdds](claim:16)
Puka Nacua,Receiving yards,,,,BetMGM,,,2026-09-10T16:37:30Z,,,,,,,,,,not_returned,,,,,,
Puka Nacua,Receiving yards,90.5,-115,-115,Fanatics,2026-09-10T16:02:25.404602+00:00,2026-09-10T16:02:25.404602+00:00,2026-09-10T16:37:30Z,OpticOdds,https://fanatics.onelink.me/5kut?deep_link_sub1=%7B%22legs%22%3A%5B%7B%22eventId%22%3A%224488987%22%2C%22marketId%22%3A%22685289613%22%2C%22selectionId%22%3A%221690407598%22%7D%5D%7D&deep_link_value=consume-betslip,https://fanatics.onelink.me/5kut?deep_link_sub1=%7B%22legs%22%3A%5B%7B%22eventId%22%3A%224488987%22%2C%22marketId%22%3A%22685289613%22%2C%22selectionId%22%3A%221690407605%22%7D%5D%7D&deep_link_value=consume-betslip,player_receiving_yards,20260911F39A2BD0,3EFD62DFAF78,puka_nacua:90.5,78014-13184-26-36:fanatics:player_receiving_yards:puka_nacua_over_90_5,78014-13184-26-36:fanatics:player_receiving_yards:puka_nacua_under_90_5,returned,Over/Under,[90.5](claim:386),[-115](claim:387),[-115](claim:388),O: [2026-09-10 12:02:25 EDT](claim:390); U: [2026-09-10 12:02:25 EDT](claim:392),[Fanatics via OpticOdds](claim:24)
Puka Nacua,Receiving yards,89.5,-125,-105,ESPN BET,2026-09-10T14:10:11.199018+00:00,2026-09-10T14:13:11.560920+00:00,2026-09-10T16:37:30Z,OpticOdds,,,player_receiving_yards,20260911F39A2BD0,3EFD62DFAF78,puka_nacua:89.5,78014-13184-26-36:espn_bet:player_receiving_yards:puka_nacua_over_89_5,78014-13184-26-36:espn_bet:player_receiving_yards:puka_nacua_under_89_5,returned,Over/Under,[89.5](claim:393),[-125](claim:394),[-105](claim:395),O: [2026-09-10 10:10:11 EDT](claim:397); U: [2026-09-10 10:13:11 EDT](claim:399),[ESPN BET via OpticOdds](claim:32)
Puka Nacua,Receiving yards,90.5,-111,-109,Pinnacle,2026-09-10T16:18:07.075410+00:00,2026-09-10T16:18:07.075410+00:00,2026-09-10T16:37:30Z,OpticOdds,https://www.pinnacle.com/en/football/nfl/san-francisco-49ers-vs-los-angeles-rams/1630877987/#player-props,https://www.pinnacle.com/en/football/nfl/san-francisco-49ers-vs-los-angeles-rams/1630877987/#player-props,player_receiving_yards,20260911F39A2BD0,3EFD62DFAF78,puka_nacua:90.5,78014-13184-26-36:pinnacle:player_receiving_yards:puka_nacua_over_90_5,78014-13184-26-36:pinnacle:player_receiving_yards:puka_nacua_under_90_5,returned,Over/Under,[90.5](claim:400),[-111](claim:401),[-109](claim:402),O: [2026-09-10 12:18:07 EDT](claim:404); U: [2026-09-10 12:18:07 EDT](claim:406),[Pinnacle via OpticOdds](claim:76)
Puka Nacua,Anytime TD (Yes),,115,,DraftKings,2026-09-10T16:17:02.275114+00:00,,2026-09-10T16:37:30Z,OpticOdds,https://sportsbook.draftkings.com/event/34107951?outcomes=0QA334323199%232150675659_13L88808Q1-1261907500Q20,,anytime_touchdown_scorer,20260911F39A2BD0,3EFD62DFAF78,default,78014-13184-26-36:draftkings:anytime_touchdown_scorer:puka_nacua,,returned,Yes in over_odds,n.a.,[+115](claim:407),n.a.,Yes: [2026-09-10 12:17:02 EDT](claim:409),[DraftKings via OpticOdds](claim:8)
Puka Nacua,Anytime TD (Yes),,130,,FanDuel,2026-09-10T14:35:29.701534+00:00,,2026-09-10T16:37:30Z,OpticOdds,https://sportsbook.fanduel.com/addToBetslip?marketId=42.601439826&selectionId=42127532,,anytime_touchdown_scorer,20260911F39A2BD0,3EFD62DFAF78,default,78014-13184-26-36:fanduel:anytime_touchdown_scorer:puka_nacua,,returned,Yes in over_odds,n.a.,[+130](claim:410),n.a.,Yes: [2026-09-10 10:35:29 EDT](claim:412),[FanDuel via OpticOdds](claim:47)
Puka Nacua,Anytime TD (Yes),,119,,Caesars,2026-09-10T16:20:42.188445+00:00,,2026-09-10T16:37:30Z,OpticOdds,https://sportsbook.caesars.com/<COUNTRY>/<STATE>/bet/betslip?selectionIds=93f27553-e48a-3423-94f0-a48c41ffdbf7,,anytime_touchdown_scorer,20260911F39A2BD0,3EFD62DFAF78,default,78014-13184-26-36:caesars:anytime_touchdown_scorer:puka_nacua,,returned,Yes in over_odds,n.a.,[+119](claim:413),n.a.,Yes: [2026-09-10 12:20:42 EDT](claim:415),[Caesars via OpticOdds](claim:16)
Puka Nacua,Anytime TD (Yes),,105,,BetMGM,2026-09-10T12:56:19.796803+00:00,,2026-09-10T16:37:30Z,OpticOdds,https://sports.<STATE>.betmgm.com/en/sports/events/6:43104?options=6:43104-3537741-5565475&type=Single,,anytime_touchdown_scorer,20260911F39A2BD0,3EFD62DFAF78,default,78014-13184-26-36:betmgm:anytime_touchdown_scorer:puka_nacua,,returned,Yes in over_odds,n.a.,[+105](claim:416),n.a.,Yes: [2026-09-10 08:56:19 EDT](claim:418),[BetMGM via OpticOdds](claim:419)
Puka Nacua,Anytime TD (Yes),,125,,Fanatics,2026-09-10T10:27:52.126196+00:00,,2026-09-10T16:37:30Z,OpticOdds,https://fanatics.onelink.me/5kut?deep_link_sub1=%7B%22legs%22%3A%5B%7B%22eventId%22%3A%224488987%22%2C%22marketId%22%3A%22673649157%22%2C%22selectionId%22%3A%221661246646%22%7D%5D%7D&deep_link_value=consume-betslip,,anytime_touchdown_scorer,20260911F39A2BD0,3EFD62DFAF78,default,78014-13184-26-36:fanatics:anytime_touchdown_scorer:puka_nacua,,returned,Yes in over_odds,n.a.,[+125](claim:420),n.a.,Yes: [2026-09-10 06:27:52 EDT](claim:422),[Fanatics via OpticOdds](claim:24)
Puka Nacua,Anytime TD (Yes),,120,,ESPN BET,2026-09-10T16:17:13.591527+00:00,,2026-09-10T16:37:30Z,OpticOdds,,,anytime_touchdown_scorer,20260911F39A2BD0,3EFD62DFAF78,default,78014-13184-26-36:espn_bet:anytime_touchdown_scorer:puka_nacua,,returned,Yes in over_odds,n.a.,[+120](claim:423),n.a.,Yes: [2026-09-10 12:17:13 EDT](claim:425),[ESPN BET via OpticOdds](claim:32)
Puka Nacua,Anytime TD (Yes),,,,Pinnacle,,,2026-09-10T16:37:30Z,,,,,,,,,,not_returned,,,,,,
George Kittle,Receptions,3.5,106,-135,DraftKings,2026-09-10T16:34:18.623387+00:00,2026-09-10T16:34:18.623387+00:00,2026-09-10T16:37:30Z,OpticOdds,https://sportsbook.draftkings.com/event/34107951?outcomes=0QA334322488%232151986067_13L88808Q1730991375Q20,https://sportsbook.draftkings.com/event/34107951?outcomes=0QA334322488%232151986068_13L88808Q1-616481466Q20,player_receptions,20260911F39A2BD0,42D0413964E3,george_kittle:3.5,78014-13184-26-36:draftkings:player_receptions:george_kittle_over_3_5,78014-13184-26-36:draftkings:player_receptions:george_kittle_under_3_5,returned,Over/Under,[3.5](claim:426),[+106](claim:427),[-135](claim:428),O: [2026-09-10 12:34:18 EDT](claim:430); U: [2026-09-10 12:34:18 EDT](claim:432),[DraftKings via OpticOdds](claim:8)
George Kittle,Receptions,3.5,106,-140,FanDuel,2026-09-10T15:42:30.282249+00:00,2026-09-10T15:42:30.282249+00:00,2026-09-10T16:37:30Z,OpticOdds,https://sportsbook.fanduel.com/addToBetslip?marketId=42.605285518&selectionId=20656770,https://sportsbook.fanduel.com/addToBetslip?marketId=42.605285518&selectionId=20656771,player_receptions,20260911F39A2BD0,42D0413964E3,george_kittle:3.5,78014-13184-26-36:fanduel:player_receptions:george_kittle_over_3_5,78014-13184-26-36:fanduel:player_receptions:george_kittle_under_3_5,returned,Over/Under,[3.5](claim:433),[+106](claim:434),[-140](claim:435),O: [2026-09-10 11:42:30 EDT](claim:437); U: [2026-09-10 11:42:30 EDT](claim:439),[FanDuel via OpticOdds](claim:47)
George Kittle,Receptions,3.5,112,-155,Caesars,2026-09-10T16:35:42.812656+00:00,2026-09-10T16:35:42.812656+00:00,2026-09-10T16:37:30Z,OpticOdds,https://sportsbook.caesars.com/<COUNTRY>/<STATE>/bet/betslip?selectionIds=78fa69f3-c8bc-3e3b-a3b4-e2f93ab05e00,https://sportsbook.caesars.com/<COUNTRY>/<STATE>/bet/betslip?selectionIds=ea14116e-3077-3e1f-83c0-5e228cd0f511,player_receptions,20260911F39A2BD0,42D0413964E3,george_kittle:3.5,78014-13184-26-36:caesars:player_receptions:george_kittle_over_3_5,78014-13184-26-36:caesars:player_receptions:george_kittle_under_3_5,returned,Over/Under,[3.5](claim:440),[+112](claim:441),[-155](claim:442),O: [2026-09-10 12:35:42 EDT](claim:444); U: [2026-09-10 12:35:42 EDT](claim:446),[Caesars via OpticOdds](claim:16)
George Kittle,Receptions,,,,BetMGM,,,2026-09-10T16:37:30Z,,,,,,,,,,not_returned,,,,,,
George Kittle,Receptions,4.5,170,-245,Fanatics,2026-09-10T16:35:16.412993+00:00,2026-09-10T16:35:16.412993+00:00,2026-09-10T16:37:30Z,OpticOdds,https://fanatics.onelink.me/5kut?deep_link_sub1=%7B%22legs%22%3A%5B%7B%22eventId%22%3A%224488987%22%2C%22marketId%22%3A%22697329278%22%2C%22selectionId%22%3A%221720060640%22%7D%5D%7D&deep_link_value=consume-betslip,https://fanatics.onelink.me/5kut?deep_link_sub1=%7B%22legs%22%3A%5B%7B%22eventId%22%3A%224488987%22%2C%22marketId%22%3A%22697329278%22%2C%22selectionId%22%3A%221720060649%22%7D%5D%7D&deep_link_value=consume-betslip,player_receptions,20260911F39A2BD0,42D0413964E3,george_kittle:4.5,78014-13184-26-36:fanatics:player_receptions:george_kittle_over_4_5,78014-13184-26-36:fanatics:player_receptions:george_kittle_under_4_5,returned,Over/Under,[4.5](claim:447),[+170](claim:448),[-245](claim:449),O: [2026-09-10 12:35:16 EDT](claim:451); U: [2026-09-10 12:35:16 EDT](claim:453),[Fanatics via OpticOdds](claim:24)
George Kittle,Receptions,3.5,115,-150,ESPN BET,2026-09-10T15:42:41.929770+00:00,2026-09-10T15:42:41.929770+00:00,2026-09-10T16:37:30Z,OpticOdds,,,player_receptions,20260911F39A2BD0,42D0413964E3,george_kittle:3.5,78014-13184-26-36:espn_bet:player_receptions:george_kittle_over_3_5,78014-13184-26-36:espn_bet:player_receptions:george_kittle_under_3_5,returned,Over/Under,[3.5](claim:454),[+115](claim:455),[-150](claim:456),O: [2026-09-10 11:42:41 EDT](claim:458); U: [2026-09-10 11:42:41 EDT](claim:460),[ESPN BET via OpticOdds](claim:32)
George Kittle,Receptions,3.5,109,-132,Pinnacle,2026-09-10T16:18:07.213408+00:00,2026-09-10T16:18:07.213408+00:00,2026-09-10T16:37:30Z,OpticOdds,https://www.pinnacle.com/en/football/nfl/san-francisco-49ers-vs-los-angeles-rams/1630877987/#player-props,https://www.pinnacle.com/en/football/nfl/san-francisco-49ers-vs-los-angeles-rams/1630877987/#player-props,player_receptions,20260911F39A2BD0,42D0413964E3,george_kittle:3.5,78014-13184-26-36:pinnacle:player_receptions:george_kittle_over_3_5,78014-13184-26-36:pinnacle:player_receptions:george_kittle_under_3_5,returned,Over/Under,[3.5](claim:461),[+109](claim:462),[-132](claim:463),O: [2026-09-10 12:18:07 EDT](claim:465); U: [2026-09-10 12:18:07 EDT](claim:467),[Pinnacle via OpticOdds](claim:76)
George Kittle,Receiving yards,32.5,-115,-109,DraftKings,2026-09-10T16:35:53.420317+00:00,2026-09-10T16:35:53.420317+00:00,2026-09-10T16:37:30Z,OpticOdds,https://sportsbook.draftkings.com/event/34107951?outcomes=0QA334322604%232268477530_13L88808Q1-1008755980Q20,https://sportsbook.draftkings.com/event/34107951?outcomes=0QA334322385%232268477527_13L88808Q1-1734350386Q20,player_receiving_yards,20260911F39A2BD0,42D0413964E3,george_kittle:32.5,78014-13184-26-36:draftkings:player_receiving_yards:george_kittle_over_32_5,78014-13184-26-36:draftkings:player_receiving_yards:george_kittle_under_32_5,returned,Over/Under,[32.5](claim:468),[-115](claim:469),[-109](claim:470),O: [2026-09-10 12:35:53 EDT](claim:472); U: [2026-09-10 12:35:53 EDT](claim:474),[DraftKings via OpticOdds](claim:8)
George Kittle,Receiving yards,33.5,-113,-113,FanDuel,2026-09-10T15:42:30.282225+00:00,2026-09-10T15:42:30.282225+00:00,2026-09-10T16:37:30Z,OpticOdds,https://sportsbook.fanduel.com/addToBetslip?marketId=42.605285516&selectionId=20656770,https://sportsbook.fanduel.com/addToBetslip?marketId=42.605285516&selectionId=20656771,player_receiving_yards,20260911F39A2BD0,42D0413964E3,george_kittle:33.5,78014-13184-26-36:fanduel:player_receiving_yards:george_kittle_over_33_5,78014-13184-26-36:fanduel:player_receiving_yards:george_kittle_under_33_5,returned,Over/Under,[33.5](claim:475),[-113](claim:476),[-113](claim:477),O: [2026-09-10 11:42:30 EDT](claim:479); U: [2026-09-10 11:42:30 EDT](claim:481),[FanDuel via OpticOdds](claim:47)
George Kittle,Receiving yards,33.5,-115,-113,Caesars,2026-09-10T16:36:43.554399+00:00,2026-09-10T16:36:43.554399+00:00,2026-09-10T16:37:30Z,OpticOdds,https://sportsbook.caesars.com/<COUNTRY>/<STATE>/bet/betslip?selectionIds=ce37dd80-936e-31e3-8758-814c696e7f09,https://sportsbook.caesars.com/<COUNTRY>/<STATE>/bet/betslip?selectionIds=39858fa5-1aa0-3871-935b-e32359e4d570,player_receiving_yards,20260911F39A2BD0,42D0413964E3,george_kittle:33.5,78014-13184-26-36:caesars:player_receiving_yards:george_kittle_over_33_5,78014-13184-26-36:caesars:player_receiving_yards:george_kittle_under_33_5,returned,Over/Under,[33.5](claim:482),[-115](claim:483),[-113](claim:484),O: [2026-09-10 12:36:43 EDT](claim:486); U: [2026-09-10 12:36:43 EDT](claim:488),[Caesars via OpticOdds](claim:16)
George Kittle,Receiving yards,,,,BetMGM,,,2026-09-10T16:37:30Z,,,,,,,,,,not_returned,,,,,,
George Kittle,Receiving yards,35.5,-120,-110,Fanatics,2026-09-10T16:35:16.412993+00:00,2026-09-10T16:35:16.412993+00:00,2026-09-10T16:37:30Z,OpticOdds,https://fanatics.onelink.me/5kut?deep_link_sub1=%7B%22legs%22%3A%5B%7B%22eventId%22%3A%224488987%22%2C%22marketId%22%3A%22697327520%22%2C%22selectionId%22%3A%221720056242%22%7D%5D%7D&deep_link_value=consume-betslip,https://fanatics.onelink.me/5kut?deep_link_sub1=%7B%22legs%22%3A%5B%7B%22eventId%22%3A%224488987%22%2C%22marketId%22%3A%22697327520%22%2C%22selectionId%22%3A%221720056251%22%7D%5D%7D&deep_link_value=consume-betslip,player_receiving_yards,20260911F39A2BD0,42D0413964E3,george_kittle:35.5,78014-13184-26-36:fanatics:player_receiving_yards:george_kittle_over_35_5,78014-13184-26-36:fanatics:player_receiving_yards:george_kittle_under_35_5,returned,Over/Under,[35.5](claim:489),[-120](claim:490),[-110](claim:491),O: [2026-09-10 12:35:16 EDT](claim:493); U: [2026-09-10 12:35:16 EDT](claim:495),[Fanatics via OpticOdds](claim:24)
George Kittle,Receiving yards,34.5,-110,-120,ESPN BET,2026-09-10T15:42:41.929770+00:00,2026-09-10T15:42:41.929770+00:00,2026-09-10T16:37:30Z,OpticOdds,,,player_receiving_yards,20260911F39A2BD0,42D0413964E3,george_kittle:34.5,78014-13184-26-36:espn_bet:player_receiving_yards:george_kittle_over_34_5,78014-13184-26-36:espn_bet:player_receiving_yards:george_kittle_under_34_5,returned,Over/Under,[34.5](claim:496),[-110](claim:497),[-120](claim:498),O: [2026-09-10 11:42:41 EDT](claim:500); U: [2026-09-10 11:42:41 EDT](claim:502),[ESPN BET via OpticOdds](claim:32)
George Kittle,Receiving yards,33.5,-110,-110,Pinnacle,2026-09-10T16:22:18.504342+00:00,2026-09-10T16:22:18.504342+00:00,2026-09-10T16:37:30Z,OpticOdds,https://www.pinnacle.com/en/football/nfl/san-francisco-49ers-vs-los-angeles-rams/1630877987/#player-props,https://www.pinnacle.com/en/football/nfl/san-francisco-49ers-vs-los-angeles-rams/1630877987/#player-props,player_receiving_yards,20260911F39A2BD0,42D0413964E3,george_kittle:33.5,78014-13184-26-36:pinnacle:player_receiving_yards:george_kittle_over_33_5,78014-13184-26-36:pinnacle:player_receiving_yards:george_kittle_under_33_5,returned,Over/Under,[33.5](claim:503),[-110](claim:504),[-110](claim:505),O: [2026-09-10 12:22:18 EDT](claim:507); U: [2026-09-10 12:22:18 EDT](claim:509),[Pinnacle via OpticOdds](claim:76)
George Kittle,Anytime TD (Yes),,285,,DraftKings,2026-09-10T16:34:18.623387+00:00,,2026-09-10T16:37:30Z,OpticOdds,https://sportsbook.draftkings.com/event/34107951?outcomes=0QA334323199%232150675803_13L88808Q1-2099105975Q20,,anytime_touchdown_scorer,20260911F39A2BD0,42D0413964E3,default,78014-13184-26-36:draftkings:anytime_touchdown_scorer:george_kittle,,returned,Yes in over_odds,n.a.,[+285](claim:510),n.a.,Yes: [2026-09-10 12:34:18 EDT](claim:512),[DraftKings via OpticOdds](claim:8)
George Kittle,Anytime TD (Yes),,280,,FanDuel,2026-09-10T13:11:29.898129+00:00,,2026-09-10T16:37:30Z,OpticOdds,https://sportsbook.fanduel.com/addToBetslip?marketId=42.601439826&selectionId=10680468,,anytime_touchdown_scorer,20260911F39A2BD0,42D0413964E3,default,78014-13184-26-36:fanduel:anytime_touchdown_scorer:george_kittle,,returned,Yes in over_odds,n.a.,[+280](claim:513),n.a.,Yes: [2026-09-10 09:11:29 EDT](claim:515),[FanDuel via OpticOdds](claim:47)
George Kittle,Anytime TD (Yes),,265,,Caesars,2026-09-10T16:35:42.812656+00:00,,2026-09-10T16:37:30Z,OpticOdds,https://sportsbook.caesars.com/<COUNTRY>/<STATE>/bet/betslip?selectionIds=84c07408-8ded-33a3-9e3f-fca3b59ce997,,anytime_touchdown_scorer,20260911F39A2BD0,42D0413964E3,default,78014-13184-26-36:caesars:anytime_touchdown_scorer:george_kittle,,returned,Yes in over_odds,n.a.,[+265](claim:516),n.a.,Yes: [2026-09-10 12:35:42 EDT](claim:518),[Caesars via OpticOdds](claim:16)
George Kittle,Anytime TD (Yes),,250,,BetMGM,2026-09-10T12:56:19.796803+00:00,,2026-09-10T16:37:30Z,OpticOdds,https://sports.<STATE>.betmgm.com/en/sports/events/6:43104?options=6:43104-3537748-5565489&type=Single,,anytime_touchdown_scorer,20260911F39A2BD0,42D0413964E3,default,78014-13184-26-36:betmgm:anytime_touchdown_scorer:george_kittle,,returned,Yes in over_odds,n.a.,[+250](claim:519),n.a.,Yes: [2026-09-10 08:56:19 EDT](claim:521),[BetMGM via OpticOdds](claim:419)
George Kittle,Anytime TD (Yes),,225,,Fanatics,2026-09-10T16:35:16.412993+00:00,,2026-09-10T16:37:30Z,OpticOdds,https://fanatics.onelink.me/5kut?deep_link_sub1=%7B%22legs%22%3A%5B%7B%22eventId%22%3A%224488987%22%2C%22marketId%22%3A%22673649157%22%2C%22selectionId%22%3A%221661246512%22%7D%5D%7D&deep_link_value=consume-betslip,,anytime_touchdown_scorer,20260911F39A2BD0,42D0413964E3,default,78014-13184-26-36:fanatics:anytime_touchdown_scorer:george_kittle,,returned,Yes in over_odds,n.a.,[+225](claim:522),n.a.,Yes: [2026-09-10 12:35:16 EDT](claim:524),[Fanatics via OpticOdds](claim:24)
George Kittle,Anytime TD (Yes),,260,,ESPN BET,2026-09-10T16:31:13.858192+00:00,,2026-09-10T16:37:30Z,OpticOdds,,,anytime_touchdown_scorer,20260911F39A2BD0,42D0413964E3,default,78014-13184-26-36:espn_bet:anytime_touchdown_scorer:george_kittle,,returned,Yes in over_odds,n.a.,[+260](claim:525),n.a.,Yes: [2026-09-10 12:31:13 EDT](claim:527),[ESPN BET via OpticOdds](claim:32)
George Kittle,Anytime TD (Yes),,,,Pinnacle,,,2026-09-10T16:37:30Z,,,,,,,,,,not_returned,,,,,,
Christian McCaffrey,Carries,15.5,-113,-112,DraftKings,2026-09-10T16:34:18.623387+00:00,2026-09-10T16:34:18.623387+00:00,2026-09-10T16:37:30Z,OpticOdds,https://sportsbook.draftkings.com/event/34107951?outcomes=0QA334322408%232150673361_13L88808Q11110189270Q20,https://sportsbook.draftkings.com/event/34107951?outcomes=0QA334322851%232238853137_13L88808Q1711920025Q20,player_rushing_attempts,20260911F39A2BD0,431D7E287938,christian_mccaffrey:15.5,78014-13184-26-36:draftkings:player_rushing_attempts:christian_mccaffrey_over_15_5,78014-13184-26-36:draftkings:player_rushing_attempts:christian_mccaffrey_under_15_5,returned,Over/Under,[15.5](claim:528),[-113](claim:529),[-112](claim:530),O: [2026-09-10 12:34:18 EDT](claim:532); U: [2026-09-10 12:34:18 EDT](claim:534),[DraftKings via OpticOdds](claim:8)
Christian McCaffrey,Carries,,,,FanDuel,,,2026-09-10T16:37:30Z,,,,,,,,,,not_returned,,,,,,
Christian McCaffrey,Carries,15.5,-114,-115,Caesars,2026-09-10T16:22:42.572151+00:00,2026-09-10T16:22:42.572151+00:00,2026-09-10T16:37:30Z,OpticOdds,https://sportsbook.caesars.com/<COUNTRY>/<STATE>/bet/betslip?selectionIds=6d974ecb-dd72-3b2a-98fe-e9f8aaa32ac8,https://sportsbook.caesars.com/<COUNTRY>/<STATE>/bet/betslip?selectionIds=fe6f6585-cef9-31aa-b052-4b9b2bc30a37,player_rushing_attempts,20260911F39A2BD0,431D7E287938,christian_mccaffrey:15.5,78014-13184-26-36:caesars:player_rushing_attempts:christian_mccaffrey_over_15_5,78014-13184-26-36:caesars:player_rushing_attempts:christian_mccaffrey_under_15_5,returned,Over/Under,[15.5](claim:535),[-114](claim:536),[-115](claim:537),O: [2026-09-10 12:22:42 EDT](claim:539); U: [2026-09-10 12:22:42 EDT](claim:541),[Caesars via OpticOdds](claim:16)
Christian McCaffrey,Carries,,,,BetMGM,,,2026-09-10T16:37:30Z,,,,,,,,,,not_returned,,,,,,
Christian McCaffrey,Carries,15.5,-125,-105,Fanatics,2026-09-10T16:35:16.412993+00:00,2026-09-10T16:35:06.172220+00:00,2026-09-10T16:37:30Z,OpticOdds,https://fanatics.onelink.me/5kut?deep_link_sub1=%7B%22legs%22%3A%5B%7B%22eventId%22%3A%224488987%22%2C%22marketId%22%3A%22697323364%22%2C%22selectionId%22%3A%221720046179%22%7D%5D%7D&deep_link_value=consume-betslip,https://fanatics.onelink.me/5kut?deep_link_sub1=%7B%22legs%22%3A%5B%7B%22eventId%22%3A%224488987%22%2C%22marketId%22%3A%22697323364%22%2C%22selectionId%22%3A%221720046187%22%7D%5D%7D&deep_link_value=consume-betslip,player_rushing_attempts,20260911F39A2BD0,431D7E287938,christian_mccaffrey:15.5,78014-13184-26-36:fanatics:player_rushing_attempts:christian_mccaffrey_over_15_5,78014-13184-26-36:fanatics:player_rushing_attempts:christian_mccaffrey_under_15_5,returned,Over/Under,[15.5](claim:542),[-125](claim:543),[-105](claim:544),O: [2026-09-10 12:35:16 EDT](claim:546); U: [2026-09-10 12:35:06 EDT](claim:548),[Fanatics via OpticOdds](claim:24)
Christian McCaffrey,Carries,15.5,-120,-110,ESPN BET,2026-09-10T16:34:30.120019+00:00,2026-09-10T16:34:30.120019+00:00,2026-09-10T16:37:30Z,OpticOdds,,,player_rushing_attempts,20260911F39A2BD0,431D7E287938,christian_mccaffrey:15.5,78014-13184-26-36:espn_bet:player_rushing_attempts:christian_mccaffrey_over_15_5,78014-13184-26-36:espn_bet:player_rushing_attempts:christian_mccaffrey_under_15_5,returned,Over/Under,[15.5](claim:549),[-120](claim:550),[-110](claim:551),O: [2026-09-10 12:34:30 EDT](claim:553); U: [2026-09-10 12:34:30 EDT](claim:555),[ESPN BET via OpticOdds](claim:32)
Christian McCaffrey,Carries,,,,Pinnacle,,,2026-09-10T16:37:30Z,,,,,,,,,,not_returned,,,,,,
Christian McCaffrey,Receptions,4.5,-122,-104,DraftKings,2026-09-10T16:34:18.623387+00:00,2026-09-10T16:34:18.623387+00:00,2026-09-10T16:37:30Z,OpticOdds,https://sportsbook.draftkings.com/event/34107951?outcomes=0QA334323152%232238862047_13L88808Q11445674842Q20,https://sportsbook.draftkings.com/event/34107951?outcomes=0QA334323152%232238862048_13L88808Q1-2138696Q20,player_receptions,20260911F39A2BD0,431D7E287938,christian_mccaffrey:4.5,78014-13184-26-36:draftkings:player_receptions:christian_mccaffrey_over_4_5,78014-13184-26-36:draftkings:player_receptions:christian_mccaffrey_under_4_5,returned,Over/Under,[4.5](claim:556),[-122](claim:557),[-104](claim:558),O: [2026-09-10 12:34:18 EDT](claim:560); U: [2026-09-10 12:34:18 EDT](claim:562),[DraftKings via OpticOdds](claim:8)
Christian McCaffrey,Receptions,4.5,-122,-108,FanDuel,2026-09-10T15:45:00.049639+00:00,2026-09-10T15:45:00.049639+00:00,2026-09-10T16:37:30Z,OpticOdds,https://sportsbook.fanduel.com/addToBetslip?marketId=42.601442607&selectionId=14807737,https://sportsbook.fanduel.com/addToBetslip?marketId=42.601442607&selectionId=14807736,player_receptions,20260911F39A2BD0,431D7E287938,christian_mccaffrey:4.5,78014-13184-26-36:fanduel:player_receptions:christian_mccaffrey_over_4_5,78014-13184-26-36:fanduel:player_receptions:christian_mccaffrey_under_4_5,returned,Over/Under,[4.5](claim:563),[-122](claim:564),[-108](claim:565),O: [2026-09-10 11:45:00 EDT](claim:567); U: [2026-09-10 11:45:00 EDT](claim:569),[FanDuel via OpticOdds](claim:47)
Christian McCaffrey,Receptions,4.5,-130,105,Caesars,2026-09-10T16:04:43.178302+00:00,2026-09-10T16:04:43.178302+00:00,2026-09-10T16:37:30Z,OpticOdds,https://sportsbook.caesars.com/<COUNTRY>/<STATE>/bet/betslip?selectionIds=aead8f94-82c7-3adb-a222-8fc7d4bc4434,https://sportsbook.caesars.com/<COUNTRY>/<STATE>/bet/betslip?selectionIds=b457d781-ec91-3ec0-bf63-a0486f639730,player_receptions,20260911F39A2BD0,431D7E287938,christian_mccaffrey:4.5,78014-13184-26-36:caesars:player_receptions:christian_mccaffrey_over_4_5,78014-13184-26-36:caesars:player_receptions:christian_mccaffrey_under_4_5,returned,Over/Under,[4.5](claim:570),[-130](claim:571),[+105](claim:572),O: [2026-09-10 12:04:43 EDT](claim:574); U: [2026-09-10 12:04:43 EDT](claim:576),[Caesars via OpticOdds](claim:16)
Christian McCaffrey,Receptions,,,,BetMGM,,,2026-09-10T16:37:30Z,,,,,,,,,,not_returned,,,,,,
Christian McCaffrey,Receptions,4.5,-115,-115,Fanatics,2026-09-10T14:40:26.706905+00:00,2026-09-10T14:40:45.939395+00:00,2026-09-10T16:37:30Z,OpticOdds,https://fanatics.onelink.me/5kut?deep_link_sub1=%7B%22legs%22%3A%5B%7B%22eventId%22%3A%224488987%22%2C%22marketId%22%3A%22689767711%22%2C%22selectionId%22%3A%221701502761%22%7D%5D%7D&deep_link_value=consume-betslip,https://fanatics.onelink.me/5kut?deep_link_sub1=%7B%22legs%22%3A%5B%7B%22eventId%22%3A%224488987%22%2C%22marketId%22%3A%22689767707%22%2C%22selectionId%22%3A%221701502713%22%7D%5D%7D&deep_link_value=consume-betslip,player_receptions,20260911F39A2BD0,431D7E287938,christian_mccaffrey:4.5,78014-13184-26-36:fanatics:player_receptions:christian_mccaffrey_over_4_5,78014-13184-26-36:fanatics:player_receptions:christian_mccaffrey_under_4_5,returned,Over/Under,[4.5](claim:577),[-115](claim:578),[-115](claim:579),O: [2026-09-10 10:40:26 EDT](claim:581); U: [2026-09-10 10:40:45 EDT](claim:583),[Fanatics via OpticOdds](claim:24)
Christian McCaffrey,Receptions,4.5,-130,100,ESPN BET,2026-09-10T15:45:12.640036+00:00,2026-09-10T15:45:12.640036+00:00,2026-09-10T16:37:30Z,OpticOdds,,,player_receptions,20260911F39A2BD0,431D7E287938,christian_mccaffrey:4.5,78014-13184-26-36:espn_bet:player_receptions:christian_mccaffrey_over_4_5,78014-13184-26-36:espn_bet:player_receptions:christian_mccaffrey_under_4_5,returned,Over/Under,[4.5](claim:584),[-130](claim:585),[+100](claim:586),O: [2026-09-10 11:45:12 EDT](claim:588); U: [2026-09-10 11:45:12 EDT](claim:590),[ESPN BET via OpticOdds](claim:32)
Christian McCaffrey,Receptions,4.5,-126,104,Pinnacle,2026-09-10T16:18:07.088081+00:00,2026-09-10T16:18:07.088081+00:00,2026-09-10T16:37:30Z,OpticOdds,https://www.pinnacle.com/en/football/nfl/san-francisco-49ers-vs-los-angeles-rams/1630877987/#player-props,https://www.pinnacle.com/en/football/nfl/san-francisco-49ers-vs-los-angeles-rams/1630877987/#player-props,player_receptions,20260911F39A2BD0,431D7E287938,christian_mccaffrey:4.5,78014-13184-26-36:pinnacle:player_receptions:christian_mccaffrey_over_4_5,78014-13184-26-36:pinnacle:player_receptions:christian_mccaffrey_under_4_5,returned,Over/Under,[4.5](claim:591),[-126](claim:592),[+104](claim:593),O: [2026-09-10 12:18:07 EDT](claim:595); U: [2026-09-10 12:18:07 EDT](claim:597),[Pinnacle via OpticOdds](claim:76)
Christian McCaffrey,Receiving yards,39.5,-115,-109,DraftKings,2026-09-10T16:34:18.623387+00:00,2026-09-10T16:34:18.623387+00:00,2026-09-10T16:37:30Z,OpticOdds,https://sportsbook.draftkings.com/event/34107951?outcomes=0QA334322514%232150674250_13L88808Q1627513418Q20,https://sportsbook.draftkings.com/event/34107951?outcomes=0QA334323002%232256926447_13L88808Q1-1785896351Q20,player_receiving_yards,20260911F39A2BD0,431D7E287938,christian_mccaffrey:39.5,78014-13184-26-36:draftkings:player_receiving_yards:christian_mccaffrey_over_39_5,78014-13184-26-36:draftkings:player_receiving_yards:christian_mccaffrey_under_39_5,returned,Over/Under,[39.5](claim:598),[-115](claim:599),[-109](claim:600),O: [2026-09-10 12:34:18 EDT](claim:602); U: [2026-09-10 12:34:18 EDT](claim:604),[DraftKings via OpticOdds](claim:8)
Christian McCaffrey,Receiving yards,39.5,-113,-113,FanDuel,2026-09-10T11:04:17.787807+00:00,2026-09-10T11:04:17.787807+00:00,2026-09-10T16:37:30Z,OpticOdds,https://sportsbook.fanduel.com/addToBetslip?marketId=42.601442605&selectionId=14807737,https://sportsbook.fanduel.com/addToBetslip?marketId=42.601442605&selectionId=14807736,player_receiving_yards,20260911F39A2BD0,431D7E287938,christian_mccaffrey:39.5,78014-13184-26-36:fanduel:player_receiving_yards:christian_mccaffrey_over_39_5,78014-13184-26-36:fanduel:player_receiving_yards:christian_mccaffrey_under_39_5,returned,Over/Under,[39.5](claim:605),[-113](claim:606),[-113](claim:607),O: [2026-09-10 07:04:17 EDT](claim:609); U: [2026-09-10 07:04:17 EDT](claim:611),[FanDuel via OpticOdds](claim:47)
Christian McCaffrey,Receiving yards,39.5,-117,-112,Caesars,2026-09-10T16:01:43.126693+00:00,2026-09-10T16:01:43.126693+00:00,2026-09-10T16:37:30Z,OpticOdds,https://sportsbook.caesars.com/<COUNTRY>/<STATE>/bet/betslip?selectionIds=c3beca3a-698a-3f96-9aee-717a7b6f5cc8,https://sportsbook.caesars.com/<COUNTRY>/<STATE>/bet/betslip?selectionIds=fa02990c-fd62-357b-a3e8-8ec377295f90,player_receiving_yards,20260911F39A2BD0,431D7E287938,christian_mccaffrey:39.5,78014-13184-26-36:caesars:player_receiving_yards:christian_mccaffrey_over_39_5,78014-13184-26-36:caesars:player_receiving_yards:christian_mccaffrey_under_39_5,returned,Over/Under,[39.5](claim:612),[-117](claim:613),[-112](claim:614),O: [2026-09-10 12:01:43 EDT](claim:616); U: [2026-09-10 12:01:43 EDT](claim:618),[Caesars via OpticOdds](claim:16)
Christian McCaffrey,Receiving yards,,,,BetMGM,,,2026-09-10T16:37:30Z,,,,,,,,,,not_returned,,,,,,
Christian McCaffrey,Receiving yards,40.5,-120,-112,Fanatics,2026-09-10T16:35:16.412993+00:00,2026-09-10T16:35:16.412993+00:00,2026-09-10T16:37:30Z,OpticOdds,https://fanatics.onelink.me/5kut?deep_link_sub1=%7B%22legs%22%3A%5B%7B%22eventId%22%3A%224488987%22%2C%22marketId%22%3A%22689754427%22%2C%22selectionId%22%3A%221701467409%22%7D%5D%7D&deep_link_value=consume-betslip,https://fanatics.onelink.me/5kut?deep_link_sub1=%7B%22legs%22%3A%5B%7B%22eventId%22%3A%224488987%22%2C%22marketId%22%3A%22689754427%22%2C%22selectionId%22%3A%221701467411%22%7D%5D%7D&deep_link_value=consume-betslip,player_receiving_yards,20260911F39A2BD0,431D7E287938,christian_mccaffrey:40.5,78014-13184-26-36:fanatics:player_receiving_yards:christian_mccaffrey_over_40_5,78014-13184-26-36:fanatics:player_receiving_yards:christian_mccaffrey_under_40_5,returned,Over/Under,[40.5](claim:619),[-120](claim:620),[-112](claim:621),O: [2026-09-10 12:35:16 EDT](claim:623); U: [2026-09-10 12:35:16 EDT](claim:625),[Fanatics via OpticOdds](claim:24)
Christian McCaffrey,Receiving yards,39.5,-120,-110,ESPN BET,2026-09-10T11:04:15.128645+00:00,2026-09-10T11:04:15.128645+00:00,2026-09-10T16:37:30Z,OpticOdds,,,player_receiving_yards,20260911F39A2BD0,431D7E287938,christian_mccaffrey:39.5,78014-13184-26-36:espn_bet:player_receiving_yards:christian_mccaffrey_over_39_5,78014-13184-26-36:espn_bet:player_receiving_yards:christian_mccaffrey_under_39_5,returned,Over/Under,[39.5](claim:626),[-120](claim:627),[-110](claim:628),O: [2026-09-10 07:04:15 EDT](claim:630); U: [2026-09-10 07:04:15 EDT](claim:632),[ESPN BET via OpticOdds](claim:32)
Christian McCaffrey,Receiving yards,39.5,-108,-112,Pinnacle,2026-09-10T16:21:05.656872+00:00,2026-09-10T16:21:05.656872+00:00,2026-09-10T16:37:30Z,OpticOdds,https://www.pinnacle.com/en/football/nfl/san-francisco-49ers-vs-los-angeles-rams/1630877987/#player-props,https://www.pinnacle.com/en/football/nfl/san-francisco-49ers-vs-los-angeles-rams/1630877987/#player-props,player_receiving_yards,20260911F39A2BD0,431D7E287938,christian_mccaffrey:39.5,78014-13184-26-36:pinnacle:player_receiving_yards:christian_mccaffrey_over_39_5,78014-13184-26-36:pinnacle:player_receiving_yards:christian_mccaffrey_under_39_5,returned,Over/Under,[39.5](claim:633),[-108](claim:634),[-112](claim:635),O: [2026-09-10 12:21:05 EDT](claim:637); U: [2026-09-10 12:21:05 EDT](claim:639),[Pinnacle via OpticOdds](claim:76)
Christian McCaffrey,Anytime TD (Yes),,-150,,DraftKings,2026-09-10T16:34:18.623387+00:00,,2026-09-10T16:37:30Z,OpticOdds,https://sportsbook.draftkings.com/event/34107951?outcomes=0QA334323199%232150675746_13L88808Q1-1377627368Q20,,anytime_touchdown_scorer,20260911F39A2BD0,431D7E287938,default,78014-13184-26-36:draftkings:anytime_touchdown_scorer:christian_mccaffrey,,returned,Yes in over_odds,n.a.,[-150](claim:640),n.a.,Yes: [2026-09-10 12:34:18 EDT](claim:642),[DraftKings via OpticOdds](claim:8)
Christian McCaffrey,Anytime TD (Yes),,-150,,FanDuel,2026-09-10T14:35:29.701534+00:00,,2026-09-10T16:37:30Z,OpticOdds,https://sportsbook.fanduel.com/addToBetslip?marketId=42.601439826&selectionId=10609932,,anytime_touchdown_scorer,20260911F39A2BD0,431D7E287938,default,78014-13184-26-36:fanduel:anytime_touchdown_scorer:christian_mccaffrey,,returned,Yes in over_odds,n.a.,[-150](claim:643),n.a.,Yes: [2026-09-10 10:35:29 EDT](claim:645),[FanDuel via OpticOdds](claim:47)
Christian McCaffrey,Anytime TD (Yes),,-152,,Caesars,2026-09-10T12:12:41.381088+00:00,,2026-09-10T16:37:30Z,OpticOdds,https://sportsbook.caesars.com/<COUNTRY>/<STATE>/bet/betslip?selectionIds=cac6cb4d-44c9-32b8-a7a7-d4fc66ff6b06,,anytime_touchdown_scorer,20260911F39A2BD0,431D7E287938,default,78014-13184-26-36:caesars:anytime_touchdown_scorer:christian_mccaffrey,,returned,Yes in over_odds,n.a.,[-152](claim:646),n.a.,Yes: [2026-09-10 08:12:41 EDT](claim:648),[Caesars via OpticOdds](claim:16)
Christian McCaffrey,Anytime TD (Yes),,-140,,BetMGM,2026-09-10T15:44:25.546333+00:00,,2026-09-10T16:37:30Z,OpticOdds,https://sports.<STATE>.betmgm.com/en/sports/events/6:43104?options=6:43104-3537735-5565463&type=Single,,anytime_touchdown_scorer,20260911F39A2BD0,431D7E287938,default,78014-13184-26-36:betmgm:anytime_touchdown_scorer:christian_mccaffrey,,returned,Yes in over_odds,n.a.,[-140](claim:649),n.a.,Yes: [2026-09-10 11:44:25 EDT](claim:651),[BetMGM via OpticOdds](claim:419)
Christian McCaffrey,Anytime TD (Yes),,-150,,Fanatics,2026-09-10T14:40:26.706905+00:00,,2026-09-10T16:37:30Z,OpticOdds,https://fanatics.onelink.me/5kut?deep_link_sub1=%7B%22legs%22%3A%5B%7B%22eventId%22%3A%224488987%22%2C%22marketId%22%3A%22673649157%22%2C%22selectionId%22%3A%221661246503%22%7D%5D%7D&deep_link_value=consume-betslip,,anytime_touchdown_scorer,20260911F39A2BD0,431D7E287938,default,78014-13184-26-36:fanatics:anytime_touchdown_scorer:christian_mccaffrey,,returned,Yes in over_odds,n.a.,[-150](claim:652),n.a.,Yes: [2026-09-10 10:40:26 EDT](claim:654),[Fanatics via OpticOdds](claim:24)
Christian McCaffrey,Anytime TD (Yes),,-135,,ESPN BET,2026-09-10T12:26:53.465473+00:00,,2026-09-10T16:37:30Z,OpticOdds,,,anytime_touchdown_scorer,20260911F39A2BD0,431D7E287938,default,78014-13184-26-36:espn_bet:anytime_touchdown_scorer:christian_mccaffrey,,returned,Yes in over_odds,n.a.,[-135](claim:655),n.a.,Yes: [2026-09-10 08:26:53 EDT](claim:657),[ESPN BET via OpticOdds](claim:32)
Christian McCaffrey,Anytime TD (Yes),,,,Pinnacle,,,2026-09-10T16:37:30Z,,,,,,,,,,not_returned,,,,,,
Kyren Williams,Carries,13.5,106,-135,DraftKings,2026-09-10T08:59:04.320542+00:00,2026-09-10T08:59:04.320542+00:00,2026-09-10T16:37:30Z,OpticOdds,https://sportsbook.draftkings.com/event/34107951?outcomes=0QA334323007%232150674983_13L88808Q11970790935Q20,https://sportsbook.draftkings.com/event/34107951?outcomes=0QA334322427%232250080356_13L88808Q12117203899Q20,player_rushing_attempts,20260911F39A2BD0,C3619260E06D,kyren_williams:13.5,78014-13184-26-36:draftkings:player_rushing_attempts:kyren_williams_over_13_5,78014-13184-26-36:draftkings:player_rushing_attempts:kyren_williams_under_13_5,returned,Over/Under,[13.5](claim:658),[+106](claim:659),[-135](claim:660),O: [2026-09-10 04:59:04 EDT](claim:662); U: [2026-09-10 04:59:04 EDT](claim:664),[DraftKings via OpticOdds](claim:8)
Kyren Williams,Carries,,,,FanDuel,,,2026-09-10T16:37:30Z,,,,,,,,,,not_returned,,,,,,
Kyren Williams,Carries,13.5,108,-141,Caesars,2026-09-10T16:36:43.554403+00:00,2026-09-10T16:36:43.554403+00:00,2026-09-10T16:37:30Z,OpticOdds,https://sportsbook.caesars.com/<COUNTRY>/<STATE>/bet/betslip?selectionIds=5caa18f3-3b10-3bee-8979-d1159ee79614,https://sportsbook.caesars.com/<COUNTRY>/<STATE>/bet/betslip?selectionIds=0999f37c-793a-3c5a-9c89-487f4a405cd3,player_rushing_attempts,20260911F39A2BD0,C3619260E06D,kyren_williams:13.5,78014-13184-26-36:caesars:player_rushing_attempts:kyren_williams_over_13_5,78014-13184-26-36:caesars:player_rushing_attempts:kyren_williams_under_13_5,returned,Over/Under,[13.5](claim:665),[+108](claim:666),[-141](claim:667),O: [2026-09-10 12:36:43 EDT](claim:669); U: [2026-09-10 12:36:43 EDT](claim:671),[Caesars via OpticOdds](claim:16)
Kyren Williams,Carries,,,,BetMGM,,,2026-09-10T16:37:30Z,,,,,,,,,,not_returned,,,,,,
Kyren Williams,Carries,13.5,-110,-120,Fanatics,2026-09-10T16:35:06.172220+00:00,2026-09-10T16:35:16.412993+00:00,2026-09-10T16:37:30Z,OpticOdds,https://fanatics.onelink.me/5kut?deep_link_sub1=%7B%22legs%22%3A%5B%7B%22eventId%22%3A%224488987%22%2C%22marketId%22%3A%22697318698%22%2C%22selectionId%22%3A%221720035383%22%7D%5D%7D&deep_link_value=consume-betslip,https://fanatics.onelink.me/5kut?deep_link_sub1=%7B%22legs%22%3A%5B%7B%22eventId%22%3A%224488987%22%2C%22marketId%22%3A%22697318701%22%2C%22selectionId%22%3A%221720035443%22%7D%5D%7D&deep_link_value=consume-betslip,player_rushing_attempts,20260911F39A2BD0,C3619260E06D,kyren_williams:13.5,78014-13184-26-36:fanatics:player_rushing_attempts:kyren_williams_over_13_5,78014-13184-26-36:fanatics:player_rushing_attempts:kyren_williams_under_13_5,returned,Over/Under,[13.5](claim:672),[-110](claim:673),[-120](claim:674),O: [2026-09-10 12:35:06 EDT](claim:676); U: [2026-09-10 12:35:16 EDT](claim:678),[Fanatics via OpticOdds](claim:24)
Kyren Williams,Carries,12.5,-135,105,ESPN BET,2026-09-10T14:33:26.434187+00:00,2026-09-10T14:33:26.434187+00:00,2026-09-10T16:37:30Z,OpticOdds,,,player_rushing_attempts,20260911F39A2BD0,C3619260E06D,kyren_williams:12.5,78014-13184-26-36:espn_bet:player_rushing_attempts:kyren_williams_over_12_5,78014-13184-26-36:espn_bet:player_rushing_attempts:kyren_williams_under_12_5,returned,Over/Under,[12.5](claim:679),[-135](claim:680),[+105](claim:681),O: [2026-09-10 10:33:26 EDT](claim:683); U: [2026-09-10 10:33:26 EDT](claim:685),[ESPN BET via OpticOdds](claim:32)
Kyren Williams,Carries,,,,Pinnacle,,,2026-09-10T16:37:30Z,,,,,,,,,,not_returned,,,,,,
Kyren Williams,Receptions,1.5,-149,117,DraftKings,2026-09-10T14:59:46.009040+00:00,2026-09-10T14:59:46.009040+00:00,2026-09-10T16:37:30Z,OpticOdds,https://sportsbook.draftkings.com/event/34107951?outcomes=0QA334323166%232150675586_13L88808Q1-1669482518Q20,https://sportsbook.draftkings.com/event/34107951?outcomes=0QA334323166%232150675601_13L88808Q1-847255388Q20,player_receptions,20260911F39A2BD0,C3619260E06D,kyren_williams:1.5,78014-13184-26-36:draftkings:player_receptions:kyren_williams_over_1_5,78014-13184-26-36:draftkings:player_receptions:kyren_williams_under_1_5,returned,Over/Under,[1.5](claim:686),[-149](claim:687),[+117](claim:688),O: [2026-09-10 10:59:46 EDT](claim:690); U: [2026-09-10 10:59:46 EDT](claim:692),[DraftKings via OpticOdds](claim:8)
Kyren Williams,Receptions,1.5,-148,112,FanDuel,2026-09-10T14:13:00.978310+00:00,2026-09-10T11:04:17.787807+00:00,2026-09-10T16:37:30Z,OpticOdds,https://sportsbook.fanduel.com/addToBetslip?marketId=42.604500586&selectionId=37541915,https://sportsbook.fanduel.com/addToBetslip?marketId=42.604500586&selectionId=37541914,player_receptions,20260911F39A2BD0,C3619260E06D,kyren_williams:1.5,78014-13184-26-36:fanduel:player_receptions:kyren_williams_over_1_5,78014-13184-26-36:fanduel:player_receptions:kyren_williams_under_1_5,returned,Over/Under,[1.5](claim:693),[-148](claim:694),[+112](claim:695),O: [2026-09-10 10:13:00 EDT](claim:697); U: [2026-09-10 07:04:17 EDT](claim:699),[FanDuel via OpticOdds](claim:47)
Kyren Williams,Receptions,1.5,-150,115,Caesars,2026-09-10T10:58:23.014535+00:00,2026-09-10T10:58:23.014535+00:00,2026-09-10T16:37:30Z,OpticOdds,https://sportsbook.caesars.com/<COUNTRY>/<STATE>/bet/betslip?selectionIds=70d358c1-1b2c-3c50-94c1-9f343c9606ae,https://sportsbook.caesars.com/<COUNTRY>/<STATE>/bet/betslip?selectionIds=375d7416-d919-3e0e-ba58-8aeb777a3a77,player_receptions,20260911F39A2BD0,C3619260E06D,kyren_williams:1.5,78014-13184-26-36:caesars:player_receptions:kyren_williams_over_1_5,78014-13184-26-36:caesars:player_receptions:kyren_williams_under_1_5,returned,Over/Under,[1.5](claim:700),[-150](claim:701),[+115](claim:702),O: [2026-09-10 06:58:23 EDT](claim:704); U: [2026-09-10 06:58:23 EDT](claim:706),[Caesars via OpticOdds](claim:16)
Kyren Williams,Receptions,,,,BetMGM,,,2026-09-10T16:37:30Z,,,,,,,,,,not_returned,,,,,,
Kyren Williams,Receptions,1.5,-170,125,Fanatics,2026-09-10T14:40:45.939395+00:00,2026-09-10T14:40:26.706905+00:00,2026-09-10T16:37:30Z,OpticOdds,https://fanatics.onelink.me/5kut?deep_link_sub1=%7B%22legs%22%3A%5B%7B%22eventId%22%3A%224488987%22%2C%22marketId%22%3A%22697327524%22%2C%22selectionId%22%3A%221720056295%22%7D%5D%7D&deep_link_value=consume-betslip,https://fanatics.onelink.me/5kut?deep_link_sub1=%7B%22legs%22%3A%5B%7B%22eventId%22%3A%224488987%22%2C%22marketId%22%3A%22697327524%22%2C%22selectionId%22%3A%221720056303%22%7D%5D%7D&deep_link_value=consume-betslip,player_receptions,20260911F39A2BD0,C3619260E06D,kyren_williams:1.5,78014-13184-26-36:fanatics:player_receptions:kyren_williams_over_1_5,78014-13184-26-36:fanatics:player_receptions:kyren_williams_under_1_5,returned,Over/Under,[1.5](claim:707),[-170](claim:708),[+125](claim:709),O: [2026-09-10 10:40:45 EDT](claim:711); U: [2026-09-10 10:40:26 EDT](claim:713),[Fanatics via OpticOdds](claim:24)
Kyren Williams,Receptions,1.5,-155,120,ESPN BET,2026-09-10T14:13:11.560920+00:00,2026-09-10T14:13:11.560920+00:00,2026-09-10T16:37:30Z,OpticOdds,,,player_receptions,20260911F39A2BD0,C3619260E06D,kyren_williams:1.5,78014-13184-26-36:espn_bet:player_receptions:kyren_williams_over_1_5,78014-13184-26-36:espn_bet:player_receptions:kyren_williams_under_1_5,returned,Over/Under,[1.5](claim:714),[-155](claim:715),[+120](claim:716),O: [2026-09-10 10:13:11 EDT](claim:718); U: [2026-09-10 10:13:11 EDT](claim:720),[ESPN BET via OpticOdds](claim:32)
Kyren Williams,Receptions,1.5,-165,135,Pinnacle,2026-09-10T16:18:07.228606+00:00,2026-09-10T16:18:07.228606+00:00,2026-09-10T16:37:30Z,OpticOdds,https://www.pinnacle.com/en/football/nfl/san-francisco-49ers-vs-los-angeles-rams/1630877987/#player-props,https://www.pinnacle.com/en/football/nfl/san-francisco-49ers-vs-los-angeles-rams/1630877987/#player-props,player_receptions,20260911F39A2BD0,C3619260E06D,kyren_williams:1.5,78014-13184-26-36:pinnacle:player_receptions:kyren_williams_over_1_5,78014-13184-26-36:pinnacle:player_receptions:kyren_williams_under_1_5,returned,Over/Under,[1.5](claim:721),[-165](claim:722),[+135](claim:723),O: [2026-09-10 12:18:07 EDT](claim:725); U: [2026-09-10 12:18:07 EDT](claim:727),[Pinnacle via OpticOdds](claim:76)
Kyren Williams,Receiving yards,11.5,-109,-115,DraftKings,2026-09-10T14:07:58.630710+00:00,2026-09-10T14:07:58.630710+00:00,2026-09-10T16:37:30Z,OpticOdds,https://sportsbook.draftkings.com/event/34107951?outcomes=0QA334322548%232273075489_13L88808Q11960963348Q20,https://sportsbook.draftkings.com/event/34107951?outcomes=0QA334322548%232273075490_13L88808Q1769551952Q20,player_receiving_yards,20260911F39A2BD0,C3619260E06D,kyren_williams:11.5,78014-13184-26-36:draftkings:player_receiving_yards:kyren_williams_over_11_5,78014-13184-26-36:draftkings:player_receiving_yards:kyren_williams_under_11_5,returned,Over/Under,[11.5](claim:728),[-109](claim:729),[-115](claim:730),O: [2026-09-10 10:07:58 EDT](claim:732); U: [2026-09-10 10:07:58 EDT](claim:734),[DraftKings via OpticOdds](claim:8)
Kyren Williams,Receiving yards,10.5,-113,-113,FanDuel,2026-09-10T11:04:17.787807+00:00,2026-09-10T11:04:17.787807+00:00,2026-09-10T16:37:30Z,OpticOdds,https://sportsbook.fanduel.com/addToBetslip?marketId=42.604500584&selectionId=37541915,https://sportsbook.fanduel.com/addToBetslip?marketId=42.604500584&selectionId=37541914,player_receiving_yards,20260911F39A2BD0,C3619260E06D,kyren_williams:10.5,78014-13184-26-36:fanduel:player_receiving_yards:kyren_williams_over_10_5,78014-13184-26-36:fanduel:player_receiving_yards:kyren_williams_under_10_5,returned,Over/Under,[10.5](claim:735),[-113](claim:736),[-113](claim:737),O: [2026-09-10 07:04:17 EDT](claim:739); U: [2026-09-10 07:04:17 EDT](claim:741),[FanDuel via OpticOdds](claim:47)
Kyren Williams,Receiving yards,11.5,-110,-120,Caesars,2026-09-10T14:40:41.446850+00:00,2026-09-10T14:40:41.446850+00:00,2026-09-10T16:37:30Z,OpticOdds,https://sportsbook.caesars.com/<COUNTRY>/<STATE>/bet/betslip?selectionIds=82df55f8-75d9-30ff-94e8-54f2598b3094,https://sportsbook.caesars.com/<COUNTRY>/<STATE>/bet/betslip?selectionIds=9799ed4f-27ab-37fb-975e-5a63518ff462,player_receiving_yards,20260911F39A2BD0,C3619260E06D,kyren_williams:11.5,78014-13184-26-36:caesars:player_receiving_yards:kyren_williams_over_11_5,78014-13184-26-36:caesars:player_receiving_yards:kyren_williams_under_11_5,returned,Over/Under,[11.5](claim:742),[-110](claim:743),[-120](claim:744),O: [2026-09-10 10:40:41 EDT](claim:746); U: [2026-09-10 10:40:41 EDT](claim:748),[Caesars via OpticOdds](claim:16)
Kyren Williams,Receiving yards,,,,BetMGM,,,2026-09-10T16:37:30Z,,,,,,,,,,not_returned,,,,,,
Kyren Williams,Receiving yards,10.5,-125,-105,Fanatics,2026-09-10T16:35:16.412993+00:00,2026-09-10T16:35:16.412993+00:00,2026-09-10T16:37:30Z,OpticOdds,https://fanatics.onelink.me/5kut?deep_link_sub1=%7B%22legs%22%3A%5B%7B%22eventId%22%3A%224488987%22%2C%22marketId%22%3A%22697323355%22%2C%22selectionId%22%3A%221720046123%22%7D%5D%7D&deep_link_value=consume-betslip,https://fanatics.onelink.me/5kut?deep_link_sub1=%7B%22legs%22%3A%5B%7B%22eventId%22%3A%224488987%22%2C%22marketId%22%3A%22697323355%22%2C%22selectionId%22%3A%221720046134%22%7D%5D%7D&deep_link_value=consume-betslip,player_receiving_yards,20260911F39A2BD0,C3619260E06D,kyren_williams:10.5,78014-13184-26-36:fanatics:player_receiving_yards:kyren_williams_over_10_5,78014-13184-26-36:fanatics:player_receiving_yards:kyren_williams_under_10_5,returned,Over/Under,[10.5](claim:749),[-125](claim:750),[-105](claim:751),O: [2026-09-10 12:35:16 EDT](claim:753); U: [2026-09-10 12:35:16 EDT](claim:755),[Fanatics via OpticOdds](claim:24)
Kyren Williams,Receiving yards,10.5,-120,-110,ESPN BET,2026-09-10T11:04:15.128645+00:00,2026-09-10T11:04:15.128645+00:00,2026-09-10T16:37:30Z,OpticOdds,,,player_receiving_yards,20260911F39A2BD0,C3619260E06D,kyren_williams:10.5,78014-13184-26-36:espn_bet:player_receiving_yards:kyren_williams_over_10_5,78014-13184-26-36:espn_bet:player_receiving_yards:kyren_williams_under_10_5,returned,Over/Under,[10.5](claim:756),[-120](claim:757),[-110](claim:758),O: [2026-09-10 07:04:15 EDT](claim:760); U: [2026-09-10 07:04:15 EDT](claim:762),[ESPN BET via OpticOdds](claim:32)
Kyren Williams,Receiving yards,10.5,-125,103,Pinnacle,2026-09-10T16:18:07.233482+00:00,2026-09-10T16:18:07.233482+00:00,2026-09-10T16:37:30Z,OpticOdds,https://www.pinnacle.com/en/football/nfl/san-francisco-49ers-vs-los-angeles-rams/1630877987/#player-props,https://www.pinnacle.com/en/football/nfl/san-francisco-49ers-vs-los-angeles-rams/1630877987/#player-props,player_receiving_yards,20260911F39A2BD0,C3619260E06D,kyren_williams:10.5,78014-13184-26-36:pinnacle:player_receiving_yards:kyren_williams_over_10_5,78014-13184-26-36:pinnacle:player_receiving_yards:kyren_williams_under_10_5,returned,Over/Under,[10.5](claim:763),[-125](claim:764),[+103](claim:765),O: [2026-09-10 12:18:07 EDT](claim:767); U: [2026-09-10 12:18:07 EDT](claim:769),[Pinnacle via OpticOdds](claim:76)
Kyren Williams,Anytime TD (Yes),,-125,,DraftKings,2026-09-10T16:16:30.659559+00:00,,2026-09-10T16:37:30Z,OpticOdds,https://sportsbook.draftkings.com/event/34107951?outcomes=0QA334323199%232150675624_13L88808Q12008738677Q20,,anytime_touchdown_scorer,20260911F39A2BD0,C3619260E06D,default,78014-13184-26-36:draftkings:anytime_touchdown_scorer:kyren_williams,,returned,Yes in over_odds,n.a.,[-125](claim:770),n.a.,Yes: [2026-09-10 12:16:30 EDT](claim:772),[DraftKings via OpticOdds](claim:8)
Kyren Williams,Anytime TD (Yes),,-130,,FanDuel,2026-09-10T14:35:29.701534+00:00,,2026-09-10T16:37:30Z,OpticOdds,https://sportsbook.fanduel.com/addToBetslip?marketId=42.601439826&selectionId=37101838,,anytime_touchdown_scorer,20260911F39A2BD0,C3619260E06D,default,78014-13184-26-36:fanduel:anytime_touchdown_scorer:kyren_williams,,returned,Yes in over_odds,n.a.,[-130](claim:773),n.a.,Yes: [2026-09-10 10:35:29 EDT](claim:775),[FanDuel via OpticOdds](claim:47)
Kyren Williams,Anytime TD (Yes),,-132,,Caesars,2026-09-10T16:16:42.401524+00:00,,2026-09-10T16:37:30Z,OpticOdds,https://sportsbook.caesars.com/<COUNTRY>/<STATE>/bet/betslip?selectionIds=3e013fed-a160-3fad-ac6c-43aa3ec590e0,,anytime_touchdown_scorer,20260911F39A2BD0,C3619260E06D,default,78014-13184-26-36:caesars:anytime_touchdown_scorer:kyren_williams,,returned,Yes in over_odds,n.a.,[-132](claim:776),n.a.,Yes: [2026-09-10 12:16:42 EDT](claim:778),[Caesars via OpticOdds](claim:16)
Kyren Williams,Anytime TD (Yes),,-125,,BetMGM,2026-09-10T15:36:55.832732+00:00,,2026-09-10T16:37:30Z,OpticOdds,https://sports.<STATE>.betmgm.com/en/sports/events/6:43104?options=6:43104-3537711-5565415&type=Single,,anytime_touchdown_scorer,20260911F39A2BD0,C3619260E06D,default,78014-13184-26-36:betmgm:anytime_touchdown_scorer:kyren_williams,,returned,Yes in over_odds,n.a.,[-125](claim:779),n.a.,Yes: [2026-09-10 11:36:55 EDT](claim:781),[BetMGM via OpticOdds](claim:419)
Kyren Williams,Anytime TD (Yes),,-130,,Fanatics,2026-09-10T16:35:06.172220+00:00,,2026-09-10T16:37:30Z,OpticOdds,https://fanatics.onelink.me/5kut?deep_link_sub1=%7B%22legs%22%3A%5B%7B%22eventId%22%3A%224488987%22%2C%22marketId%22%3A%22673649157%22%2C%22selectionId%22%3A%221661246639%22%7D%5D%7D&deep_link_value=consume-betslip,,anytime_touchdown_scorer,20260911F39A2BD0,C3619260E06D,default,78014-13184-26-36:fanatics:anytime_touchdown_scorer:kyren_williams,,returned,Yes in over_odds,n.a.,[-130](claim:782),n.a.,Yes: [2026-09-10 12:35:06 EDT](claim:784),[Fanatics via OpticOdds](claim:24)
Kyren Williams,Anytime TD (Yes),,-120,,ESPN BET,2026-09-10T16:16:41.872149+00:00,,2026-09-10T16:37:30Z,OpticOdds,,,anytime_touchdown_scorer,20260911F39A2BD0,C3619260E06D,default,78014-13184-26-36:espn_bet:anytime_touchdown_scorer:kyren_williams,,returned,Yes in over_odds,n.a.,[-120](claim:785),n.a.,Yes: [2026-09-10 12:16:41 EDT](claim:787),[ESPN BET via OpticOdds](claim:32)
Kyren Williams,Anytime TD (Yes),,,,Pinnacle,,,2026-09-10T16:37:30Z,,,,,,,,,,not_returned,,,,,,
