player,team,opponent,hrb_market_name,line,over_odds,under_odds,sportsbook,retrieval_timestamp_utc,source_url
Cooper Rush,ATL,PIT,Passing TDs,0.5,-220,+155,Hard Rock Bet,2026-09-13T16:02:34.264Z,https://app.hardrock.bet/competition/nfl/6736746968422416629?tab=player-props
Aaron Rodgers,PIT,ATL,Passing TDs,1.5,+110,-140,Hard Rock Bet,2026-09-13T16:02:34.264Z,https://app.hardrock.bet/competition/nfl/6736746968422416629?tab=player-props
Cooper Rush,ATL,PIT,Interceptions,0.5,-180,+135,Hard Rock Bet,2026-09-13T16:02:34.264Z,https://app.hardrock.bet/competition/nfl/6736746968422416629?tab=player-props
Aaron Rodgers,PIT,ATL,Interceptions,0.5,+125,-165,Hard Rock Bet,2026-09-13T16:02:34.264Z,https://app.hardrock.bet/competition/nfl/6736746968422416629?tab=player-props
Cooper Rush,ATL,PIT,Pass Completions,17.5,-115,-115,Hard Rock Bet,2026-09-13T16:02:34.264Z,https://app.hardrock.bet/competition/nfl/6736746968422416629?tab=player-props
Aaron Rodgers,PIT,ATL,Pass Completions,20.5,-125,-105,Hard Rock Bet,2026-09-13T16:02:34.264Z,https://app.hardrock.bet/competition/nfl/6736746968422416629?tab=player-props
Cooper Rush,ATL,PIT,Pass Attempts,30.5,-105,-125,Hard Rock Bet,2026-09-13T16:02:34.264Z,https://app.hardrock.bet/competition/nfl/6736746968422416629?tab=player-props
Aaron Rodgers,PIT,ATL,Pass Attempts,31.5,-110,-120,Hard Rock Bet,2026-09-13T16:02:34.264Z,https://app.hardrock.bet/competition/nfl/6736746968422416629?tab=player-props
Bijan Robinson,ATL,PIT,Rushing Attempts,18.5,-120,-110,Hard Rock Bet,2026-09-13T16:02:49.229Z,https://app.hardrock.bet/competition/nfl/6736746968422416629?tab=player-props
Rico Dowdle,PIT,ATL,Rushing Attempts,11.5,-125,-105,Hard Rock Bet,2026-09-13T16:02:49.229Z,https://app.hardrock.bet/competition/nfl/6736746968422416629?tab=player-props
Jaylen Warren,PIT,ATL,Rushing Attempts,10.5,-130,+100,Hard Rock Bet,2026-09-13T16:02:49.229Z,https://app.hardrock.bet/competition/nfl/6736746968422416629?tab=player-props
Bijan Robinson,ATL,PIT,Receptions,4.5,+100,-130,Hard Rock Bet,2026-09-13T16:03:14.915Z,https://app.hardrock.bet/competition/nfl/6736746968422416629?tab=player-props
Jahan Dotson,ATL,PIT,Receptions,1.5,-115,-115,Hard Rock Bet,2026-09-13T16:03:14.915Z,https://app.hardrock.bet/competition/nfl/6736746968422416629?tab=player-props
Kyle Pitts Sr.,ATL,PIT,Receptions,4.5,+115,-150,Hard Rock Bet,2026-09-13T16:03:14.915Z,https://app.hardrock.bet/competition/nfl/6736746968422416629?tab=player-props
Drake London,ATL,PIT,Receptions,4.5,-155,+120,Hard Rock Bet,2026-09-13T16:03:14.915Z,https://app.hardrock.bet/competition/nfl/6736746968422416629?tab=player-props
Pat Freiermuth,PIT,ATL,Receptions,2.5,-150,+115,Hard Rock Bet,2026-09-13T16:03:14.915Z,https://app.hardrock.bet/competition/nfl/6736746968422416629?tab=player-props
Jaylen Warren,PIT,ATL,Receptions,2.5,-135,+105,Hard Rock Bet,2026-09-13T16:03:14.915Z,https://app.hardrock.bet/competition/nfl/6736746968422416629?tab=player-props
DK Metcalf,PIT,ATL,Receptions,3.5,-145,+110,Hard Rock Bet,2026-09-13T16:03:14.915Z,https://app.hardrock.bet/competition/nfl/6736746968422416629?tab=player-props
Rico Dowdle,PIT,ATL,Receptions,1.5,-155,+120,Hard Rock Bet,2026-09-13T16:03:14.915Z,https://app.hardrock.bet/competition/nfl/6736746968422416629?tab=player-props
Darnell Washington,PIT,ATL,Receptions,1.5,-170,+130,Hard Rock Bet,2026-09-13T16:03:14.915Z,https://app.hardrock.bet/competition/nfl/6736746968422416629?tab=player-props
Michael Pittman Jr.,PIT,ATL,Receptions,3.5,-145,+110,Hard Rock Bet,2026-09-13T16:03:14.915Z,https://app.hardrock.bet/competition/nfl/6736746968422416629?tab=player-props
Roman Wilson,PIT,ATL,Receptions,1.5,+115,-150,Hard Rock Bet,2026-09-13T16:03:14.915Z,https://app.hardrock.bet/competition/nfl/6736746968422416629?tab=player-props
Aaron Rodgers,PIT,ATL,Passing Yards,211.5,-115,-115,Hard Rock Bet,2026-09-13T16:05:34.269Z,https://app.hardrock.bet/competition/nfl/6736746968422416629?tab=player-props
Cooper Rush,ATL,PIT,Passing Yards,177.5,-115,-115,Hard Rock Bet,2026-09-13T16:05:34.269Z,https://app.hardrock.bet/competition/nfl/6736746968422416629?tab=player-props
Aaron Rodgers,PIT,ATL,Rushing Yards,0.5,-110,-120,Hard Rock Bet,2026-09-13T16:05:47.475Z,https://app.hardrock.bet/competition/nfl/6736746968422416629?tab=player-props
Bijan Robinson,ATL,PIT,Rushing Yards,71.5,-115,-115,Hard Rock Bet,2026-09-13T16:05:47.475Z,https://app.hardrock.bet/competition/nfl/6736746968422416629?tab=player-props
Brian Robinson Jr.,ATL,PIT,Rushing Yards,19.5,-115,-115,Hard Rock Bet,2026-09-13T16:05:47.475Z,https://app.hardrock.bet/competition/nfl/6736746968422416629?tab=player-props
Jaylen Warren,PIT,ATL,Rushing Yards,43.5,-115,-115,Hard Rock Bet,2026-09-13T16:05:47.475Z,https://app.hardrock.bet/competition/nfl/6736746968422416629?tab=player-props
Rico Dowdle,PIT,ATL,Rushing Yards,45.5,-115,-115,Hard Rock Bet,2026-09-13T16:05:47.475Z,https://app.hardrock.bet/competition/nfl/6736746968422416629?tab=player-props
Bijan Robinson,ATL,PIT,Receiving Yards,33.5,-120,-110,Hard Rock Bet,2026-09-13T16:06:00.505Z,https://app.hardrock.bet/competition/nfl/6736746968422416629?tab=player-props
Darnell Washington,PIT,ATL,Receiving Yards,16.5,-115,-115,Hard Rock Bet,2026-09-13T16:06:00.505Z,https://app.hardrock.bet/competition/nfl/6736746968422416629?tab=player-props
DK Metcalf,PIT,ATL,Receiving Yards,49.5,-115,-115,Hard Rock Bet,2026-09-13T16:06:00.505Z,https://app.hardrock.bet/competition/nfl/6736746968422416629?tab=player-props
Drake London,ATL,PIT,Receiving Yards,54.5,-115,-115,Hard Rock Bet,2026-09-13T16:06:00.505Z,https://app.hardrock.bet/competition/nfl/6736746968422416629?tab=player-props
Jahan Dotson,ATL,PIT,Receiving Yards,13.5,-120,-110,Hard Rock Bet,2026-09-13T16:06:00.505Z,https://app.hardrock.bet/competition/nfl/6736746968422416629?tab=player-props
Jaylen Warren,PIT,ATL,Receiving Yards,18.5,-120,-110,Hard Rock Bet,2026-09-13T16:06:00.505Z,https://app.hardrock.bet/competition/nfl/6736746968422416629?tab=player-props
Kyle Pitts Sr.,ATL,PIT,Receiving Yards,38.5,-115,-115,Hard Rock Bet,2026-09-13T16:06:00.505Z,https://app.hardrock.bet/competition/nfl/6736746968422416629?tab=player-props
Michael Pittman Jr.,PIT,ATL,Receiving Yards,37.5,-115,-115,Hard Rock Bet,2026-09-13T16:06:00.505Z,https://app.hardrock.bet/competition/nfl/6736746968422416629?tab=player-props
Pat Freiermuth,PIT,ATL,Receiving Yards,27.5,-115,-115,Hard Rock Bet,2026-09-13T16:06:00.505Z,https://app.hardrock.bet/competition/nfl/6736746968422416629?tab=player-props
Rico Dowdle,PIT,ATL,Receiving Yards,10.5,-120,-110,Hard Rock Bet,2026-09-13T16:06:00.505Z,https://app.hardrock.bet/competition/nfl/6736746968422416629?tab=player-props
Roman Wilson,PIT,ATL,Receiving Yards,11.5,-120,-110,Hard Rock Bet,2026-09-13T16:06:00.505Z,https://app.hardrock.bet/competition/nfl/6736746968422416629?tab=player-props
Lamar Jackson,BAL,IND,Passing TDs,1.5,+100,-130,Hard Rock Bet,2026-09-13T16:02:32.302Z,https://app.hardrock.bet/competition/nfl/1904032724532986189?tab=player-props
Daniel Jones,IND,BAL,Passing TDs,1.5,+120,-160,Hard Rock Bet,2026-09-13T16:02:32.302Z,https://app.hardrock.bet/competition/nfl/1904032724532986189?tab=player-props
Lamar Jackson,BAL,IND,Interceptions,0.5,+110,-145,Hard Rock Bet,2026-09-13T16:02:32.302Z,https://app.hardrock.bet/competition/nfl/1904032724532986189?tab=player-props
Daniel Jones,IND,BAL,Interceptions,0.5,-115,-115,Hard Rock Bet,2026-09-13T16:02:32.302Z,https://app.hardrock.bet/competition/nfl/1904032724532986189?tab=player-props
Lamar Jackson,BAL,IND,Pass Completions,18.5,+110,-140,Hard Rock Bet,2026-09-13T16:02:32.302Z,https://app.hardrock.bet/competition/nfl/1904032724532986189?tab=player-props
Daniel Jones,IND,BAL,Pass Completions,22.5,-115,-115,Hard Rock Bet,2026-09-13T16:02:32.302Z,https://app.hardrock.bet/competition/nfl/1904032724532986189?tab=player-props
Lamar Jackson,BAL,IND,Pass Attempts,27.5,-120,-110,Hard Rock Bet,2026-09-13T16:02:32.302Z,https://app.hardrock.bet/competition/nfl/1904032724532986189?tab=player-props
Daniel Jones,IND,BAL,Pass Attempts,31.5,-125,-105,Hard Rock Bet,2026-09-13T16:02:32.302Z,https://app.hardrock.bet/competition/nfl/1904032724532986189?tab=player-props
Derrick Henry,BAL,IND,Rushing Attempts,17.5,-125,-105,Hard Rock Bet,2026-09-13T16:02:51.236Z,https://app.hardrock.bet/competition/nfl/1904032724532986189?tab=player-props
Lamar Jackson,BAL,IND,Rushing Attempts,6.5,-110,-120,Hard Rock Bet,2026-09-13T16:02:51.236Z,https://app.hardrock.bet/competition/nfl/1904032724532986189?tab=player-props
Jonathan Taylor,IND,BAL,Rushing Attempts,18.5,+100,-130,Hard Rock Bet,2026-09-13T16:02:51.236Z,https://app.hardrock.bet/competition/nfl/1904032724532986189?tab=player-props
Daniel Jones,IND,BAL,Rushing Attempts,3.5,-110,-120,Hard Rock Bet,2026-09-13T16:02:51.236Z,https://app.hardrock.bet/competition/nfl/1904032724532986189?tab=player-props
Zay Flowers,BAL,IND,Receptions,4.5,-160,+120,Hard Rock Bet,2026-09-13T16:03:17.405Z,https://app.hardrock.bet/competition/nfl/1904032724532986189?tab=player-props
Ja'Kobi Lane,IND,BAL,Receptions,1.5,-130,+100,Hard Rock Bet,2026-09-13T16:03:17.405Z,https://app.hardrock.bet/competition/nfl/1904032724532986189?tab=player-props
Rashod Bateman,BAL,IND,Receptions,1.5,-190,+145,Hard Rock Bet,2026-09-13T16:03:17.405Z,https://app.hardrock.bet/competition/nfl/1904032724532986189?tab=player-props
Derrick Henry,BAL,IND,Receptions,1.5,+175,-250,Hard Rock Bet,2026-09-13T16:03:17.405Z,https://app.hardrock.bet/competition/nfl/1904032724532986189?tab=player-props
Mark Andrews,BAL,IND,Receptions,3.5,+110,-140,Hard Rock Bet,2026-09-13T16:03:17.405Z,https://app.hardrock.bet/competition/nfl/1904032724532986189?tab=player-props
Justice Hill,BAL,IND,Receptions,1.5,-200,+145,Hard Rock Bet,2026-09-13T16:03:17.405Z,https://app.hardrock.bet/competition/nfl/1904032724532986189?tab=player-props
Josh Downs,IND,BAL,Receptions,4.5,+115,-145,Hard Rock Bet,2026-09-13T16:03:17.405Z,https://app.hardrock.bet/competition/nfl/1904032724532986189?tab=player-props
Jonathan Taylor,IND,BAL,Receptions,2.5,-120,-110,Hard Rock Bet,2026-09-13T16:03:17.405Z,https://app.hardrock.bet/competition/nfl/1904032724532986189?tab=player-props
Alec Pierce,IND,BAL,Receptions,2.5,+110,-140,Hard Rock Bet,2026-09-13T16:03:17.405Z,https://app.hardrock.bet/competition/nfl/1904032724532986189?tab=player-props
Tyler Warren,IND,BAL,Receptions,4.5,-145,+115,Hard Rock Bet,2026-09-13T16:03:17.405Z,https://app.hardrock.bet/competition/nfl/1904032724532986189?tab=player-props
Keenan Allen,IND,BAL,Receptions,3.5,+110,-145,Hard Rock Bet,2026-09-13T16:03:17.405Z,https://app.hardrock.bet/competition/nfl/1904032724532986189?tab=player-props
Daniel Jones,IND,BAL,Passing Yards,229.5,-115,-115,Hard Rock Bet,2026-09-13T16:05:35.566Z,https://app.hardrock.bet/competition/nfl/1904032724532986189?tab=player-props
Lamar Jackson,BAL,IND,Passing Yards,219.5,-115,-115,Hard Rock Bet,2026-09-13T16:05:35.566Z,https://app.hardrock.bet/competition/nfl/1904032724532986189?tab=player-props
Daniel Jones,IND,BAL,Rushing Yards,10.5,-120,-110,Hard Rock Bet,2026-09-13T16:05:46.012Z,https://app.hardrock.bet/competition/nfl/1904032724532986189?tab=player-props
Derrick Henry,BAL,IND,Rushing Yards,78.5,-115,-115,Hard Rock Bet,2026-09-13T16:05:46.012Z,https://app.hardrock.bet/competition/nfl/1904032724532986189?tab=player-props
Jonathan Taylor,IND,BAL,Rushing Yards,77.5,-115,-115,Hard Rock Bet,2026-09-13T16:05:46.012Z,https://app.hardrock.bet/competition/nfl/1904032724532986189?tab=player-props
Justice Hill,BAL,IND,Rushing Yards,8.5,-110,-120,Hard Rock Bet,2026-09-13T16:05:46.012Z,https://app.hardrock.bet/competition/nfl/1904032724532986189?tab=player-props
Lamar Jackson,BAL,IND,Rushing Yards,38.5,-115,-115,Hard Rock Bet,2026-09-13T16:05:46.012Z,https://app.hardrock.bet/competition/nfl/1904032724532986189?tab=player-props
Alec Pierce,IND,BAL,Receiving Yards,29.5,-115,-115,Hard Rock Bet,2026-09-13T16:06:00.382Z,https://app.hardrock.bet/competition/nfl/1904032724532986189?tab=player-props
Derrick Henry,BAL,IND,Receiving Yards,6.5,-120,-110,Hard Rock Bet,2026-09-13T16:06:00.382Z,https://app.hardrock.bet/competition/nfl/1904032724532986189?tab=player-props
Ja'Kobi Lane,IND,BAL,Receiving Yards,19.5,-115,-115,Hard Rock Bet,2026-09-13T16:06:00.382Z,https://app.hardrock.bet/competition/nfl/1904032724532986189?tab=player-props
Jonathan Taylor,IND,BAL,Receiving Yards,18.5,-115,-115,Hard Rock Bet,2026-09-13T16:06:00.382Z,https://app.hardrock.bet/competition/nfl/1904032724532986189?tab=player-props
Josh Downs,IND,BAL,Receiving Yards,45.5,-115,-115,Hard Rock Bet,2026-09-13T16:06:00.382Z,https://app.hardrock.bet/competition/nfl/1904032724532986189?tab=player-props
Justice Hill,BAL,IND,Receiving Yards,10.5,-115,-115,Hard Rock Bet,2026-09-13T16:06:00.382Z,https://app.hardrock.bet/competition/nfl/1904032724532986189?tab=player-props
Keenan Allen,IND,BAL,Receiving Yards,27.5,-115,-115,Hard Rock Bet,2026-09-13T16:06:00.382Z,https://app.hardrock.bet/competition/nfl/1904032724532986189?tab=player-props
Mark Andrews,BAL,IND,Receiving Yards,32.5,-115,-115,Hard Rock Bet,2026-09-13T16:06:00.382Z,https://app.hardrock.bet/competition/nfl/1904032724532986189?tab=player-props
Rashod Bateman,BAL,IND,Receiving Yards,25.5,-115,-115,Hard Rock Bet,2026-09-13T16:06:00.382Z,https://app.hardrock.bet/competition/nfl/1904032724532986189?tab=player-props
Tyler Warren,IND,BAL,Receiving Yards,47.5,-115,-115,Hard Rock Bet,2026-09-13T16:06:00.382Z,https://app.hardrock.bet/competition/nfl/1904032724532986189?tab=player-props
Zay Flowers,BAL,IND,Receiving Yards,64.5,-115,-115,Hard Rock Bet,2026-09-13T16:06:00.382Z,https://app.hardrock.bet/competition/nfl/1904032724532986189?tab=player-props
Josh Allen,BUF,HOU,Passing TDs,1.5,+145,-195,Hard Rock Bet,2026-09-13T16:03:47.396Z,https://app.hardrock.bet/competition/nfl/4425837409627930875?tab=player-props
C.J. Stroud,HOU,BUF,Passing TDs,1.5,+120,-155,Hard Rock Bet,2026-09-13T16:03:47.396Z,https://app.hardrock.bet/competition/nfl/4425837409627930875?tab=player-props
Josh Allen,BUF,HOU,Interceptions,0.5,-125,-105,Hard Rock Bet,2026-09-13T16:03:47.396Z,https://app.hardrock.bet/competition/nfl/4425837409627930875?tab=player-props
C.J. Stroud,HOU,BUF,Interceptions,0.5,-125,-105,Hard Rock Bet,2026-09-13T16:03:47.396Z,https://app.hardrock.bet/competition/nfl/4425837409627930875?tab=player-props
Josh Allen,BUF,HOU,Pass Completions,19.5,-120,-110,Hard Rock Bet,2026-09-13T16:03:47.396Z,https://app.hardrock.bet/competition/nfl/4425837409627930875?tab=player-props
C.J. Stroud,HOU,BUF,Pass Completions,19.5,-130,+100,Hard Rock Bet,2026-09-13T16:03:47.396Z,https://app.hardrock.bet/competition/nfl/4425837409627930875?tab=player-props
Josh Allen,BUF,HOU,Pass Attempts,30.5,-115,-115,Hard Rock Bet,2026-09-13T16:03:47.396Z,https://app.hardrock.bet/competition/nfl/4425837409627930875?tab=player-props
C.J. Stroud,HOU,BUF,Pass Attempts,31.5,-115,-115,Hard Rock Bet,2026-09-13T16:03:47.396Z,https://app.hardrock.bet/competition/nfl/4425837409627930875?tab=player-props
Josh Allen,BUF,HOU,Rushing Attempts,6.5,-115,-115,Hard Rock Bet,2026-09-13T16:04:03.436Z,https://app.hardrock.bet/competition/nfl/4425837409627930875?tab=player-props
James Cook III,BUF,HOU,Rushing Attempts,16.5,-125,-105,Hard Rock Bet,2026-09-13T16:04:03.436Z,https://app.hardrock.bet/competition/nfl/4425837409627930875?tab=player-props
Woody Marks,HOU,BUF,Rushing Attempts,7.5,-105,-125,Hard Rock Bet,2026-09-13T16:04:03.436Z,https://app.hardrock.bet/competition/nfl/4425837409627930875?tab=player-props
David Montgomery,HOU,BUF,Rushing Attempts,13.5,-120,-110,Hard Rock Bet,2026-09-13T16:04:03.436Z,https://app.hardrock.bet/competition/nfl/4425837409627930875?tab=player-props
James Cook III,BUF,HOU,Receptions,2.5,-130,+100,Hard Rock Bet,2026-09-13T16:04:20.539Z,https://app.hardrock.bet/competition/nfl/4425837409627930875?tab=player-props
Dawson Knox,BUF,HOU,Receptions,1.5,+100,-130,Hard Rock Bet,2026-09-13T16:04:20.539Z,https://app.hardrock.bet/competition/nfl/4425837409627930875?tab=player-props
DJ Moore,BUF,HOU,Receptions,3.5,-145,+110,Hard Rock Bet,2026-09-13T16:04:20.539Z,https://app.hardrock.bet/competition/nfl/4425837409627930875?tab=player-props
Khalil Shakir,BUF,HOU,Receptions,3.5,-130,+100,Hard Rock Bet,2026-09-13T16:04:20.539Z,https://app.hardrock.bet/competition/nfl/4425837409627930875?tab=player-props
Dalton Kincaid,BUF,HOU,Receptions,3.5,-110,-120,Hard Rock Bet,2026-09-13T16:04:20.539Z,https://app.hardrock.bet/competition/nfl/4425837409627930875?tab=player-props
Joshua Palmer,BUF,HOU,Receptions,1.5,+155,-210,Hard Rock Bet,2026-09-13T16:04:20.539Z,https://app.hardrock.bet/competition/nfl/4425837409627930875?tab=player-props
Keon Coleman,BUF,HOU,Receptions,1.5,+165,-230,Hard Rock Bet,2026-09-13T16:04:20.539Z,https://app.hardrock.bet/competition/nfl/4425837409627930875?tab=player-props
Dalton Schultz,HOU,BUF,Receptions,3.5,-120,-110,Hard Rock Bet,2026-09-13T16:04:20.539Z,https://app.hardrock.bet/competition/nfl/4425837409627930875?tab=player-props
David Montgomery,HOU,BUF,Receptions,1.5,-130,+100,Hard Rock Bet,2026-09-13T16:04:20.539Z,https://app.hardrock.bet/competition/nfl/4425837409627930875?tab=player-props
Kayshon Boutte,HOU,BUF,Receptions,1.5,-155,+115,Hard Rock Bet,2026-09-13T16:04:20.539Z,https://app.hardrock.bet/competition/nfl/4425837409627930875?tab=player-props
Woody Marks,HOU,BUF,Receptions,1.5,-110,-120,Hard Rock Bet,2026-09-13T16:04:20.539Z,https://app.hardrock.bet/competition/nfl/4425837409627930875?tab=player-props
Nico Collins,HOU,BUF,Receptions,5.5,+115,-145,Hard Rock Bet,2026-09-13T16:04:20.539Z,https://app.hardrock.bet/competition/nfl/4425837409627930875?tab=player-props
Xavier Hutchinson,HOU,BUF,Receptions,1.5,-155,+115,Hard Rock Bet,2026-09-13T16:04:20.539Z,https://app.hardrock.bet/competition/nfl/4425837409627930875?tab=player-props
Jaylin Noel,HOU,BUF,Receptions,1.5,-110,-120,Hard Rock Bet,2026-09-13T16:04:20.539Z,https://app.hardrock.bet/competition/nfl/4425837409627930875?tab=player-props
C.J. Stroud,HOU,BUF,Passing Yards,222.5,-115,-115,Hard Rock Bet,2026-09-13T16:05:43.391Z,https://app.hardrock.bet/competition/nfl/4425837409627930875?tab=player-props
Josh Allen,BUF,HOU,Passing Yards,223.5,-115,-115,Hard Rock Bet,2026-09-13T16:05:43.391Z,https://app.hardrock.bet/competition/nfl/4425837409627930875?tab=player-props
C.J. Stroud,HOU,BUF,Rushing Yards,10.5,-115,-115,Hard Rock Bet,2026-09-13T16:05:56.938Z,https://app.hardrock.bet/competition/nfl/4425837409627930875?tab=player-props
David Montgomery,HOU,BUF,Rushing Yards,55.5,-115,-115,Hard Rock Bet,2026-09-13T16:05:56.938Z,https://app.hardrock.bet/competition/nfl/4425837409627930875?tab=player-props
James Cook III,BUF,HOU,Rushing Yards,74.5,-115,-115,Hard Rock Bet,2026-09-13T16:05:56.938Z,https://app.hardrock.bet/competition/nfl/4425837409627930875?tab=player-props
Josh Allen,BUF,HOU,Rushing Yards,31.5,-115,-115,Hard Rock Bet,2026-09-13T16:05:56.938Z,https://app.hardrock.bet/competition/nfl/4425837409627930875?tab=player-props
Woody Marks,HOU,BUF,Rushing Yards,26.5,-115,-115,Hard Rock Bet,2026-09-13T16:05:56.938Z,https://app.hardrock.bet/competition/nfl/4425837409627930875?tab=player-props
Dalton Kincaid,BUF,HOU,Receiving Yards,39.5,-115,-115,Hard Rock Bet,2026-09-13T16:06:20.283Z,https://app.hardrock.bet/competition/nfl/4425837409627930875?tab=player-props
Dalton Schultz,HOU,BUF,Receiving Yards,34.5,-115,-115,Hard Rock Bet,2026-09-13T16:06:20.283Z,https://app.hardrock.bet/competition/nfl/4425837409627930875?tab=player-props
David Montgomery,HOU,BUF,Receiving Yards,10.5,-120,-110,Hard Rock Bet,2026-09-13T16:06:20.283Z,https://app.hardrock.bet/competition/nfl/4425837409627930875?tab=player-props
Dawson Knox,BUF,HOU,Receiving Yards,13.5,-115,-115,Hard Rock Bet,2026-09-13T16:06:20.283Z,https://app.hardrock.bet/competition/nfl/4425837409627930875?tab=player-props
DJ Moore,BUF,HOU,Receiving Yards,48.5,-115,-115,Hard Rock Bet,2026-09-13T16:06:20.283Z,https://app.hardrock.bet/competition/nfl/4425837409627930875?tab=player-props
James Cook III,BUF,HOU,Receiving Yards,19.5,-115,-115,Hard Rock Bet,2026-09-13T16:06:20.283Z,https://app.hardrock.bet/competition/nfl/4425837409627930875?tab=player-props
Jaylin Noel,HOU,BUF,Receiving Yards,15.5,-115,-115,Hard Rock Bet,2026-09-13T16:06:20.283Z,https://app.hardrock.bet/competition/nfl/4425837409627930875?tab=player-props
Joshua Palmer,BUF,HOU,Receiving Yards,12.5,-115,-115,Hard Rock Bet,2026-09-13T16:06:20.283Z,https://app.hardrock.bet/competition/nfl/4425837409627930875?tab=player-props
Kayshon Boutte,HOU,BUF,Receiving Yards,20.5,-120,-110,Hard Rock Bet,2026-09-13T16:06:20.283Z,https://app.hardrock.bet/competition/nfl/4425837409627930875?tab=player-props
Keon Coleman,BUF,HOU,Receiving Yards,11.5,-115,-115,Hard Rock Bet,2026-09-13T16:06:20.283Z,https://app.hardrock.bet/competition/nfl/4425837409627930875?tab=player-props
Khalil Shakir,BUF,HOU,Receiving Yards,36.5,-115,-115,Hard Rock Bet,2026-09-13T16:06:20.283Z,https://app.hardrock.bet/competition/nfl/4425837409627930875?tab=player-props
Nico Collins,HOU,BUF,Receiving Yards,70.5,-115,-115,Hard Rock Bet,2026-09-13T16:06:20.283Z,https://app.hardrock.bet/competition/nfl/4425837409627930875?tab=player-props
Woody Marks,HOU,BUF,Receiving Yards,9.5,-110,-120,Hard Rock Bet,2026-09-13T16:06:20.283Z,https://app.hardrock.bet/competition/nfl/4425837409627930875?tab=player-props
Xavier Hutchinson,HOU,BUF,Receiving Yards,17.5,-115,-115,Hard Rock Bet,2026-09-13T16:06:20.283Z,https://app.hardrock.bet/competition/nfl/4425837409627930875?tab=player-props
Caleb Williams,CHI,CAR,Passing TDs,1.5,-115,-115,Hard Rock Bet,2026-09-13T16:02:32.640Z,https://app.hardrock.bet/competition/nfl/4833624282137493756?tab=player-props
Bryce Young,CAR,CHI,Passing TDs,1.5,+110,-145,Hard Rock Bet,2026-09-13T16:02:32.640Z,https://app.hardrock.bet/competition/nfl/4833624282137493756?tab=player-props
Caleb Williams,CHI,CAR,Interceptions,0.5,+120,-155,Hard Rock Bet,2026-09-13T16:02:32.640Z,https://app.hardrock.bet/competition/nfl/4833624282137493756?tab=player-props
Bryce Young,CAR,CHI,Interceptions,0.5,+100,-130,Hard Rock Bet,2026-09-13T16:02:32.640Z,https://app.hardrock.bet/competition/nfl/4833624282137493756?tab=player-props
Caleb Williams,CHI,CAR,Pass Completions,20.5,+100,-130,Hard Rock Bet,2026-09-13T16:02:32.640Z,https://app.hardrock.bet/competition/nfl/4833624282137493756?tab=player-props
Bryce Young,CAR,CHI,Pass Completions,19.5,-120,-110,Hard Rock Bet,2026-09-13T16:02:32.640Z,https://app.hardrock.bet/competition/nfl/4833624282137493756?tab=player-props
Caleb Williams,CHI,CAR,Pass Attempts,32.5,-115,-115,Hard Rock Bet,2026-09-13T16:02:32.640Z,https://app.hardrock.bet/competition/nfl/4833624282137493756?tab=player-props
Bryce Young,CAR,CHI,Pass Attempts,30.5,-115,-115,Hard Rock Bet,2026-09-13T16:02:32.640Z,https://app.hardrock.bet/competition/nfl/4833624282137493756?tab=player-props
D'Andre Swift,CHI,CAR,Rushing Attempts,13.5,-120,-110,Hard Rock Bet,2026-09-13T16:02:49.844Z,https://app.hardrock.bet/competition/nfl/4833624282137493756?tab=player-props
Caleb Williams,CHI,CAR,Rushing Attempts,3.5,-135,+105,Hard Rock Bet,2026-09-13T16:02:49.844Z,https://app.hardrock.bet/competition/nfl/4833624282137493756?tab=player-props
Kyle Monangai,CHI,CAR,Rushing Attempts,7.5,-125,-105,Hard Rock Bet,2026-09-13T16:02:49.844Z,https://app.hardrock.bet/competition/nfl/4833624282137493756?tab=player-props
Bryce Young,CAR,CHI,Rushing Attempts,3.5,+115,-150,Hard Rock Bet,2026-09-13T16:02:49.844Z,https://app.hardrock.bet/competition/nfl/4833624282137493756?tab=player-props
Jonathon Brooks,CAR,CHI,Rushing Attempts,7.5,-125,-105,Hard Rock Bet,2026-09-13T16:02:49.844Z,https://app.hardrock.bet/competition/nfl/4833624282137493756?tab=player-props
Chuba Hubbard,CAR,CHI,Rushing Attempts,12.5,-125,-105,Hard Rock Bet,2026-09-13T16:02:49.844Z,https://app.hardrock.bet/competition/nfl/4833624282137493756?tab=player-props
D'Andre Swift,CHI,CAR,Receptions,1.5,-165,+125,Hard Rock Bet,2026-09-13T16:03:19.026Z,https://app.hardrock.bet/competition/nfl/4833624282137493756?tab=player-props
Cole Kmet,CHI,CAR,Receptions,1.5,-120,-110,Hard Rock Bet,2026-09-13T16:03:19.026Z,https://app.hardrock.bet/competition/nfl/4833624282137493756?tab=player-props
Luther Burden III,CHI,CAR,Receptions,4.5,-135,+105,Hard Rock Bet,2026-09-13T16:03:19.026Z,https://app.hardrock.bet/competition/nfl/4833624282137493756?tab=player-props
Rome Odunze,CHI,CAR,Receptions,3.5,+130,-170,Hard Rock Bet,2026-09-13T16:03:19.026Z,https://app.hardrock.bet/competition/nfl/4833624282137493756?tab=player-props
Kalif Raymond,CHI,CAR,Receptions,1.5,-115,-115,Hard Rock Bet,2026-09-13T16:03:19.026Z,https://app.hardrock.bet/competition/nfl/4833624282137493756?tab=player-props
Colston Loveland,CHI,CAR,Receptions,4.5,-130,+100,Hard Rock Bet,2026-09-13T16:03:19.026Z,https://app.hardrock.bet/competition/nfl/4833624282137493756?tab=player-props
Kyle Monangai,CHI,CAR,Receptions,1.5,+175,-250,Hard Rock Bet,2026-09-13T16:03:19.026Z,https://app.hardrock.bet/competition/nfl/4833624282137493756?tab=player-props
Tetairoa McMillan,CAR,CHI,Receptions,4.5,-120,-110,Hard Rock Bet,2026-09-13T16:03:19.026Z,https://app.hardrock.bet/competition/nfl/4833624282137493756?tab=player-props
Jalen Coker,CAR,CHI,Receptions,3.5,-130,+100,Hard Rock Bet,2026-09-13T16:03:19.026Z,https://app.hardrock.bet/competition/nfl/4833624282137493756?tab=player-props
Xavier Legette,CAR,CHI,Receptions,2.5,+140,-190,Hard Rock Bet,2026-09-13T16:03:19.026Z,https://app.hardrock.bet/competition/nfl/4833624282137493756?tab=player-props
Tommy Tremble,CAR,CHI,Receptions,1.5,+110,-145,Hard Rock Bet,2026-09-13T16:03:19.026Z,https://app.hardrock.bet/competition/nfl/4833624282137493756?tab=player-props
Darren Waller,CAR,CHI,Receptions,1.5,-180,+135,Hard Rock Bet,2026-09-13T16:03:19.026Z,https://app.hardrock.bet/competition/nfl/4833624282137493756?tab=player-props
Chuba Hubbard,CAR,CHI,Receptions,1.5,-155,+120,Hard Rock Bet,2026-09-13T16:03:19.026Z,https://app.hardrock.bet/competition/nfl/4833624282137493756?tab=player-props
Jonathon Brooks,CAR,CHI,Receptions,1.5,-115,-115,Hard Rock Bet,2026-09-13T16:03:19.026Z,https://app.hardrock.bet/competition/nfl/4833624282137493756?tab=player-props
Bryce Young,CAR,CHI,Passing Yards,210.5,-115,-115,Hard Rock Bet,2026-09-13T16:05:36.801Z,https://app.hardrock.bet/competition/nfl/4833624282137493756?tab=player-props
Caleb Williams,CHI,CAR,Passing Yards,226.5,-115,-115,Hard Rock Bet,2026-09-13T16:05:36.801Z,https://app.hardrock.bet/competition/nfl/4833624282137493756?tab=player-props
Bryce Young,CAR,CHI,Rushing Yards,13.5,-120,-110,Hard Rock Bet,2026-09-13T16:05:47.732Z,https://app.hardrock.bet/competition/nfl/4833624282137493756?tab=player-props
Caleb Williams,CHI,CAR,Rushing Yards,19.5,-120,-110,Hard Rock Bet,2026-09-13T16:05:47.732Z,https://app.hardrock.bet/competition/nfl/4833624282137493756?tab=player-props
Chuba Hubbard,CAR,CHI,Rushing Yards,50.5,-115,-115,Hard Rock Bet,2026-09-13T16:05:47.732Z,https://app.hardrock.bet/competition/nfl/4833624282137493756?tab=player-props
D'Andre Swift,CHI,CAR,Rushing Yards,60.5,-115,-115,Hard Rock Bet,2026-09-13T16:05:47.732Z,https://app.hardrock.bet/competition/nfl/4833624282137493756?tab=player-props
Jonathon Brooks,CAR,CHI,Rushing Yards,26.5,-115,-115,Hard Rock Bet,2026-09-13T16:05:47.732Z,https://app.hardrock.bet/competition/nfl/4833624282137493756?tab=player-props
Kyle Monangai,CHI,CAR,Rushing Yards,31.5,-115,-115,Hard Rock Bet,2026-09-13T16:05:47.732Z,https://app.hardrock.bet/competition/nfl/4833624282137493756?tab=player-props
Chuba Hubbard,CAR,CHI,Receiving Yards,9.5,-115,-115,Hard Rock Bet,2026-09-13T16:06:01.765Z,https://app.hardrock.bet/competition/nfl/4833624282137493756?tab=player-props
Cole Kmet,CHI,CAR,Receiving Yards,13.5,-115,-115,Hard Rock Bet,2026-09-13T16:06:01.765Z,https://app.hardrock.bet/competition/nfl/4833624282137493756?tab=player-props
Colston Loveland,CHI,CAR,Receiving Yards,54.5,-120,-110,Hard Rock Bet,2026-09-13T16:06:01.765Z,https://app.hardrock.bet/competition/nfl/4833624282137493756?tab=player-props
D'Andre Swift,CHI,CAR,Receiving Yards,13.5,-115,-115,Hard Rock Bet,2026-09-13T16:06:01.765Z,https://app.hardrock.bet/competition/nfl/4833624282137493756?tab=player-props
Darren Waller,CAR,CHI,Receiving Yards,16.5,-115,-115,Hard Rock Bet,2026-09-13T16:06:01.765Z,https://app.hardrock.bet/competition/nfl/4833624282137493756?tab=player-props
Jalen Coker,CAR,CHI,Receiving Yards,41.5,-115,-115,Hard Rock Bet,2026-09-13T16:06:01.765Z,https://app.hardrock.bet/competition/nfl/4833624282137493756?tab=player-props
Jonathon Brooks,CAR,CHI,Receiving Yards,9.5,-115,-115,Hard Rock Bet,2026-09-13T16:06:01.765Z,https://app.hardrock.bet/competition/nfl/4833624282137493756?tab=player-props
Kalif Raymond,CHI,CAR,Receiving Yards,14.5,-115,-115,Hard Rock Bet,2026-09-13T16:06:01.765Z,https://app.hardrock.bet/competition/nfl/4833624282137493756?tab=player-props
Kyle Monangai,CHI,CAR,Receiving Yards,5.5,-120,-110,Hard Rock Bet,2026-09-13T16:06:01.765Z,https://app.hardrock.bet/competition/nfl/4833624282137493756?tab=player-props
Luther Burden III,CHI,CAR,Receiving Yards,58.5,-115,-115,Hard Rock Bet,2026-09-13T16:06:01.765Z,https://app.hardrock.bet/competition/nfl/4833624282137493756?tab=player-props
Rome Odunze,CHI,CAR,Receiving Yards,39.5,-115,-115,Hard Rock Bet,2026-09-13T16:06:01.765Z,https://app.hardrock.bet/competition/nfl/4833624282137493756?tab=player-props
Tetairoa McMillan,CAR,CHI,Receiving Yards,62.5,-115,-115,Hard Rock Bet,2026-09-13T16:06:01.765Z,https://app.hardrock.bet/competition/nfl/4833624282137493756?tab=player-props
Tommy Tremble,CAR,CHI,Receiving Yards,11.5,-110,-120,Hard Rock Bet,2026-09-13T16:06:01.765Z,https://app.hardrock.bet/competition/nfl/4833624282137493756?tab=player-props
Xavier Legette,CAR,CHI,Receiving Yards,18.5,-115,-115,Hard Rock Bet,2026-09-13T16:06:01.765Z,https://app.hardrock.bet/competition/nfl/4833624282137493756?tab=player-props
Deshaun Watson,CLE,JAX,Passing TDs,0.5,-180,+135,Hard Rock Bet,2026-09-13T16:02:32.877Z,https://app.hardrock.bet/competition/nfl/1080225836445073717?tab=player-props
Trevor Lawrence,JAX,CLE,Passing TDs,1.5,-110,-120,Hard Rock Bet,2026-09-13T16:02:32.877Z,https://app.hardrock.bet/competition/nfl/1080225836445073717?tab=player-props
Deshaun Watson,CLE,JAX,Interceptions,0.5,-150,+115,Hard Rock Bet,2026-09-13T16:02:32.877Z,https://app.hardrock.bet/competition/nfl/1080225836445073717?tab=player-props
Trevor Lawrence,JAX,CLE,Interceptions,0.5,+105,-135,Hard Rock Bet,2026-09-13T16:02:32.877Z,https://app.hardrock.bet/competition/nfl/1080225836445073717?tab=player-props
Deshaun Watson,CLE,JAX,Pass Completions,18.5,-115,-115,Hard Rock Bet,2026-09-13T16:02:32.877Z,https://app.hardrock.bet/competition/nfl/1080225836445073717?tab=player-props
Trevor Lawrence,JAX,CLE,Pass Completions,20.5,-110,-120,Hard Rock Bet,2026-09-13T16:02:32.877Z,https://app.hardrock.bet/competition/nfl/1080225836445073717?tab=player-props
Deshaun Watson,CLE,JAX,Pass Attempts,30.5,-115,-115,Hard Rock Bet,2026-09-13T16:02:32.877Z,https://app.hardrock.bet/competition/nfl/1080225836445073717?tab=player-props
Trevor Lawrence,JAX,CLE,Pass Attempts,31.5,-120,-110,Hard Rock Bet,2026-09-13T16:02:32.877Z,https://app.hardrock.bet/competition/nfl/1080225836445073717?tab=player-props
Quinshon Judkins,CLE,JAX,Rushing Attempts,15.5,-115,-115,Hard Rock Bet,2026-09-13T16:02:49.841Z,https://app.hardrock.bet/competition/nfl/1080225836445073717?tab=player-props
Deshaun Watson,CLE,JAX,Rushing Attempts,4.5,+110,-145,Hard Rock Bet,2026-09-13T16:02:49.841Z,https://app.hardrock.bet/competition/nfl/1080225836445073717?tab=player-props
Chris Rodriguez Jr.,JAX,CLE,Rushing Attempts,9.5,-115,-115,Hard Rock Bet,2026-09-13T16:02:49.841Z,https://app.hardrock.bet/competition/nfl/1080225836445073717?tab=player-props
Trevor Lawrence,JAX,CLE,Rushing Attempts,4.5,-125,-105,Hard Rock Bet,2026-09-13T16:02:49.841Z,https://app.hardrock.bet/competition/nfl/1080225836445073717?tab=player-props
Bhayshul Tuten,JAX,CLE,Rushing Attempts,11.5,-125,-105,Hard Rock Bet,2026-09-13T16:02:49.841Z,https://app.hardrock.bet/competition/nfl/1080225836445073717?tab=player-props
Quinshon Judkins,CLE,JAX,Receptions,1.5,-135,+105,Hard Rock Bet,2026-09-13T16:03:16.087Z,https://app.hardrock.bet/competition/nfl/1080225836445073717?tab=player-props
Harold Fannin Jr.,CLE,JAX,Receptions,3.5,-165,+125,Hard Rock Bet,2026-09-13T16:03:16.087Z,https://app.hardrock.bet/competition/nfl/1080225836445073717?tab=player-props
Denzel Boston,CLE,JAX,Receptions,2.5,+110,-140,Hard Rock Bet,2026-09-13T16:03:16.087Z,https://app.hardrock.bet/competition/nfl/1080225836445073717?tab=player-props
Jerry Jeudy,CLE,JAX,Receptions,2.5,-165,+125,Hard Rock Bet,2026-09-13T16:03:16.087Z,https://app.hardrock.bet/competition/nfl/1080225836445073717?tab=player-props
Jakobi Meyers,JAX,CLE,Receptions,3.5,-115,-115,Hard Rock Bet,2026-09-13T16:03:16.087Z,https://app.hardrock.bet/competition/nfl/1080225836445073717?tab=player-props
Bhayshul Tuten,JAX,CLE,Receptions,1.5,-155,+120,Hard Rock Bet,2026-09-13T16:03:16.087Z,https://app.hardrock.bet/competition/nfl/1080225836445073717?tab=player-props
Brian Thomas Jr.,JAX,CLE,Receptions,2.5,-170,+130,Hard Rock Bet,2026-09-13T16:03:16.087Z,https://app.hardrock.bet/competition/nfl/1080225836445073717?tab=player-props
Brenton Strange,JAX,CLE,Receptions,3.5,+100,-130,Hard Rock Bet,2026-09-13T16:03:16.087Z,https://app.hardrock.bet/competition/nfl/1080225836445073717?tab=player-props
Parker Washington,JAX,CLE,Receptions,4.5,+115,-150,Hard Rock Bet,2026-09-13T16:03:16.087Z,https://app.hardrock.bet/competition/nfl/1080225836445073717?tab=player-props
Deshaun Watson,CLE,JAX,Passing Yards,178.5,-115,-115,Hard Rock Bet,2026-09-13T16:05:33.641Z,https://app.hardrock.bet/competition/nfl/1080225836445073717?tab=player-props
Trevor Lawrence,JAX,CLE,Passing Yards,228.5,-115,-115,Hard Rock Bet,2026-09-13T16:05:33.641Z,https://app.hardrock.bet/competition/nfl/1080225836445073717?tab=player-props
Bhayshul Tuten,JAX,CLE,Rushing Yards,44.5,-115,-115,Hard Rock Bet,2026-09-13T16:05:44.246Z,https://app.hardrock.bet/competition/nfl/1080225836445073717?tab=player-props
Chris Rodriguez Jr.,JAX,CLE,Rushing Yards,37.5,-115,-115,Hard Rock Bet,2026-09-13T16:05:44.246Z,https://app.hardrock.bet/competition/nfl/1080225836445073717?tab=player-props
Deshaun Watson,CLE,JAX,Rushing Yards,16.5,-115,-115,Hard Rock Bet,2026-09-13T16:05:44.246Z,https://app.hardrock.bet/competition/nfl/1080225836445073717?tab=player-props
Quinshon Judkins,CLE,JAX,Rushing Yards,56.5,-115,-115,Hard Rock Bet,2026-09-13T16:05:44.246Z,https://app.hardrock.bet/competition/nfl/1080225836445073717?tab=player-props
Trevor Lawrence,JAX,CLE,Rushing Yards,17.5,-110,-120,Hard Rock Bet,2026-09-13T16:05:44.246Z,https://app.hardrock.bet/competition/nfl/1080225836445073717?tab=player-props
Bhayshul Tuten,JAX,CLE,Receiving Yards,11.5,-115,-115,Hard Rock Bet,2026-09-13T16:05:56.926Z,https://app.hardrock.bet/competition/nfl/1080225836445073717?tab=player-props
Brenton Strange,JAX,CLE,Receiving Yards,35.5,-115,-115,Hard Rock Bet,2026-09-13T16:05:56.926Z,https://app.hardrock.bet/competition/nfl/1080225836445073717?tab=player-props
Brian Thomas Jr.,JAX,CLE,Receiving Yards,39.5,-115,-115,Hard Rock Bet,2026-09-13T16:05:56.926Z,https://app.hardrock.bet/competition/nfl/1080225836445073717?tab=player-props
Denzel Boston,CLE,JAX,Receiving Yards,24.5,-120,-110,Hard Rock Bet,2026-09-13T16:05:56.926Z,https://app.hardrock.bet/competition/nfl/1080225836445073717?tab=player-props
Dylan Sampson,CLE,JAX,Receiving Yards,8.5,-115,-115,Hard Rock Bet,2026-09-13T16:05:56.926Z,https://app.hardrock.bet/competition/nfl/1080225836445073717?tab=player-props
Harold Fannin Jr.,CLE,JAX,Receiving Yards,37.5,-115,-115,Hard Rock Bet,2026-09-13T16:05:56.926Z,https://app.hardrock.bet/competition/nfl/1080225836445073717?tab=player-props
Jakobi Meyers,JAX,CLE,Receiving Yards,37.5,-115,-115,Hard Rock Bet,2026-09-13T16:05:56.926Z,https://app.hardrock.bet/competition/nfl/1080225836445073717?tab=player-props
Jerry Jeudy,CLE,JAX,Receiving Yards,29.5,-115,-115,Hard Rock Bet,2026-09-13T16:05:56.926Z,https://app.hardrock.bet/competition/nfl/1080225836445073717?tab=player-props
Parker Washington,JAX,CLE,Receiving Yards,54.5,-115,-115,Hard Rock Bet,2026-09-13T16:05:56.926Z,https://app.hardrock.bet/competition/nfl/1080225836445073717?tab=player-props
Quinshon Judkins,CLE,JAX,Receiving Yards,9.5,-115,-115,Hard Rock Bet,2026-09-13T16:05:56.926Z,https://app.hardrock.bet/competition/nfl/1080225836445073717?tab=player-props
Tyler Shough,NO,DET,Passing TDs,1.5,+125,-165,Hard Rock Bet,2026-09-13T16:02:33.996Z,https://app.hardrock.bet/competition/nfl/7565409299858587961?tab=player-props
Jared Goff,DET,NO,Passing TDs,1.5,-210,+155,Hard Rock Bet,2026-09-13T16:02:33.996Z,https://app.hardrock.bet/competition/nfl/7565409299858587961?tab=player-props
Tyler Shough,NO,DET,Interceptions,0.5,-120,-110,Hard Rock Bet,2026-09-13T16:02:33.996Z,https://app.hardrock.bet/competition/nfl/7565409299858587961?tab=player-props
Jared Goff,DET,NO,Interceptions,0.5,+120,-155,Hard Rock Bet,2026-09-13T16:02:33.996Z,https://app.hardrock.bet/competition/nfl/7565409299858587961?tab=player-props
Tyler Shough,NO,DET,Pass Completions,21.5,-115,-115,Hard Rock Bet,2026-09-13T16:02:33.996Z,https://app.hardrock.bet/competition/nfl/7565409299858587961?tab=player-props
Jared Goff,DET,NO,Pass Completions,22.5,-125,-105,Hard Rock Bet,2026-09-13T16:02:33.996Z,https://app.hardrock.bet/competition/nfl/7565409299858587961?tab=player-props
Tyler Shough,NO,DET,Pass Attempts,33.5,-120,-110,Hard Rock Bet,2026-09-13T16:02:33.996Z,https://app.hardrock.bet/competition/nfl/7565409299858587961?tab=player-props
Jared Goff,DET,NO,Pass Attempts,33.5,-115,-115,Hard Rock Bet,2026-09-13T16:02:33.996Z,https://app.hardrock.bet/competition/nfl/7565409299858587961?tab=player-props
Tyler Shough,NO,DET,Rushing Attempts,4.5,-105,-125,Hard Rock Bet,2026-09-13T16:02:49.482Z,https://app.hardrock.bet/competition/nfl/7565409299858587961?tab=player-props
Travis Etienne Jr.,NO,DET,Rushing Attempts,14.5,-130,+100,Hard Rock Bet,2026-09-13T16:02:49.482Z,https://app.hardrock.bet/competition/nfl/7565409299858587961?tab=player-props
Jahmyr Gibbs,DET,NO,Rushing Attempts,18.5,-120,-110,Hard Rock Bet,2026-09-13T16:02:49.482Z,https://app.hardrock.bet/competition/nfl/7565409299858587961?tab=player-props
Juwan Johnson,NO,DET,Receptions,4.5,+120,-155,Hard Rock Bet,2026-09-13T16:03:16.052Z,https://app.hardrock.bet/competition/nfl/7565409299858587961?tab=player-props
Travis Etienne Jr.,NO,DET,Receptions,2.5,-135,+105,Hard Rock Bet,2026-09-13T16:03:16.052Z,https://app.hardrock.bet/competition/nfl/7565409299858587961?tab=player-props
Chris Olave,NO,DET,Receptions,6.5,+110,-140,Hard Rock Bet,2026-09-13T16:03:16.052Z,https://app.hardrock.bet/competition/nfl/7565409299858587961?tab=player-props
Devaughn Vele,NO,DET,Receptions,3.5,-105,-125,Hard Rock Bet,2026-09-13T16:03:16.052Z,https://app.hardrock.bet/competition/nfl/7565409299858587961?tab=player-props
Amon-Ra St. Brown,DET,NO,Receptions,6.5,-115,-115,Hard Rock Bet,2026-09-13T16:03:16.052Z,https://app.hardrock.bet/competition/nfl/7565409299858587961?tab=player-props
Jahmyr Gibbs,DET,NO,Receptions,4.5,+115,-150,Hard Rock Bet,2026-09-13T16:03:16.052Z,https://app.hardrock.bet/competition/nfl/7565409299858587961?tab=player-props
Jameson Williams,DET,NO,Receptions,3.5,-145,+110,Hard Rock Bet,2026-09-13T16:03:16.052Z,https://app.hardrock.bet/competition/nfl/7565409299858587961?tab=player-props
Isaac TeSlaa,DET,NO,Receptions,1.5,+100,-130,Hard Rock Bet,2026-09-13T16:03:16.052Z,https://app.hardrock.bet/competition/nfl/7565409299858587961?tab=player-props
Sam LaPorta,DET,NO,Receptions,4.5,+120,-150,Hard Rock Bet,2026-09-13T16:03:16.052Z,https://app.hardrock.bet/competition/nfl/7565409299858587961?tab=player-props
Jared Goff,DET,NO,Passing Yards,257.5,-115,-115,Hard Rock Bet,2026-09-13T16:05:39.264Z,https://app.hardrock.bet/competition/nfl/7565409299858587961?tab=player-props
Tyler Shough,NO,DET,Passing Yards,241.5,-115,-115,Hard Rock Bet,2026-09-13T16:05:39.264Z,https://app.hardrock.bet/competition/nfl/7565409299858587961?tab=player-props
Jahmyr Gibbs,DET,NO,Rushing Yards,86.5,-115,-115,Hard Rock Bet,2026-09-13T16:05:49.495Z,https://app.hardrock.bet/competition/nfl/7565409299858587961?tab=player-props
Jared Goff,DET,NO,Rushing Yards,0.5,+135,-180,Hard Rock Bet,2026-09-13T16:05:49.495Z,https://app.hardrock.bet/competition/nfl/7565409299858587961?tab=player-props
Travis Etienne Jr.,NO,DET,Rushing Yards,57.5,-115,-115,Hard Rock Bet,2026-09-13T16:05:49.495Z,https://app.hardrock.bet/competition/nfl/7565409299858587961?tab=player-props
Tyler Shough,NO,DET,Rushing Yards,19.5,-110,-120,Hard Rock Bet,2026-09-13T16:05:49.495Z,https://app.hardrock.bet/competition/nfl/7565409299858587961?tab=player-props
Amon-Ra St. Brown,DET,NO,Receiving Yards,78.5,-115,-115,Hard Rock Bet,2026-09-13T16:06:01.452Z,https://app.hardrock.bet/competition/nfl/7565409299858587961?tab=player-props
Chris Olave,NO,DET,Receiving Yards,77.5,-115,-115,Hard Rock Bet,2026-09-13T16:06:01.452Z,https://app.hardrock.bet/competition/nfl/7565409299858587961?tab=player-props
Devaughn Vele,NO,DET,Receiving Yards,40.5,-115,-115,Hard Rock Bet,2026-09-13T16:06:01.452Z,https://app.hardrock.bet/competition/nfl/7565409299858587961?tab=player-props
Isaac TeSlaa,DET,NO,Receiving Yards,17.5,-115,-115,Hard Rock Bet,2026-09-13T16:06:01.452Z,https://app.hardrock.bet/competition/nfl/7565409299858587961?tab=player-props
Jahmyr Gibbs,DET,NO,Receiving Yards,30.5,-120,-110,Hard Rock Bet,2026-09-13T16:06:01.452Z,https://app.hardrock.bet/competition/nfl/7565409299858587961?tab=player-props
Jameson Williams,DET,NO,Receiving Yards,58.5,-115,-115,Hard Rock Bet,2026-09-13T16:06:01.452Z,https://app.hardrock.bet/competition/nfl/7565409299858587961?tab=player-props
Juwan Johnson,NO,DET,Receiving Yards,43.5,-115,-115,Hard Rock Bet,2026-09-13T16:06:01.452Z,https://app.hardrock.bet/competition/nfl/7565409299858587961?tab=player-props
Sam LaPorta,DET,NO,Receiving Yards,44.5,-115,-115,Hard Rock Bet,2026-09-13T16:06:01.452Z,https://app.hardrock.bet/competition/nfl/7565409299858587961?tab=player-props
Travis Etienne Jr.,NO,DET,Receiving Yards,15.5,-120,-110,Hard Rock Bet,2026-09-13T16:06:01.452Z,https://app.hardrock.bet/competition/nfl/7565409299858587961?tab=player-props
Geno Smith,NYJ,TEN,Passing TDs,0.5,-260,+180,Hard Rock Bet,2026-09-13T16:05:38.445Z,https://app.hardrock.bet/competition/nfl/8047294459987231053?tab=player-props
Cam Ward,TEN,NYJ,Passing TDs,1.5,+180,-260,Hard Rock Bet,2026-09-13T16:05:38.445Z,https://app.hardrock.bet/competition/nfl/8047294459987231053?tab=player-props
Geno Smith,NYJ,TEN,Interceptions,0.5,-125,-105,Hard Rock Bet,2026-09-13T16:05:38.445Z,https://app.hardrock.bet/competition/nfl/8047294459987231053?tab=player-props
Cam Ward,TEN,NYJ,Interceptions,0.5,+100,-130,Hard Rock Bet,2026-09-13T16:05:38.445Z,https://app.hardrock.bet/competition/nfl/8047294459987231053?tab=player-props
Geno Smith,NYJ,TEN,Pass Completions,19.5,-105,-125,Hard Rock Bet,2026-09-13T16:05:38.445Z,https://app.hardrock.bet/competition/nfl/8047294459987231053?tab=player-props
Cam Ward,TEN,NYJ,Pass Completions,19.5,-115,-115,Hard Rock Bet,2026-09-13T16:05:38.445Z,https://app.hardrock.bet/competition/nfl/8047294459987231053?tab=player-props
Geno Smith,NYJ,TEN,Pass Attempts,30.5,-110,-120,Hard Rock Bet,2026-09-13T16:05:38.445Z,https://app.hardrock.bet/competition/nfl/8047294459987231053?tab=player-props
Cam Ward,TEN,NYJ,Pass Attempts,31.5,-125,-105,Hard Rock Bet,2026-09-13T16:05:38.445Z,https://app.hardrock.bet/competition/nfl/8047294459987231053?tab=player-props
Breece Hall,NYJ,TEN,Rushing Attempts,16.5,-105,-125,Hard Rock Bet,2026-09-13T16:05:50.678Z,https://app.hardrock.bet/competition/nfl/8047294459987231053?tab=player-props
Braelon Allen,NYJ,TEN,Rushing Attempts,4.5,-135,+110,Hard Rock Bet,2026-09-13T16:05:50.678Z,https://app.hardrock.bet/competition/nfl/8047294459987231053?tab=player-props
Tyjae Spears,TEN,NYJ,Rushing Attempts,7.5,+100,-130,Hard Rock Bet,2026-09-13T16:05:50.678Z,https://app.hardrock.bet/competition/nfl/8047294459987231053?tab=player-props
Tony Pollard,TEN,NYJ,Rushing Attempts,13.5,-110,-120,Hard Rock Bet,2026-09-13T16:05:50.678Z,https://app.hardrock.bet/competition/nfl/8047294459987231053?tab=player-props
Kenyon Sadiq,NYJ,TEN,Receptions,1.5,-110,-120,Hard Rock Bet,2026-09-13T16:03:27.087Z,https://app.hardrock.bet/competition/nfl/8047294459987231053?tab=player-props
Omar Cooper Jr.,NYJ,TEN,Receptions,1.5,-110,-120,Hard Rock Bet,2026-09-13T16:03:27.087Z,https://app.hardrock.bet/competition/nfl/8047294459987231053?tab=player-props
Adonai Mitchell,NYJ,TEN,Receptions,2.5,-125,-105,Hard Rock Bet,2026-09-13T16:03:27.087Z,https://app.hardrock.bet/competition/nfl/8047294459987231053?tab=player-props
Mason Taylor,NYJ,TEN,Receptions,2.5,+100,-130,Hard Rock Bet,2026-09-13T16:03:27.087Z,https://app.hardrock.bet/competition/nfl/8047294459987231053?tab=player-props
Breece Hall,NYJ,TEN,Receptions,2.5,-140,+110,Hard Rock Bet,2026-09-13T16:03:27.087Z,https://app.hardrock.bet/competition/nfl/8047294459987231053?tab=player-props
Garrett Wilson,NYJ,TEN,Receptions,5.5,-120,-110,Hard Rock Bet,2026-09-13T16:03:27.087Z,https://app.hardrock.bet/competition/nfl/8047294459987231053?tab=player-props
Wan'Dale Robinson,NYJ,TEN,Receptions,4.5,-105,-125,Hard Rock Bet,2026-09-13T16:03:27.087Z,https://app.hardrock.bet/competition/nfl/8047294459987231053?tab=player-props
Calvin Ridley,TEN,NYJ,Receptions,1.5,-165,+125,Hard Rock Bet,2026-09-13T16:03:27.087Z,https://app.hardrock.bet/competition/nfl/8047294459987231053?tab=player-props
Carnell Tate,NYJ,TEN,Receptions,3.5,+110,-140,Hard Rock Bet,2026-09-13T16:03:27.087Z,https://app.hardrock.bet/competition/nfl/8047294459987231053?tab=player-props
Tony Pollard,TEN,NYJ,Receptions,1.5,-120,-110,Hard Rock Bet,2026-09-13T16:03:27.087Z,https://app.hardrock.bet/competition/nfl/8047294459987231053?tab=player-props
Gunnar Helm,TEN,NYJ,Receptions,2.5,+115,-145,Hard Rock Bet,2026-09-13T16:03:27.087Z,https://app.hardrock.bet/competition/nfl/8047294459987231053?tab=player-props
Tyjae Spears,TEN,NYJ,Receptions,2.5,-115,-115,Hard Rock Bet,2026-09-13T16:03:27.087Z,https://app.hardrock.bet/competition/nfl/8047294459987231053?tab=player-props
Elic Ayomanor,TEN,NYJ,Receptions,0.5,-210,+155,Hard Rock Bet,2026-09-13T16:03:27.087Z,https://app.hardrock.bet/competition/nfl/8047294459987231053?tab=player-props
Cam Ward,TEN,NYJ,Passing Yards,201.5,-115,-115,Hard Rock Bet,2026-09-13T16:05:38.445Z,https://app.hardrock.bet/competition/nfl/8047294459987231053?tab=player-props
Geno Smith,NYJ,TEN,Passing Yards,210.5,-115,-115,Hard Rock Bet,2026-09-13T16:05:38.445Z,https://app.hardrock.bet/competition/nfl/8047294459987231053?tab=player-props
Braelon Allen,NYJ,TEN,Rushing Yards,19.5,-115,-115,Hard Rock Bet,2026-09-13T16:05:50.678Z,https://app.hardrock.bet/competition/nfl/8047294459987231053?tab=player-props
Breece Hall,NYJ,TEN,Rushing Yards,64.5,-115,-115,Hard Rock Bet,2026-09-13T16:05:50.678Z,https://app.hardrock.bet/competition/nfl/8047294459987231053?tab=player-props
Cam Ward,TEN,NYJ,Rushing Yards,9.5,-120,-110,Hard Rock Bet,2026-09-13T16:05:50.678Z,https://app.hardrock.bet/competition/nfl/8047294459987231053?tab=player-props
Geno Smith,NYJ,TEN,Rushing Yards,6.5,-115,-115,Hard Rock Bet,2026-09-13T16:05:50.678Z,https://app.hardrock.bet/competition/nfl/8047294459987231053?tab=player-props
Tony Pollard,TEN,NYJ,Rushing Yards,49.5,-115,-115,Hard Rock Bet,2026-09-13T16:05:50.678Z,https://app.hardrock.bet/competition/nfl/8047294459987231053?tab=player-props
Tyjae Spears,TEN,NYJ,Rushing Yards,25.5,-120,-110,Hard Rock Bet,2026-09-13T16:05:50.678Z,https://app.hardrock.bet/competition/nfl/8047294459987231053?tab=player-props
Adonai Mitchell,NYJ,TEN,Receiving Yards,33.5,-115,-115,Hard Rock Bet,2026-09-13T16:06:04.356Z,https://app.hardrock.bet/competition/nfl/8047294459987231053?tab=player-props
Breece Hall,NYJ,TEN,Receiving Yards,21.5,-110,-120,Hard Rock Bet,2026-09-13T16:06:04.356Z,https://app.hardrock.bet/competition/nfl/8047294459987231053?tab=player-props
Calvin Ridley,TEN,NYJ,Receiving Yards,27.5,-115,-115,Hard Rock Bet,2026-09-13T16:06:04.356Z,https://app.hardrock.bet/competition/nfl/8047294459987231053?tab=player-props
Carnell Tate,NYJ,TEN,Receiving Yards,38.5,-115,-115,Hard Rock Bet,2026-09-13T16:06:04.356Z,https://app.hardrock.bet/competition/nfl/8047294459987231053?tab=player-props
Elic Ayomanor,TEN,NYJ,Receiving Yards,9.5,-115,-115,Hard Rock Bet,2026-09-13T16:06:04.356Z,https://app.hardrock.bet/competition/nfl/8047294459987231053?tab=player-props
Garrett Wilson,NYJ,TEN,Receiving Yards,62.5,-115,-115,Hard Rock Bet,2026-09-13T16:06:04.356Z,https://app.hardrock.bet/competition/nfl/8047294459987231053?tab=player-props
Gunnar Helm,TEN,NYJ,Receiving Yards,20.5,-120,-110,Hard Rock Bet,2026-09-13T16:06:04.356Z,https://app.hardrock.bet/competition/nfl/8047294459987231053?tab=player-props
Kenyon Sadiq,NYJ,TEN,Receiving Yards,14.5,-110,-120,Hard Rock Bet,2026-09-13T16:06:04.356Z,https://app.hardrock.bet/competition/nfl/8047294459987231053?tab=player-props
Mason Taylor,NYJ,TEN,Receiving Yards,21.5,-115,-115,Hard Rock Bet,2026-09-13T16:06:04.356Z,https://app.hardrock.bet/competition/nfl/8047294459987231053?tab=player-props
Omar Cooper Jr.,NYJ,TEN,Receiving Yards,14.5,-115,-115,Hard Rock Bet,2026-09-13T16:06:04.356Z,https://app.hardrock.bet/competition/nfl/8047294459987231053?tab=player-props
Tony Pollard,TEN,NYJ,Receiving Yards,9.5,-115,-115,Hard Rock Bet,2026-09-13T16:06:04.356Z,https://app.hardrock.bet/competition/nfl/8047294459987231053?tab=player-props
Tyjae Spears,TEN,NYJ,Receiving Yards,15.5,-115,-115,Hard Rock Bet,2026-09-13T16:06:04.356Z,https://app.hardrock.bet/competition/nfl/8047294459987231053?tab=player-props
Wan'Dale Robinson,NYJ,TEN,Receiving Yards,42.5,-115,-115,Hard Rock Bet,2026-09-13T16:06:04.356Z,https://app.hardrock.bet/competition/nfl/8047294459987231053?tab=player-props
Baker Mayfield,TB,CIN,Passing Yards,233.5,-115,-115,Hard Rock Bet,2026-09-13T16:01:10Z,https://app.hardrock.bet/competition/nfl/895578251722883391?tab=player-props
Joe Burrow,CIN,TB,Passing Yards,270.5,-115,-115,Hard Rock Bet,2026-09-13T16:01:10Z,https://app.hardrock.bet/competition/nfl/895578251722883391?tab=player-props
Baker Mayfield,TB,CIN,Passing TDs,1.5,-110,-120,Hard Rock Bet,2026-09-13T16:01:10Z,https://app.hardrock.bet/competition/nfl/895578251722883391?tab=player-props
Joe Burrow,CIN,TB,Passing TDs,2.5,+160,-220,Hard Rock Bet,2026-09-13T16:01:10Z,https://app.hardrock.bet/competition/nfl/895578251722883391?tab=player-props
Baker Mayfield,TB,CIN,Interceptions,0.5,-120,-110,Hard Rock Bet,2026-09-13T16:01:10Z,https://app.hardrock.bet/competition/nfl/895578251722883391?tab=player-props
Joe Burrow,CIN,TB,Interceptions,0.5,+115,-160,Hard Rock Bet,2026-09-13T16:01:10Z,https://app.hardrock.bet/competition/nfl/895578251722883391?tab=player-props
Baker Mayfield,TB,CIN,Pass Completions,20.5,-120,-110,Hard Rock Bet,2026-09-13T16:01:10Z,https://app.hardrock.bet/competition/nfl/895578251722883391?tab=player-props
Joe Burrow,CIN,TB,Pass Completions,24.5,-120,-110,Hard Rock Bet,2026-09-13T16:01:10Z,https://app.hardrock.bet/competition/nfl/895578251722883391?tab=player-props
Baker Mayfield,TB,CIN,Pass Attempts,31.5,-115,-115,Hard Rock Bet,2026-09-13T16:01:10Z,https://app.hardrock.bet/competition/nfl/895578251722883391?tab=player-props
Joe Burrow,CIN,TB,Pass Attempts,34.5,-120,-110,Hard Rock Bet,2026-09-13T16:01:10Z,https://app.hardrock.bet/competition/nfl/895578251722883391?tab=player-props
Baker Mayfield,TB,CIN,Rushing Attempts,3.5,-105,-125,Hard Rock Bet,2026-09-13T16:02:54Z,https://app.hardrock.bet/competition/nfl/895578251722883391?tab=player-props
Bucky Irving,TB,CIN,Rushing Attempts,14.5,-120,-110,Hard Rock Bet,2026-09-13T16:02:54Z,https://app.hardrock.bet/competition/nfl/895578251722883391?tab=player-props
Joe Burrow,CIN,TB,Rushing Attempts,2.5,-130,+100,Hard Rock Bet,2026-09-13T16:02:54Z,https://app.hardrock.bet/competition/nfl/895578251722883391?tab=player-props
Chase Brown,CIN,TB,Rushing Attempts,14.5,-115,-115,Hard Rock Bet,2026-09-13T16:02:54Z,https://app.hardrock.bet/competition/nfl/895578251722883391?tab=player-props
Baker Mayfield,TB,CIN,Rushing Yards,16.5,-115,-115,Hard Rock Bet,2026-09-13T16:04:38Z,https://app.hardrock.bet/competition/nfl/895578251722883391?tab=player-props
Bucky Irving,TB,CIN,Rushing Yards,60.5,-120,-110,Hard Rock Bet,2026-09-13T16:04:38Z,https://app.hardrock.bet/competition/nfl/895578251722883391?tab=player-props
Chase Brown,CIN,TB,Rushing Yards,57.5,-115,-115,Hard Rock Bet,2026-09-13T16:04:38Z,https://app.hardrock.bet/competition/nfl/895578251722883391?tab=player-props
Joe Burrow,CIN,TB,Rushing Yards,8.5,-115,-115,Hard Rock Bet,2026-09-13T16:04:38Z,https://app.hardrock.bet/competition/nfl/895578251722883391?tab=player-props
Kenneth Gainwell,unresolved,unresolved,Rushing Yards,22.5,-115,-115,Hard Rock Bet,2026-09-13T16:04:38Z,https://app.hardrock.bet/competition/nfl/895578251722883391?tab=player-props
Samaje Perine,CIN,TB,Rushing Yards,18.5,-110,-120,Hard Rock Bet,2026-09-13T16:04:38Z,https://app.hardrock.bet/competition/nfl/895578251722883391?tab=player-props
Andrei Iosivas,unresolved,unresolved,Receiving Yards,13.5,-115,-115,Hard Rock Bet,2026-09-13T16:05:31Z,https://app.hardrock.bet/competition/nfl/895578251722883391?tab=player-props
Bucky Irving,TB,CIN,Receiving Yards,13.5,-120,-110,Hard Rock Bet,2026-09-13T16:05:31Z,https://app.hardrock.bet/competition/nfl/895578251722883391?tab=player-props
Cade Otton,TB,CIN,Receiving Yards,31.5,-120,-110,Hard Rock Bet,2026-09-13T16:05:31Z,https://app.hardrock.bet/competition/nfl/895578251722883391?tab=player-props
Chase Brown,CIN,TB,Receiving Yards,24.5,-115,-115,Hard Rock Bet,2026-09-13T16:05:31Z,https://app.hardrock.bet/competition/nfl/895578251722883391?tab=player-props
Chris Godwin Jr.,TB,CIN,Receiving Yards,48.5,-115,-115,Hard Rock Bet,2026-09-13T16:05:31Z,https://app.hardrock.bet/competition/nfl/895578251722883391?tab=player-props
Emeka Egbuka,TB,CIN,Receiving Yards,56.5,-115,-115,Hard Rock Bet,2026-09-13T16:05:31Z,https://app.hardrock.bet/competition/nfl/895578251722883391?tab=player-props
Erick All Jr.,CIN,TB,Receiving Yards,11.5,-110,-120,Hard Rock Bet,2026-09-13T16:05:31Z,https://app.hardrock.bet/competition/nfl/895578251722883391?tab=player-props
Ja'Marr Chase,CIN,TB,Receiving Yards,87.5,-115,-115,Hard Rock Bet,2026-09-13T16:05:31Z,https://app.hardrock.bet/competition/nfl/895578251722883391?tab=player-props
Kenneth Gainwell,unresolved,unresolved,Receiving Yards,21.5,-115,-115,Hard Rock Bet,2026-09-13T16:05:31Z,https://app.hardrock.bet/competition/nfl/895578251722883391?tab=player-props
Mike Gesicki,CIN,TB,Receiving Yards,21.5,-115,-115,Hard Rock Bet,2026-09-13T16:05:31Z,https://app.hardrock.bet/competition/nfl/895578251722883391?tab=player-props
Samaje Perine,CIN,TB,Receiving Yards,7.5,-110,-120,Hard Rock Bet,2026-09-13T16:05:31Z,https://app.hardrock.bet/competition/nfl/895578251722883391?tab=player-props
Tee Higgins,CIN,TB,Receiving Yards,62.5,-115,-115,Hard Rock Bet,2026-09-13T16:05:31Z,https://app.hardrock.bet/competition/nfl/895578251722883391?tab=player-props
Chris Godwin Jr.,TB,CIN,Receptions,4.5,+105,-135,Hard Rock Bet,2026-09-13T16:05:47Z,https://app.hardrock.bet/competition/nfl/895578251722883391?tab=player-props
Cade Otton,TB,CIN,Receptions,3.5,+105,-130,Hard Rock Bet,2026-09-13T16:05:47Z,https://app.hardrock.bet/competition/nfl/895578251722883391?tab=player-props
Bucky Irving,TB,CIN,Receptions,1.5,-160,+125,Hard Rock Bet,2026-09-13T16:05:47Z,https://app.hardrock.bet/competition/nfl/895578251722883391?tab=player-props
Emeka Egbuka,TB,CIN,Receptions,4.5,+100,-130,Hard Rock Bet,2026-09-13T16:05:47Z,https://app.hardrock.bet/competition/nfl/895578251722883391?tab=player-props
Kenneth Gainwell,unresolved,unresolved,Receptions,3.5,+120,-160,Hard Rock Bet,2026-09-13T16:05:47Z,https://app.hardrock.bet/competition/nfl/895578251722883391?tab=player-props
Ted Hurst III,TB,CIN,Receptions,1.5,-150,+115,Hard Rock Bet,2026-09-13T16:05:47Z,https://app.hardrock.bet/competition/nfl/895578251722883391?tab=player-props
Samaje Perine,CIN,TB,Receptions,1.5,+145,-200,Hard Rock Bet,2026-09-13T16:05:47Z,https://app.hardrock.bet/competition/nfl/895578251722883391?tab=player-props
Ja'Marr Chase,CIN,TB,Receptions,7.5,+115,-150,Hard Rock Bet,2026-09-13T16:05:47Z,https://app.hardrock.bet/competition/nfl/895578251722883391?tab=player-props
Chase Brown,CIN,TB,Receptions,3.5,-110,-120,Hard Rock Bet,2026-09-13T16:05:47Z,https://app.hardrock.bet/competition/nfl/895578251722883391?tab=player-props
Andrei Iosivas,unresolved,unresolved,Receptions,1.5,+110,-140,Hard Rock Bet,2026-09-13T16:05:47Z,https://app.hardrock.bet/competition/nfl/895578251722883391?tab=player-props
Mike Gesicki,CIN,TB,Receptions,2.5,+125,-165,Hard Rock Bet,2026-09-13T16:05:47Z,https://app.hardrock.bet/competition/nfl/895578251722883391?tab=player-props
Erick All Jr.,CIN,TB,Receptions,1.5,-110,-120,Hard Rock Bet,2026-09-13T16:05:47Z,https://app.hardrock.bet/competition/nfl/895578251722883391?tab=player-props
Tee Higgins,CIN,TB,Receptions,4.5,-135,+105,Hard Rock Bet,2026-09-13T16:05:47Z,https://app.hardrock.bet/competition/nfl/895578251722883391?tab=player-props
