season,game_id,team,starter,established_incumbent,team_dropbacks,starter_share,pid,dropbacks,share,classification,entry_qtr,entry_secs_remaining,margin_at_entry,starter_returned
2021,2021_09_ARI_SF,ARI,00-0027688,False,29,0.9655,00-0034775,1,0.0345,PLANNED_ROTATION_OR_PACKAGE,1.0,2771.0,7.0,True
2021,2021_10_CAR_ARI,ARI,00-0027688,True,33,0.6667,00-0035752,11,0.3333,REPLACEMENT_NO_RETURN,3.0,1131.0,28.0,False
2021,2021_15_ARI_DET,ARI,00-0035228,True,52,0.8269,00-0027688,9,0.1731,BLOWOUT_RELIEF,4.0,161.0,18.0,False
2021,2021_17_ARI_DAL,ARI,00-0035228,True,40,0.975,00-0029747,1,0.025,PLANNED_ROTATION_OR_PACKAGE,2.0,2433.0,3.0,True
2022,2022_01_KC_ARI,ARI,00-0035228,False,41,0.878,00-0035146,5,0.122,BLOWOUT_RELIEF,4.0,82.0,23.0,False
2022,2022_11_SF_ARI,ARI,00-0027688,True,47,0.7872,00-0035146,10,0.2128,BLOWOUT_RELIEF,4.0,578.0,28.0,False
2022,2022_14_NE_ARI,ARI,00-0035228,True,47,0.0213,00-0027688,46,0.9787,REPLACEMENT_NO_RETURN,1.0,3504.0,0.0,False
2022,2022_15_ARI_DEN,ARI,00-0027688,False,39,0.5897,00-0035146,16,0.4103,REPLACEMENT_NO_RETURN,3.0,1666.0,3.0,False
2022,2022_16_TB_ARI,ARI,00-0035146,False,47,0.9787,00-0022824,1,0.0213,PLANNED_ROTATION_OR_PACKAGE,1.0,3345.0,3.0,True
2022,2022_18_ARI_SF,ARI,00-0035040,True,30,0.7,00-0035146,9,0.3,REPLACEMENT_NO_RETURN,3.0,927.0,25.0,False
2023,2023_07_ARI_SEA,ARI,00-0033949,True,38,0.9737,00-0038582,1,0.0263,PLANNED_ROTATION_OR_PACKAGE,4.0,304.0,7.0,True
2024,2024_15_NE_ARI,ARI,00-0035228,True,32,0.9375,00-0038582,2,0.0625,PLANNED_ROTATION_OR_PACKAGE,3.0,1090.0,13.0,True
2021,2021_02_ATL_TB,ATL,00-0026143,True,49,0.9592,00-0034343,2,0.0408,BLOWOUT_RELIEF,4.0,128.0,23.0,False
2021,2021_05_NYJ_ATL,ATL,00-0026143,True,46,0.9783,00-0030578,1,0.0217,PLANNED_ROTATION_OR_PACKAGE,1.0,3344.0,0.0,True
2021,2021_10_ATL_DAL,ATL,00-0026143,True,29,0.7931,00-0034343,6,0.2069,BLOWOUT_RELIEF,4.0,821.0,40.0,False
2021,2021_11_NE_ATL,ATL,00-0026143,True,36,0.8889,00-0034343,3,0.0833,BLOWOUT_RELIEF,4.0,105.0,19.0,False
2021,2021_11_NE_ATL,ATL,00-0026143,True,36,0.8889,00-0036825,1,0.0278,BLOWOUT_RELIEF,4.0,77.0,25.0,False
2023,2023_05_HOU_ATL,ATL,00-0038122,True,38,0.9737,00-0037238,1,0.0263,PLANNED_ROTATION_OR_PACKAGE,1.0,3266.0,3.0,True
2023,2023_08_ATL_TEN,ATL,00-0038122,True,40,0.425,00-0033858,1,0.025,PLANNED_ROTATION_OR_PACKAGE,1.0,3336.0,0.0,True
2023,2023_08_ATL_TEN,ATL,00-0038122,True,40,0.425,00-0031800,22,0.55,REPLACEMENT_NO_RETURN,3.0,1737.0,11.0,False
2023,2023_10_ATL_ARI,ATL,00-0031800,True,24,0.75,00-0038122,6,0.25,REPLACEMENT_NO_RETURN,4.0,745.0,5.0,False
2023,2023_17_ATL_CHI,ATL,00-0031800,True,35,0.8857,00-0038122,4,0.1143,BLOWOUT_RELIEF,4.0,195.0,20.0,False
2023,2023_18_ATL_NO,ATL,00-0038122,False,35,0.8571,00-0034438,5,0.1429,BLOWOUT_RELIEF,4.0,390.0,24.0,False
2024,2024_05_TB_ATL,ATL,00-0029604,True,63,0.9841,00-0036309,1,0.0159,PLANNED_ROTATION_OR_PACKAGE,1.0,3014.0,0.0,True
2024,2024_07_SEA_ATL,ATL,00-0029604,True,39,0.9744,00-0039917,1,0.0256,BLOWOUT_RELIEF,4.0,133.0,20.0,False
2024,2024_11_ATL_DEN,ATL,00-0029604,True,35,0.8571,00-0039917,5,0.1429,BLOWOUT_RELIEF,4.0,543.0,32.0,False
2021,2021_07_CIN_BAL,BAL,00-0034796,True,47,0.766,00-0035993,11,0.234,BLOWOUT_RELIEF,4.0,419.0,24.0,False
2021,2021_14_BAL_CLE,BAL,00-0034796,True,46,0.1087,00-0035993,41,0.8913,REPLACEMENT_NO_RETURN,2.0,2675.0,10.0,False
2021,2021_18_PIT_BAL,BAL,00-0035993,True,35,0.9714,00-0024417,1,0.0286,PLANNED_ROTATION_OR_PACKAGE,2.0,2658.0,3.0,True
2022,2022_13_DEN_BAL,BAL,00-0034796,True,41,0.1463,00-0035993,34,0.8293,REPLACEMENT_NO_RETURN,2.0,2700.0,3.0,False
2022,2022_13_DEN_BAL,BAL,00-0034796,True,41,0.1463,00-0036133,1,0.0244,REPLACEMENT_NO_RETURN,4.0,743.0,6.0,False
2022,2022_14_BAL_PIT,BAL,00-0035993,False,19,0.6842,00-0037175,6,0.3158,REPLACEMENT_NO_RETURN,3.0,1083.0,6.0,False
2023,2023_07_DET_BAL,BAL,00-0034796,True,28,0.9643,00-0035993,1,0.0357,BLOWOUT_RELIEF,4.0,206.0,32.0,False
2023,2023_09_SEA_BAL,BAL,00-0034796,True,34,0.7941,00-0035993,7,0.2059,BLOWOUT_RELIEF,4.0,589.0,27.0,False
2023,2023_17_MIA_BAL,BAL,00-0034796,True,23,0.9565,00-0035993,1,0.0435,BLOWOUT_RELIEF,4.0,153.0,30.0,False
2024,2024_04_BUF_BAL,BAL,00-0034796,True,20,0.95,00-0026300,1,0.05,BLOWOUT_RELIEF,4.0,249.0,25.0,False
2024,2024_15_BAL_NYG,BAL,00-0034796,True,28,0.9643,00-0026300,1,0.0357,BLOWOUT_RELIEF,4.0,290.0,21.0,False
2024,2024_17_BAL_HOU,BAL,00-0034796,True,18,0.8889,00-0026300,2,0.1111,BLOWOUT_RELIEF,4.0,342.0,29.0,False
2021,2021_03_WAS_BUF,BUF,00-0034857,True,44,0.9773,00-0033869,1,0.0227,BLOWOUT_RELIEF,4.0,194.0,22.0,False
2021,2021_04_HOU_BUF,BUF,00-0034857,True,32,0.9688,00-0033869,1,0.0312,BLOWOUT_RELIEF,4.0,312.0,33.0,False
2021,2021_08_MIA_BUF,BUF,00-0034857,True,43,0.9767,00-0029000,1,0.0233,PLANNED_ROTATION_OR_PACKAGE,4.0,815.0,7.0,True
2021,2021_11_IND_BUF,BUF,00-0034857,True,41,0.878,00-0033869,5,0.122,BLOWOUT_RELIEF,4.0,377.0,26.0,False
2021,2021_17_ATL_BUF,BUF,00-0034857,True,27,0.963,00-0031588,1,0.037,PLANNED_ROTATION_OR_PACKAGE,2.0,2100.0,9.0,True
2021,2021_18_NYJ_BUF,BUF,00-0034857,True,46,0.9783,00-0033869,1,0.0217,BLOWOUT_RELIEF,4.0,148.0,17.0,False
2022,2022_02_TEN_BUF,BUF,00-0034857,True,41,0.9512,00-0028986,2,0.0488,BLOWOUT_RELIEF,4.0,900.0,34.0,False
2022,2022_05_PIT_BUF,BUF,00-0034857,True,36,0.8611,00-0028986,5,0.1389,BLOWOUT_RELIEF,4.0,577.0,35.0,False
2024,2024_03_JAX_BUF,BUF,00-0034857,True,31,0.9677,00-0033869,1,0.0323,BLOWOUT_RELIEF,4.0,512.0,27.0,False
2024,2024_04_BUF_BAL,BUF,00-0034857,True,34,0.9412,00-0033869,2,0.0588,BLOWOUT_RELIEF,4.0,399.0,25.0,False
2024,2024_13_SF_BUF,BUF,00-0034857,True,18,0.9444,00-0033869,1,0.0556,BLOWOUT_RELIEF,4.0,341.0,25.0,False
2024,2024_17_NYJ_BUF,BUF,00-0034857,True,28,0.9643,00-0033869,1,0.0357,BLOWOUT_RELIEF,4.0,768.0,33.0,False
2024,2024_18_BUF_NE,BUF,00-0033869,False,32,0.6562,00-0034401,11,0.3438,REPLACEMENT_NO_RETURN,4.0,900.0,1.0,False
2021,2021_07_CAR_NYG,CAR,00-0034869,True,45,0.6222,00-0033275,17,0.3778,REPLACEMENT_NO_RETURN,4.0,761.0,12.0,False
2021,2021_08_CAR_ATL,CAR,00-0034869,True,25,0.96,00-0033275,1,0.04,REPLACEMENT_NO_RETURN,4.0,401.0,2.0,False
2021,2021_10_CAR_ARI,CAR,00-0033275,False,33,0.8788,00-0027939,4,0.1212,PLANNED_ROTATION_OR_PACKAGE,1.0,3223.0,7.0,True
2021,2021_12_CAR_MIA,CAR,00-0027939,True,36,0.6111,00-0033275,14,0.3889,BLOWOUT_RELIEF,4.0,658.0,20.0,False
2021,2021_14_ATL_CAR,CAR,00-0027939,True,36,0.6667,00-0033275,12,0.3333,PLANNED_ROTATION_OR_PACKAGE,2.0,1992.0,10.0,True
2021,2021_16_TB_CAR,CAR,00-0027939,True,52,0.3077,00-0034869,36,0.6923,UNCLASSIFIED,2.0,2414.0,7.0,True
2021,2021_18_CAR_TB,CAR,00-0034869,True,45,0.9778,00-0034052,1,0.0222,PLANNED_ROTATION_OR_PACKAGE,2.0,1920.0,4.0,True
2022,2022_05_SF_CAR,CAR,00-0034855,True,48,0.8333,00-0033275,8,0.1667,BLOWOUT_RELIEF,4.0,190.0,22.0,False
2022,2022_06_CAR_LA,CAR,00-0033275,False,23,0.7826,00-0036226,5,0.2174,REPLACEMENT_NO_RETURN,4.0,233.0,14.0,False
2022,2022_09_CAR_CIN,CAR,00-0033275,True,30,0.3333,00-0034855,20,0.6667,REPLACEMENT_NO_RETURN,3.0,1787.0,35.0,False
2023,2023_06_CAR_MIA,CAR,00-0039150,True,43,0.9767,00-0028872,1,0.0233,PLANNED_ROTATION_OR_PACKAGE,2.0,2307.0,7.0,True
2024,2024_01_CAR_NO,CAR,00-0039150,False,35,0.9714,00-0027973,1,0.0286,BLOWOUT_RELIEF,4.0,81.0,37.0,False
2024,2024_04_CIN_CAR,CAR,00-0027973,True,41,0.9756,00-0028872,1,0.0244,PLANNED_ROTATION_OR_PACKAGE,3.0,1226.0,14.0,True
2024,2024_05_CAR_CHI,CAR,00-0027973,True,39,0.7949,00-0039150,8,0.2051,BLOWOUT_RELIEF,4.0,255.0,26.0,False
2024,2024_07_CAR_WAS,CAR,00-0027973,True,20,0.9,00-0039150,2,0.1,BLOWOUT_RELIEF,4.0,256.0,33.0,False
2024,2024_08_CAR_DEN,CAR,00-0039150,False,40,0.975,00-0028872,1,0.025,PLANNED_ROTATION_OR_PACKAGE,3.0,1408.0,14.0,True
2024,2024_18_CAR_ATL,CAR,00-0039150,True,35,0.9714,00-0039491,1,0.0286,PLANNED_ROTATION_OR_PACKAGE,1.0,3250.0,3.0,True
2021,2021_01_CHI_LA,CHI,00-0027973,False,43,0.9535,00-0036945,2,0.0465,PLANNED_ROTATION_OR_PACKAGE,1.0,3487.0,0.0,True
2021,2021_02_CIN_CHI,CHI,00-0027973,True,27,0.4444,00-0036945,15,0.5556,UNCLASSIFIED,1.0,2722.0,7.0,True
2021,2021_05_CHI_LV,CHI,00-0036945,True,23,0.9565,00-0027973,1,0.0435,PLANNED_ROTATION_OR_PACKAGE,2.0,2115.0,4.0,True
2021,2021_11_BAL_CHI,CHI,00-0036945,True,37,0.3514,00-0027973,24,0.6486,REPLACEMENT_NO_RETURN,3.0,1426.0,6.0,False
2021,2021_17_NYG_CHI,CHI,00-0027973,False,38,0.9737,00-0035685,1,0.0263,BLOWOUT_RELIEF,4.0,115.0,26.0,False
2022,2022_08_CHI_DAL,CHI,00-0036945,True,28,0.9643,00-0032156,1,0.0357,BLOWOUT_RELIEF,4.0,120.0,20.0,False
2022,2022_15_PHI_CHI,CHI,00-0036945,True,28,0.9643,00-0033958,1,0.0357,PLANNED_ROTATION_OR_PACKAGE,4.0,423.0,4.0,True
2022,2022_16_BUF_CHI,CHI,00-0036945,True,30,0.8333,00-0033958,5,0.1667,BLOWOUT_RELIEF,4.0,62.0,22.0,False
2022,2022_18_MIN_CHI,CHI,00-0033958,False,28,0.7143,00-0034177,8,0.2857,PLANNED_ROTATION_OR_PACKAGE,2.0,2355.0,13.0,True
2023,2023_06_MIN_CHI,CHI,00-0036945,True,29,0.4828,00-0038416,15,0.5172,REPLACEMENT_NO_RETURN,3.0,1387.0,6.0,False
2023,2023_07_LV_CHI,CHI,00-0038416,False,31,0.9677,00-0033958,1,0.0323,PLANNED_ROTATION_OR_PACKAGE,2.0,1802.0,11.0,True
2024,2024_12_MIN_CHI,CHI,00-0039918,True,51,0.9804,00-0034827,1,0.0196,PLANNED_ROTATION_OR_PACKAGE,3.0,1608.0,7.0,True
2024,2024_14_CHI_SF,CHI,00-0039918,True,31,0.9677,00-0038416,1,0.0323,BLOWOUT_RELIEF,4.0,77.0,25.0,False
2024,2024_15_CHI_MIN,CHI,00-0039918,True,34,0.9706,00-0038416,1,0.0294,BLOWOUT_RELIEF,4.0,29.0,18.0,False
2024,2024_18_CHI_GB,CHI,00-0039918,True,31,0.9677,00-0030279,1,0.0323,PLANNED_ROTATION_OR_PACKAGE,3.0,1563.0,1.0,True
2021,2021_06_CIN_DET,CIN,00-0036442,True,32,0.9688,00-0032434,1,0.0312,BLOWOUT_RELIEF,4.0,322.0,24.0,False
2021,2021_08_CIN_NYJ,CIN,00-0036442,True,38,0.9737,00-0033009,1,0.0263,PLANNED_ROTATION_OR_PACKAGE,2.0,1960.0,7.0,True
2021,2021_09_CLE_CIN,CIN,00-0036442,True,47,0.9574,00-0032434,2,0.0426,BLOWOUT_RELIEF,4.0,261.0,25.0,False
2021,2021_12_PIT_CIN,CIN,00-0036442,True,27,0.963,00-0032434,1,0.037,BLOWOUT_RELIEF,4.0,383.0,38.0,False
2021,2021_17_KC_CIN,CIN,00-0036442,True,44,0.9773,00-0032434,1,0.0227,KNEEL_OR_SPECIAL,4.0,3.0,0.0,False
2021,2021_22_LA_CIN,CIN,00-0036442,True,41,0.9756,00-0033897,1,0.0244,PLANNED_ROTATION_OR_PACKAGE,2.0,2152.0,10.0,True
2022,2022_04_MIA_CIN,CIN,00-0036442,True,33,0.9697,00-0033009,1,0.0303,PLANNED_ROTATION_OR_PACKAGE,3.0,956.0,1.0,True
2022,2022_05_CIN_BAL,CIN,00-0036442,True,38,0.9737,00-0033009,1,0.0263,PLANNED_ROTATION_OR_PACKAGE,3.0,1158.0,3.0,True
2022,2022_09_CAR_CIN,CIN,00-0036442,True,33,0.8788,00-0032434,4,0.1212,REPLACEMENT_NO_RETURN,3.0,960.0,35.0,False
2022,2022_14_CLE_CIN,CIN,00-0036442,True,35,0.9714,00-0036900,1,0.0286,PLANNED_ROTATION_OR_PACKAGE,4.0,745.0,13.0,True
2023,2023_01_CIN_CLE,CIN,00-0036442,False,34,0.9706,00-0035100,1,0.0294,BLOWOUT_RELIEF,4.0,232.0,21.0,False
2023,2023_11_CIN_BAL,CIN,00-0036442,True,36,0.5278,00-0035100,17,0.4722,REPLACEMENT_NO_RETURN,2.0,1940.0,4.0,False
2023,2023_13_CIN_JAX,CIN,00-0035100,True,41,0.9512,00-0036900,1,0.0244,PLANNED_ROTATION_OR_PACKAGE,1.0,2930.0,7.0,True
2023,2023_13_CIN_JAX,CIN,00-0035100,True,41,0.9512,00-0033009,1,0.0244,PLANNED_ROTATION_OR_PACKAGE,3.0,1226.0,0.0,True
2023,2023_14_IND_CIN,CIN,00-0035100,True,25,0.96,00-0031288,1,0.04,PLANNED_ROTATION_OR_PACKAGE,4.0,853.0,14.0,True
2023,2023_15_MIN_CIN,CIN,00-0035100,True,47,0.9787,00-0034613,1,0.0213,PLANNED_ROTATION_OR_PACKAGE,1.0,3269.0,0.0,True
2023,2023_18_CLE_CIN,CIN,00-0035100,True,31,0.8387,00-0031288,5,0.1613,REPLACEMENT_NO_RETURN,3.0,962.0,31.0,False
2021,2021_06_ARI_CLE,CLE,00-0034855,True,36,0.9167,00-0028986,3,0.0833,BLOWOUT_RELIEF,4.0,267.0,23.0,False
2021,2021_10_CLE_NE,CLE,00-0034855,True,38,0.6053,00-0028986,15,0.3947,REPLACEMENT_NO_RETURN,3.0,1042.0,24.0,False
2021,2021_12_CLE_BAL,CLE,00-0034855,True,40,0.975,00-0031382,1,0.025,PLANNED_ROTATION_OR_PACKAGE,2.0,1994.0,6.0,True
2022,2022_08_CIN_CLE,CLE,00-0033119,True,25,0.96,00-0031544,1,0.04,PLANNED_ROTATION_OR_PACKAGE,1.0,2798.0,0.0,True
2022,2022_14_CLE_CIN,CLE,00-0033537,True,45,0.9778,00-0033119,1,0.0222,PLANNED_ROTATION_OR_PACKAGE,1.0,3295.0,0.0,True
2023,2023_07_CLE_IND,CLE,00-0033537,False,39,0.1282,00-0033275,34,0.8718,REPLACEMENT_NO_RETURN,2.0,2327.0,0.0,False
2023,2023_08_CLE_SEA,CLE,00-0033275,False,35,0.9714,00-0038583,1,0.0286,PLANNED_ROTATION_OR_PACKAGE,2.0,2700.0,10.0,True
2023,2023_10_CLE_BAL,CLE,00-0033537,True,39,0.9744,00-0033275,1,0.0256,PLANNED_ROTATION_OR_PACKAGE,2.0,1807.0,8.0,True
2023,2023_12_CLE_DEN,CLE,00-0038583,True,46,0.6304,00-0033275,17,0.3696,REPLACEMENT_NO_RETURN,4.0,773.0,12.0,False
2023,2023_15_CHI_CLE,CLE,00-0026158,True,49,0.9796,00-0038583,1,0.0204,PLANNED_ROTATION_OR_PACKAGE,2.0,2156.0,7.0,True
2023,2023_16_CLE_HOU,CLE,00-0026158,True,45,0.9333,00-0038583,3,0.0667,BLOWOUT_RELIEF,4.0,620.0,29.0,True
2024,2024_05_CLE_WAS,CLE,00-0033537,True,36,0.9722,00-0031503,1,0.0278,BLOWOUT_RELIEF,4.0,82.0,21.0,False
2024,2024_07_CIN_CLE,CLE,00-0033537,True,56,0.3393,00-0038583,25,0.4464,REPLACEMENT_NO_RETURN,2.0,1869.0,7.0,False
2024,2024_07_CIN_CLE,CLE,00-0033537,True,56,0.3393,00-0031503,12,0.2143,REPLACEMENT_NO_RETURN,4.0,223.0,15.0,False
2024,2024_11_CLE_NO,CLE,00-0031503,True,50,0.98,00-0038583,1,0.02,BLOWOUT_RELIEF,4.0,146.0,21.0,False
2024,2024_15_KC_CLE,CLE,00-0031503,True,39,0.7692,00-0038583,9,0.2308,REPLACEMENT_NO_RETURN,4.0,416.0,14.0,False
2024,2024_18_CLE_BAL,CLE,00-0038108,False,36,0.8889,00-0038583,4,0.1111,PLANNED_ROTATION_OR_PACKAGE,1.0,2784.0,7.0,True
2021,2021_05_NYG_DAL,DAL,00-0033077,True,35,0.9714,00-0034418,1,0.0286,PLANNED_ROTATION_OR_PACKAGE,4.0,632.0,14.0,True
2021,2021_08_DAL_MIN,DAL,00-0033662,False,44,0.9773,00-0034418,1,0.0227,PLANNED_ROTATION_OR_PACKAGE,3.0,1026.0,3.0,True
2021,2021_10_ATL_DAL,DAL,00-0033077,True,35,0.8857,00-0033045,1,0.0286,PLANNED_ROTATION_OR_PACKAGE,3.0,1054.0,33.0,True
2021,2021_10_ATL_DAL,DAL,00-0033077,True,35,0.8857,00-0033662,3,0.0857,BLOWOUT_RELIEF,4.0,783.0,40.0,False
2021,2021_16_WAS_DAL,DAL,00-0033077,True,45,0.9333,00-0033662,3,0.0667,REPLACEMENT_NO_RETURN,3.0,953.0,42.0,False
2021,2021_17_ARI_DAL,DAL,00-0033077,True,40,0.975,00-0034418,1,0.025,PLANNED_ROTATION_OR_PACKAGE,4.0,380.0,11.0,True
2021,2021_18_DAL_PHI,DAL,00-0033077,True,29,0.9655,00-0033662,1,0.0345,BLOWOUT_RELIEF,4.0,653.0,17.0,False
2021,2021_19_SF_DAL,DAL,00-0033077,True,49,0.9796,00-0029692,1,0.0204,PLANNED_ROTATION_OR_PACKAGE,4.0,841.0,16.0,True
2022,2022_01_TB_DAL,DAL,00-0033077,False,46,0.6739,00-0033662,15,0.3261,REPLACEMENT_NO_RETURN,4.0,331.0,16.0,False
2022,2022_11_DAL_MIN,DAL,00-0033077,True,30,0.8333,00-0033662,5,0.1667,BLOWOUT_RELIEF,4.0,462.0,37.0,False
2022,2022_18_DAL_WAS,DAL,00-0033077,True,39,0.9744,00-0033662,1,0.0256,BLOWOUT_RELIEF,4.0,267.0,20.0,False
2023,2023_01_DAL_NYG,DAL,00-0033077,False,25,0.96,00-0033662,1,0.04,BLOWOUT_RELIEF,4.0,74.0,40.0,False
2023,2023_04_NE_DAL,DAL,00-0033077,True,39,0.9487,00-0033662,2,0.0513,BLOWOUT_RELIEF,4.0,238.0,35.0,False
2023,2023_05_DAL_SF,DAL,00-0033077,True,30,0.9,00-0033662,3,0.1,BLOWOUT_RELIEF,4.0,489.0,32.0,False
2023,2023_08_LA_DAL,DAL,00-0033077,True,37,0.9189,00-0033662,3,0.0811,BLOWOUT_RELIEF,4.0,597.0,26.0,False
2023,2023_10_NYG_DAL,DAL,00-0033077,True,44,0.7955,00-0033662,9,0.2045,BLOWOUT_RELIEF,4.0,883.0,35.0,False
2023,2023_11_DAL_CAR,DAL,00-0033077,True,41,0.9268,00-0033662,3,0.0732,BLOWOUT_RELIEF,4.0,298.0,23.0,False
2023,2023_18_DAL_WAS,DAL,00-0033077,True,40,0.9,00-0033662,4,0.1,BLOWOUT_RELIEF,4.0,229.0,25.0,False
2024,2024_02_NO_DAL,DAL,00-0033077,True,45,0.9333,00-0033662,3,0.0667,BLOWOUT_RELIEF,4.0,311.0,25.0,False
2024,2024_06_DET_DAL,DAL,00-0033077,True,48,0.7708,00-0033662,11,0.2292,BLOWOUT_RELIEF,4.0,730.0,38.0,False
2024,2024_09_DAL_ATL,DAL,00-0033077,True,53,0.5094,00-0029692,1,0.0189,PLANNED_ROTATION_OR_PACKAGE,3.0,1695.0,4.0,True
2024,2024_09_DAL_ATL,DAL,00-0033077,True,53,0.5094,00-0033662,25,0.4717,REPLACEMENT_NO_RETURN,4.0,668.0,14.0,False
2024,2024_10_PHI_DAL,DAL,00-0033662,False,32,0.75,00-0037012,8,0.25,BLOWOUT_RELIEF,4.0,890.0,25.0,False
2024,2024_11_HOU_DAL,DAL,00-0033662,True,61,0.9836,00-0029692,1,0.0164,PLANNED_ROTATION_OR_PACKAGE,1.0,3341.0,7.0,True
2024,2024_17_DAL_PHI,DAL,00-0033662,True,30,0.9667,00-0037012,1,0.0333,BLOWOUT_RELIEF,4.0,144.0,34.0,False
2021,2021_04_BAL_DEN,DEN,00-0031237,True,42,0.4286,00-0035704,24,0.5714,REPLACEMENT_NO_RETURN,3.0,1662.0,10.0,False
2021,2021_12_LAC_DEN,DEN,00-0031237,True,26,0.6923,00-0035704,8,0.3077,PLANNED_ROTATION_OR_PACKAGE,1.0,2833.0,7.0,True
2021,2021_15_CIN_DEN,DEN,00-0031237,True,37,0.6486,00-0035704,13,0.3514,REPLACEMENT_NO_RETURN,3.0,1132.0,6.0,False
2021,2021_17_DEN_LAC,DEN,00-0035704,True,29,0.8966,00-0034955,2,0.069,PLANNED_ROTATION_OR_PACKAGE,1.0,2912.0,7.0,True
2021,2021_17_DEN_LAC,DEN,00-0035704,True,29,0.8966,00-0035864,1,0.0345,PLANNED_ROTATION_OR_PACKAGE,2.0,2125.0,10.0,True
2021,2021_18_KC_DEN,DEN,00-0035704,True,26,0.9615,00-0034348,1,0.0385,PLANNED_ROTATION_OR_PACKAGE,1.0,2819.0,7.0,True
2022,2022_14_KC_DEN,DEN,00-0029263,True,50,0.84,00-0034955,8,0.16,REPLACEMENT_NO_RETURN,4.0,705.0,13.0,False
2022,2022_16_DEN_LA,DEN,00-0029263,False,41,0.8049,00-0034955,8,0.1951,BLOWOUT_RELIEF,4.0,376.0,30.0,False
2024,2024_08_CAR_DEN,DEN,00-0039732,True,41,0.9512,00-0032943,1,0.0244,BLOWOUT_RELIEF,4.0,610.0,21.0,True
2024,2024_08_CAR_DEN,DEN,00-0039732,True,41,0.9512,00-0034348,1,0.0244,BLOWOUT_RELIEF,4.0,269.0,21.0,True
2024,2024_09_DEN_BAL,DEN,00-0039732,True,38,0.9737,00-0034348,1,0.0263,PLANNED_ROTATION_OR_PACKAGE,2.0,2241.0,10.0,True
2024,2024_19_DEN_BUF,DEN,00-0039732,True,25,0.96,00-0032943,1,0.04,PLANNED_ROTATION_OR_PACKAGE,2.0,2449.0,3.0,True
2021,2021_03_BAL_DET,DET,00-0033106,True,33,0.9697,00-0036275,1,0.0303,PLANNED_ROTATION_OR_PACKAGE,1.0,3305.0,0.0,True
2021,2021_07_DET_LA,DET,00-0033106,True,39,0.9744,00-0035156,1,0.0256,PLANNED_ROTATION_OR_PACKAGE,1.0,3361.0,7.0,True
2021,2021_08_PHI_DET,DET,00-0033106,True,40,0.975,00-0035040,1,0.025,BLOWOUT_RELIEF,4.0,96.0,38.0,False
2021,2021_16_DET_ATL,DET,00-0034177,False,35,0.9714,00-0035156,1,0.0286,PLANNED_ROTATION_OR_PACKAGE,2.0,2131.0,4.0,True
2021,2021_18_GB_DET,DET,00-0033106,False,33,0.9394,00-0035156,1,0.0303,PLANNED_ROTATION_OR_PACKAGE,1.0,2974.0,7.0,True
2021,2021_18_GB_DET,DET,00-0033106,False,33,0.9394,00-0035544,1,0.0303,PLANNED_ROTATION_OR_PACKAGE,1.0,2801.0,7.0,True
2022,2022_04_SEA_DET,DET,00-0033106,True,41,0.9756,00-0035156,1,0.0244,PLANNED_ROTATION_OR_PACKAGE,1.0,2887.0,8.0,True
2022,2022_17_CHI_DET,DET,00-0033106,True,31,0.9677,00-0032792,1,0.0323,BLOWOUT_RELIEF,4.0,170.0,28.0,False
2023,2023_08_LV_DET,DET,00-0033106,True,38,0.9737,00-0036963,1,0.0263,PLANNED_ROTATION_OR_PACKAGE,2.0,2338.0,6.0,True
2023,2023_17_DET_DAL,DET,00-0033106,True,36,0.9722,00-0033557,1,0.0278,PLANNED_ROTATION_OR_PACKAGE,2.0,2401.0,4.0,True
2024,2024_02_TB_DET,DET,00-0033106,True,56,0.9821,00-0035156,1,0.0179,PLANNED_ROTATION_OR_PACKAGE,2.0,2291.0,7.0,True
2024,2024_04_SEA_DET,DET,00-0033106,True,22,0.9545,00-0036963,1,0.0455,PLANNED_ROTATION_OR_PACKAGE,3.0,1323.0,7.0,True
2024,2024_06_DET_DAL,DET,00-0033106,True,30,0.9,00-0038550,3,0.1,BLOWOUT_RELIEF,4.0,482.0,38.0,False
2024,2024_08_TEN_DET,DET,00-0033106,True,23,0.8261,00-0035685,1,0.0435,PLANNED_ROTATION_OR_PACKAGE,2.0,1943.0,14.0,True
2024,2024_08_TEN_DET,DET,00-0033106,True,23,0.8261,00-0038550,3,0.1304,BLOWOUT_RELIEF,4.0,772.0,38.0,False
2024,2024_11_JAX_DET,DET,00-0033106,True,33,0.8788,00-0038550,4,0.1212,BLOWOUT_RELIEF,4.0,477.0,43.0,False
2024,2024_13_CHI_DET,DET,00-0033106,True,36,0.9722,00-0036880,1,0.0278,PLANNED_ROTATION_OR_PACKAGE,1.0,3302.0,0.0,True
2024,2024_20_WAS_DET,DET,00-0033106,True,45,0.9333,00-0031237,1,0.0222,PLANNED_ROTATION_OR_PACKAGE,2.0,2095.0,10.0,True
2024,2024_20_WAS_DET,DET,00-0033106,True,45,0.9333,00-0035685,1,0.0222,PLANNED_ROTATION_OR_PACKAGE,3.0,1406.0,10.0,True
2024,2024_20_WAS_DET,DET,00-0033106,True,45,0.9333,00-0037240,1,0.0222,PLANNED_ROTATION_OR_PACKAGE,4.0,733.0,10.0,True
2021,2021_01_GB_NO,GB,00-0023459,False,37,0.7838,00-0036264,8,0.2162,BLOWOUT_RELIEF,4.0,556.0,35.0,False
2021,2021_17_MIN_GB,GB,00-0023459,True,42,0.9048,00-0036264,4,0.0952,BLOWOUT_RELIEF,4.0,320.0,27.0,False
2021,2021_18_GB_DET,GB,00-0023459,True,39,0.5385,00-0036264,18,0.4615,REPLACEMENT_NO_RETURN,3.0,1730.0,4.0,False
2022,2022_01_GB_MIN,GB,00-0023459,False,43,0.8837,00-0036264,5,0.1163,REPLACEMENT_NO_RETURN,4.0,62.0,16.0,False
2022,2022_06_NYJ_GB,GB,00-0023459,True,49,0.9184,00-0036264,4,0.0816,BLOWOUT_RELIEF,4.0,154.0,17.0,False
2022,2022_12_GB_PHI,GB,00-0023459,True,28,0.6786,00-0036264,9,0.3214,REPLACEMENT_NO_RETURN,4.0,630.0,14.0,False
2022,2022_17_MIN_GB,GB,00-0023459,True,28,0.8929,00-0036264,3,0.1071,BLOWOUT_RELIEF,4.0,375.0,31.0,False
2023,2023_07_GB_DEN,GB,00-0036264,True,32,0.9688,00-0038393,1,0.0312,PLANNED_ROTATION_OR_PACKAGE,3.0,1615.0,9.0,True
2023,2023_17_GB_MIN,GB,00-0036264,True,34,0.9706,00-0038391,1,0.0294,BLOWOUT_RELIEF,4.0,108.0,23.0,False
2024,2024_01_GB_PHI,GB,00-0036264,False,37,0.9459,00-0038128,2,0.0541,REPLACEMENT_NO_RETURN,4.0,6.0,5.0,False
2024,2024_08_GB_JAX,GB,00-0036264,True,28,0.7857,00-0038128,6,0.2143,REPLACEMENT_NO_RETURN,3.0,1020.0,4.0,False
2024,2024_16_NO_GB,GB,00-0036264,True,30,0.9333,00-0038128,2,0.0667,BLOWOUT_RELIEF,4.0,258.0,27.0,False
2024,2024_18_CHI_GB,GB,00-0036264,True,28,0.4286,00-0038128,16,0.5714,REPLACEMENT_NO_RETURN,2.0,2509.0,11.0,False
2021,2021_02_HOU_CLE,HOU,00-0028118,True,30,0.3667,00-0036898,19,0.6333,REPLACEMENT_NO_RETURN,3.0,1735.0,0.0,False
2021,2021_08_LA_HOU,HOU,00-0036898,True,44,0.9773,00-0030288,1,0.0227,PLANNED_ROTATION_OR_PACKAGE,2.0,2129.0,17.0,True
2021,2021_09_HOU_MIA,HOU,00-0028118,False,49,0.9796,00-0026035,1,0.0204,PLANNED_ROTATION_OR_PACKAGE,2.0,2130.0,4.0,True
2021,2021_13_IND_HOU,HOU,00-0028118,True,31,0.4839,00-0036898,16,0.5161,REPLACEMENT_NO_RETURN,3.0,1097.0,21.0,False
2022,2022_08_TEN_HOU,HOU,00-0036898,True,33,0.9697,00-0030288,1,0.0303,PLANNED_ROTATION_OR_PACKAGE,2.0,2511.0,0.0,True
2022,2022_14_HOU_DAL,HOU,00-0036898,False,27,0.7778,00-0032436,6,0.2222,PLANNED_ROTATION_OR_PACKAGE,1.0,3203.0,7.0,True
2022,2022_15_KC_HOU,HOU,00-0032436,False,30,0.1667,00-0036898,24,0.8,UNCLASSIFIED,1.0,3502.0,0.0,True
2022,2022_15_KC_HOU,HOU,00-0032436,False,30,0.1667,00-0032208,1,0.0333,PLANNED_ROTATION_OR_PACKAGE,2.0,2436.0,0.0,True
2022,2022_16_HOU_TEN,HOU,00-0036898,False,33,0.8788,00-0032436,4,0.1212,PLANNED_ROTATION_OR_PACKAGE,1.0,3075.0,7.0,True
2022,2022_17_JAX_HOU,HOU,00-0036898,True,46,0.8913,00-0032436,5,0.1087,PLANNED_ROTATION_OR_PACKAGE,2.0,2224.0,21.0,True
2022,2022_18_HOU_IND,HOU,00-0036898,True,41,0.9512,00-0032436,2,0.0488,PLANNED_ROTATION_OR_PACKAGE,1.0,2812.0,3.0,True
2023,2023_04_PIT_HOU,HOU,00-0039163,True,31,0.9677,00-0035250,1,0.0323,PLANNED_ROTATION_OR_PACKAGE,4.0,654.0,10.0,True
2023,2023_11_ARI_HOU,HOU,00-0039163,True,42,0.9524,00-0036898,1,0.0238,PLANNED_ROTATION_OR_PACKAGE,3.0,1656.0,11.0,True
2023,2023_11_ARI_HOU,HOU,00-0039163,True,42,0.9524,00-0038977,1,0.0238,PLANNED_ROTATION_OR_PACKAGE,4.0,339.0,5.0,True
2023,2023_13_DEN_HOU,HOU,00-0039163,True,33,0.9697,00-0036898,1,0.0303,PLANNED_ROTATION_OR_PACKAGE,4.0,425.0,5.0,True
2023,2023_14_HOU_NYJ,HOU,00-0039163,True,33,0.8182,00-0036898,6,0.1818,BLOWOUT_RELIEF,4.0,384.0,18.0,False
2023,2023_15_HOU_TEN,HOU,00-0028986,False,40,0.975,00-0036898,1,0.025,PLANNED_ROTATION_OR_PACKAGE,4.0,4.0,0.0,True
2023,2023_16_CLE_HOU,HOU,00-0028986,True,52,0.3846,00-0036898,32,0.6154,UNCLASSIFIED,1.0,3029.0,7.0,True
2023,2023_19_CLE_HOU,HOU,00-0039163,True,22,0.9545,00-0036898,1,0.0455,BLOWOUT_RELIEF,4.0,473.0,31.0,False
2024,2024_03_HOU_MIN,HOU,00-0039163,True,49,0.7143,00-0031588,1,0.0204,PLANNED_ROTATION_OR_PACKAGE,2.0,2525.0,14.0,True
2024,2024_03_HOU_MIN,HOU,00-0039163,True,49,0.7143,00-0036898,13,0.2653,BLOWOUT_RELIEF,4.0,279.0,27.0,False
2024,2024_06_HOU_NE,HOU,00-0039163,True,34,0.9706,00-0036898,1,0.0294,BLOWOUT_RELIEF,4.0,223.0,20.0,False
2024,2024_09_HOU_NYJ,HOU,00-0039163,True,39,0.9744,00-0033897,1,0.0256,PLANNED_ROTATION_OR_PACKAGE,4.0,547.0,4.0,True
2024,2024_17_BAL_HOU,HOU,00-0039163,True,37,0.973,00-0036898,1,0.027,BLOWOUT_RELIEF,4.0,132.0,29.0,False
2024,2024_18_HOU_TEN,HOU,00-0039163,True,29,0.2069,00-0036898,23,0.7931,REPLACEMENT_NO_RETURN,1.0,3033.0,7.0,False
2021,2021_02_LA_IND,IND,00-0032950,True,39,0.8718,00-0036226,5,0.1282,REPLACEMENT_NO_RETURN,4.0,143.0,3.0,False
2022,2022_17_IND_NYG,IND,00-0029567,True,29,0.4828,00-0036879,15,0.5172,REPLACEMENT_NO_RETURN,3.0,1754.0,21.0,False
2023,2023_01_JAX_IND,IND,00-0039164,False,43,0.9535,00-0035289,2,0.0465,REPLACEMENT_NO_RETURN,4.0,59.0,10.0,False
2023,2023_02_IND_HOU,IND,00-0039164,True,33,0.303,00-0035289,23,0.697,REPLACEMENT_NO_RETURN,2.0,2565.0,7.0,False
2023,2023_05_TEN_IND,IND,00-0039164,True,27,0.4815,00-0035289,14,0.5185,REPLACEMENT_NO_RETURN,2.0,2012.0,4.0,False
2024,2024_04_PIT_IND,IND,00-0039164,True,32,0.125,00-0026158,28,0.875,REPLACEMENT_NO_RETURN,1.0,3026.0,7.0,False
2024,2024_05_IND_JAX,IND,00-0026158,False,49,0.9796,00-0039890,1,0.0204,PLANNED_ROTATION_OR_PACKAGE,2.0,1971.0,3.0,True
2021,2021_09_BUF_JAX,JAX,00-0036971,True,30,0.9333,00-0033936,2,0.0667,PLANNED_ROTATION_OR_PACKAGE,2.0,1920.0,0.0,True
2022,2022_07_NYG_JAX,JAX,00-0036971,True,44,0.9773,00-0034775,1,0.0227,PLANNED_ROTATION_OR_PACKAGE,4.0,28.0,6.0,True
2022,2022_13_JAX_DET,JAX,00-0036971,True,36,0.9167,00-0033936,3,0.0833,BLOWOUT_RELIEF,4.0,120.0,26.0,False
2022,2022_17_JAX_HOU,JAX,00-0036971,True,31,0.7097,00-0033936,9,0.2903,REPLACEMENT_NO_RETURN,3.0,1173.0,25.0,False
2023,2023_02_KC_JAX,JAX,00-0036971,True,46,0.9783,00-0034775,1,0.0217,PLANNED_ROTATION_OR_PACKAGE,2.0,2150.0,3.0,True
2023,2023_03_HOU_JAX,JAX,00-0036971,True,42,0.9524,00-0033936,2,0.0476,BLOWOUT_RELIEF,4.0,120.0,20.0,False
2023,2023_07_JAX_NO,JAX,00-0036971,True,30,0.9667,00-0034437,1,0.0333,PLANNED_ROTATION_OR_PACKAGE,2.0,1893.0,8.0,True
2023,2023_10_SF_JAX,JAX,00-0036971,True,37,0.9189,00-0034775,1,0.027,PLANNED_ROTATION_OR_PACKAGE,2.0,2613.0,10.0,True
2023,2023_10_SF_JAX,JAX,00-0036971,True,37,0.9189,00-0033936,2,0.0541,BLOWOUT_RELIEF,4.0,139.0,31.0,False
2023,2023_13_CIN_JAX,JAX,00-0036971,True,43,0.7209,00-0033936,12,0.2791,REPLACEMENT_NO_RETURN,4.0,120.0,3.0,False
2023,2023_16_JAX_TB,JAX,00-0036971,True,48,0.6667,00-0033936,16,0.3333,BLOWOUT_RELIEF,4.0,812.0,24.0,False
2024,2024_03_JAX_BUF,JAX,00-0036971,True,51,0.8235,00-0036972,9,0.1765,BLOWOUT_RELIEF,4.0,391.0,30.0,False
2024,2024_06_JAX_CHI,JAX,00-0036971,True,40,0.95,00-0036972,2,0.05,BLOWOUT_RELIEF,4.0,168.0,19.0,False
2024,2024_13_HOU_JAX,JAX,00-0036971,False,42,0.2381,00-0036972,32,0.7619,REPLACEMENT_NO_RETURN,2.0,1865.0,6.0,False
2021,2021_07_KC_TEN,KC,00-0033873,True,55,0.7091,00-0026197,16,0.2909,BLOWOUT_RELIEF,4.0,264.0,24.0,False
2021,2021_10_KC_LV,KC,00-0033873,True,51,0.9804,00-0035889,1,0.0196,PLANNED_ROTATION_OR_PACKAGE,4.0,893.0,13.0,True
2021,2021_19_PIT_KC,KC,00-0033873,True,43,0.9767,00-0030506,1,0.0233,BLOWOUT_RELIEF,4.0,858.0,21.0,True
2022,2022_03_KC_IND,KC,00-0033873,True,37,0.973,00-0035889,1,0.027,PLANNED_ROTATION_OR_PACKAGE,4.0,814.0,4.0,True
2022,2022_07_KC_SF,KC,00-0033873,True,37,0.9459,00-0026197,2,0.0541,BLOWOUT_RELIEF,4.0,240.0,21.0,False
2022,2022_20_JAX_KC,KC,00-0033873,True,37,0.8108,00-0026197,7,0.1892,PLANNED_ROTATION_OR_PACKAGE,2.0,2399.0,3.0,True
2023,2023_03_CHI_KC,KC,00-0033873,True,38,0.8684,00-0027948,5,0.1316,REPLACEMENT_NO_RETURN,3.0,1107.0,41.0,False
2023,2023_06_DEN_KC,KC,00-0033873,True,43,0.9767,00-0036913,1,0.0233,PLANNED_ROTATION_OR_PACKAGE,3.0,1591.0,13.0,True
2023,2023_15_KC_NE,KC,00-0033873,True,41,0.9756,00-0031376,1,0.0244,PLANNED_ROTATION_OR_PACKAGE,1.0,2794.0,0.0,True
2023,2023_16_LV_KC,KC,00-0033873,True,49,0.9796,00-0035889,1,0.0204,PLANNED_ROTATION_OR_PACKAGE,2.0,1963.0,10.0,True
2024,2024_15_KC_CLE,KC,00-0033873,True,40,0.95,00-0032950,2,0.05,REPLACEMENT_NO_RETURN,4.0,278.0,14.0,False
2024,2024_18_KC_DEN,KC,00-0032950,False,22,0.9545,00-0037324,1,0.0455,BLOWOUT_RELIEF,4.0,540.0,38.0,False
2021,2021_06_LA_NYG,LA,00-0026498,True,32,0.9375,00-0034899,2,0.0625,BLOWOUT_RELIEF,4.0,600.0,35.0,False
2021,2021_08_LA_HOU,LA,00-0026498,True,35,0.9143,00-0034899,3,0.0857,BLOWOUT_RELIEF,4.0,802.0,38.0,False
2021,2021_10_LA_SF,LA,00-0026498,True,44,0.9773,00-0028872,1,0.0227,PLANNED_ROTATION_OR_PACKAGE,2.0,1818.0,14.0,True
2021,2021_12_LA_GB,LA,00-0026498,True,41,0.9756,00-0033908,1,0.0244,PLANNED_ROTATION_OR_PACKAGE,2.0,2293.0,6.0,True
2021,2021_19_ARI_LA,LA,00-0026498,True,19,0.9474,00-0031235,1,0.0526,PLANNED_ROTATION_OR_PACKAGE,3.0,1632.0,21.0,True
2021,2021_22_LA_CIN,LA,00-0026498,True,43,0.9767,00-0033908,1,0.0233,PLANNED_ROTATION_OR_PACKAGE,3.0,1268.0,7.0,True
2022,2022_05_DAL_LA,LA,00-0026498,True,49,0.9592,00-0032943,1,0.0204,PLANNED_ROTATION_OR_PACKAGE,2.0,1949.0,6.0,True
2022,2022_05_DAL_LA,LA,00-0026498,True,49,0.9592,00-0033908,1,0.0204,PLANNED_ROTATION_OR_PACKAGE,3.0,930.0,9.0,True
2022,2022_10_ARI_LA,LA,00-0034899,False,40,0.975,00-0035939,1,0.025,PLANNED_ROTATION_OR_PACKAGE,2.0,2576.0,0.0,True
2022,2022_11_LA_NO,LA,00-0026498,False,32,0.5938,00-0035939,13,0.4062,REPLACEMENT_NO_RETURN,3.0,1005.0,10.0,False
2022,2022_12_LA_KC,LA,00-0035939,False,27,0.963,00-0032943,1,0.037,PLANNED_ROTATION_OR_PACKAGE,2.0,2161.0,7.0,True
2023,2023_08_LA_DAL,LA,00-0026498,True,34,0.6765,00-0034955,11,0.3235,REPLACEMENT_NO_RETURN,3.0,905.0,19.0,False
2024,2024_03_SF_LA,LA,00-0026498,True,29,0.9655,00-0036849,1,0.0345,PLANNED_ROTATION_OR_PACKAGE,4.0,642.0,10.0,True
2021,2021_04_LV_LAC,LAC,00-0036355,True,41,0.9756,00-0031543,1,0.0244,PLANNED_ROTATION_OR_PACKAGE,1.0,2823.0,7.0,True
2021,2021_15_KC_LAC,LAC,00-0036355,True,39,0.9744,00-0030279,1,0.0256,PLANNED_ROTATION_OR_PACKAGE,4.0,823.0,1.0,True
2022,2022_10_LAC_SF,LAC,00-0036355,True,40,0.925,00-0026544,3,0.075,PLANNED_ROTATION_OR_PACKAGE,2.0,1830.0,3.0,True
2022,2022_17_LA_LAC,LAC,00-0036355,True,31,0.9032,00-0026544,3,0.0968,BLOWOUT_RELIEF,4.0,630.0,21.0,False
2022,2022_18_LAC_DEN,LAC,00-0036355,True,45,0.8444,00-0026544,7,0.1556,REPLACEMENT_NO_RETURN,4.0,507.0,11.0,False
2023,2023_03_LAC_MIN,LAC,00-0036355,True,49,0.9796,00-0030279,1,0.0204,PLANNED_ROTATION_OR_PACKAGE,3.0,1261.0,4.0,True
2023,2023_14_DEN_LAC,LAC,00-0036355,True,48,0.4375,00-0030279,1,0.0208,PLANNED_ROTATION_OR_PACKAGE,2.0,2092.0,7.0,True
2023,2023_14_DEN_LAC,LAC,00-0036355,True,48,0.4375,00-0035282,26,0.5417,REPLACEMENT_NO_RETURN,2.0,1912.0,7.0,False
2024,2024_03_LAC_PIT,LAC,00-0036355,True,25,0.8,00-0031800,5,0.2,REPLACEMENT_NO_RETURN,4.0,771.0,3.0,False
2024,2024_13_LAC_ATL,LAC,00-0036355,True,29,0.9655,00-0034162,1,0.0345,PLANNED_ROTATION_OR_PACKAGE,4.0,849.0,4.0,True
2024,2024_15_TB_LAC,LAC,00-0036355,True,37,0.973,00-0031800,1,0.027,BLOWOUT_RELIEF,4.0,166.0,23.0,False
2024,2024_17_LAC_NE,LAC,00-0036355,True,40,0.95,00-0031800,2,0.05,BLOWOUT_RELIEF,4.0,389.0,30.0,False
2021,2021_17_LV_IND,LV,00-0031280,True,34,0.9706,00-0032268,1,0.0294,PLANNED_ROTATION_OR_PACKAGE,3.0,1067.0,4.0,True
2021,2021_18_LAC_LV,LV,00-0031280,True,40,0.975,00-0032268,1,0.025,PLANNED_ROTATION_OR_PACKAGE,3.0,1432.0,3.0,True
2022,2022_01_LV_LAC,LV,00-0031280,False,43,0.9767,00-0031381,1,0.0233,PLANNED_ROTATION_OR_PACKAGE,3.0,1087.0,14.0,True
2022,2022_03_LV_TEN,LV,00-0031280,True,46,0.9783,00-0033555,1,0.0217,PLANNED_ROTATION_OR_PACKAGE,3.0,1600.0,14.0,True
2022,2022_08_LV_NO,LV,00-0031280,True,43,0.6744,00-0035264,14,0.3256,BLOWOUT_RELIEF,4.0,213.0,24.0,False
2023,2023_05_GB_LV,LV,00-0031345,False,35,0.9714,00-0035700,1,0.0286,PLANNED_ROTATION_OR_PACKAGE,2.0,2484.0,3.0,True
2023,2023_06_NE_LV,LV,00-0031345,True,32,0.6875,00-0026625,10,0.3125,REPLACEMENT_NO_RETURN,3.0,1436.0,3.0,False
2023,2023_07_LV_CHI,LV,00-0026625,False,46,0.7174,00-0038579,13,0.2826,BLOWOUT_RELIEF,4.0,333.0,24.0,False
2023,2023_12_KC_LV,LV,00-0038579,True,35,0.9714,00-0034960,1,0.0286,PLANNED_ROTATION_OR_PACKAGE,4.0,591.0,11.0,True
2023,2023_15_LAC_LV,LV,00-0038579,True,37,0.9459,00-0034960,2,0.0541,PLANNED_ROTATION_OR_PACKAGE,2.0,2113.0,28.0,True
2023,2023_18_DEN_LV,LV,00-0038579,True,35,0.9429,00-0031345,2,0.0571,PLANNED_ROTATION_OR_PACKAGE,3.0,1495.0,10.0,True
2024,2024_03_CAR_LV,LV,00-0035289,True,43,0.6977,00-0038579,13,0.3023,BLOWOUT_RELIEF,4.0,287.0,21.0,False
2024,2024_05_LV_DEN,LV,00-0035289,True,40,0.475,00-0038579,21,0.525,REPLACEMENT_NO_RETURN,3.0,946.0,10.0,False
2024,2024_07_LV_LA,LV,00-0038579,True,46,0.2174,00-0035289,36,0.7826,REPLACEMENT_NO_RETURN,1.0,2769.0,0.0,False
2024,2024_09_LV_CIN,LV,00-0035289,True,38,0.4737,00-0038122,20,0.5263,REPLACEMENT_NO_RETURN,3.0,1202.0,21.0,False
2024,2024_12_DEN_LV,LV,00-0035289,True,58,0.7759,00-0035190,1,0.0172,PLANNED_ROTATION_OR_PACKAGE,2.0,2313.0,1.0,True
2024,2024_12_DEN_LV,LV,00-0035289,True,58,0.7759,00-0038122,12,0.2069,REPLACEMENT_NO_RETURN,4.0,148.0,7.0,False
2024,2024_14_LV_TB,LV,00-0038579,True,39,0.5128,00-0038122,19,0.4872,REPLACEMENT_NO_RETURN,4.0,767.0,4.0,False
2024,2024_15_ATL_LV,LV,00-0038122,False,43,0.9767,00-0034960,1,0.0233,PLANNED_ROTATION_OR_PACKAGE,1.0,3343.0,0.0,True
2024,2024_18_LAC_LV,LV,00-0038579,True,36,0.9444,00-0038122,2,0.0556,PLANNED_ROTATION_OR_PACKAGE,4.0,747.0,14.0,True
2021,2021_02_BUF_MIA,MIA,00-0036212,True,50,0.12,00-0033119,44,0.88,REPLACEMENT_NO_RETURN,1.0,3122.0,14.0,False
2021,2021_06_MIA_JAX,MIA,00-0036212,False,48,0.9792,00-0033119,1,0.0208,PLANNED_ROTATION_OR_PACKAGE,1.0,2815.0,4.0,True
2021,2021_10_BAL_MIA,MIA,00-0033119,True,40,0.625,00-0030669,1,0.025,PLANNED_ROTATION_OR_PACKAGE,2.0,2653.0,3.0,True
2021,2021_10_BAL_MIA,MIA,00-0033119,True,40,0.625,00-0036212,14,0.35,REPLACEMENT_NO_RETURN,3.0,1570.0,3.0,False
2021,2021_11_MIA_NYJ,MIA,00-0036212,False,34,0.9706,00-0030669,1,0.0294,PLANNED_ROTATION_OR_PACKAGE,4.0,629.0,0.0,True
2021,2021_16_MIA_NO,MIA,00-0036212,True,29,0.9655,00-0033119,1,0.0345,PLANNED_ROTATION_OR_PACKAGE,2.0,2584.0,10.0,True
2021,2021_17_MIA_TEN,MIA,00-0036212,True,43,0.9767,00-0034829,1,0.0233,PLANNED_ROTATION_OR_PACKAGE,4.0,847.0,14.0,True
2022,2022_03_BUF_MIA,MIA,00-0036212,True,22,0.8636,00-0031237,3,0.1364,PLANNED_ROTATION_OR_PACKAGE,2.0,1920.0,0.0,True
2022,2022_04_MIA_CIN,MIA,00-0036212,True,38,0.3947,00-0031237,23,0.6053,REPLACEMENT_NO_RETURN,2.0,2115.0,1.0,False
2022,2022_05_MIA_NYJ,MIA,00-0031237,False,36,0.0278,00-0037327,35,0.9722,REPLACEMENT_NO_RETURN,1.0,3250.0,2.0,False
2022,2022_06_MIN_MIA,MIA,00-0037327,False,53,0.2642,00-0031237,39,0.7358,REPLACEMENT_NO_RETURN,2.0,2452.0,0.0,False
2022,2022_10_CLE_MIA,MIA,00-0036212,True,34,0.9412,00-0034418,1,0.0294,PLANNED_ROTATION_OR_PACKAGE,2.0,2565.0,0.0,True
2022,2022_10_CLE_MIA,MIA,00-0036212,True,34,0.9412,00-0037327,1,0.0294,BLOWOUT_RELIEF,4.0,123.0,22.0,False
2022,2022_12_HOU_MIA,MIA,00-0036212,True,46,0.8696,00-0037327,6,0.1304,REPLACEMENT_NO_RETURN,3.0,1027.0,24.0,False
2022,2022_13_MIA_SF,MIA,00-0036212,True,37,0.973,00-0037327,1,0.027,REPLACEMENT_NO_RETURN,4.0,113.0,16.0,False
2022,2022_17_MIA_NE,MIA,00-0031237,False,42,0.4762,00-0037327,22,0.5238,REPLACEMENT_NO_RETURN,3.0,1071.0,2.0,False
2023,2023_03_DEN_MIA,MIA,00-0036212,True,28,0.9286,00-0034401,2,0.0714,BLOWOUT_RELIEF,4.0,763.0,43.0,False
2023,2023_06_CAR_MIA,MIA,00-0036212,True,32,0.9688,00-0034401,1,0.0312,BLOWOUT_RELIEF,4.0,277.0,21.0,False
2023,2023_07_MIA_PHI,MIA,00-0036212,True,36,0.9722,00-0034418,1,0.0278,PLANNED_ROTATION_OR_PACKAGE,2.0,1959.0,14.0,True
2023,2023_13_MIA_WAS,MIA,00-0036212,True,25,0.96,00-0034401,1,0.04,BLOWOUT_RELIEF,4.0,158.0,23.0,False
2023,2023_15_NYJ_MIA,MIA,00-0036212,True,29,0.931,00-0034401,2,0.069,BLOWOUT_RELIEF,4.0,475.0,30.0,False
2023,2023_18_BUF_MIA,MIA,00-0036212,True,28,0.9643,00-0039040,1,0.0357,PLANNED_ROTATION_OR_PACKAGE,1.0,2710.0,0.0,True
2024,2024_02_BUF_MIA,MIA,00-0036212,True,41,0.6341,00-0037327,15,0.3659,REPLACEMENT_NO_RETURN,3.0,1068.0,21.0,False
2024,2024_03_MIA_SEA,MIA,00-0037327,False,38,0.6316,00-0034177,14,0.3684,REPLACEMENT_NO_RETURN,3.0,1382.0,14.0,False
2024,2024_07_MIA_IND,MIA,00-0035993,True,28,0.5357,00-0034177,13,0.4643,REPLACEMENT_NO_RETURN,3.0,1123.0,0.0,False
2021,2021_01_MIN_CIN,MIN,00-0029604,False,53,0.9811,00-0036322,1,0.0189,PLANNED_ROTATION_OR_PACKAGE,2.0,2436.0,0.0,True
2021,2021_08_DAL_MIN,MIN,00-0029604,True,37,0.973,00-0036322,1,0.027,PLANNED_ROTATION_OR_PACKAGE,1.0,3470.0,0.0,True
2021,2021_12_MIN_SF,MIN,00-0029604,True,34,0.9706,00-0036322,1,0.0294,PLANNED_ROTATION_OR_PACKAGE,3.0,1456.0,14.0,True
2021,2021_13_MIN_DET,MIN,00-0029604,True,44,0.9773,00-0036322,1,0.0227,PLANNED_ROTATION_OR_PACKAGE,1.0,2967.0,3.0,True
2021,2021_17_MIN_GB,MIN,00-0032245,False,41,0.9268,00-0036946,3,0.0732,BLOWOUT_RELIEF,4.0,517.0,27.0,True
2022,2022_04_MIN_NO,MIN,00-0029604,True,42,0.9762,00-0037500,1,0.0238,PLANNED_ROTATION_OR_PACKAGE,3.0,1020.0,2.0,True
2022,2022_05_CHI_MIN,MIN,00-0029604,True,43,0.9767,00-0036322,1,0.0233,PLANNED_ROTATION_OR_PACKAGE,2.0,2375.0,11.0,True
2022,2022_09_MIN_WAS,MIN,00-0029604,True,43,0.9767,00-0033319,1,0.0233,PLANNED_ROTATION_OR_PACKAGE,4.0,726.0,10.0,True
2022,2022_11_DAL_MIN,MIN,00-0029604,True,37,0.8108,00-0033319,7,0.1892,BLOWOUT_RELIEF,4.0,578.0,37.0,False
2022,2022_12_NE_MIN,MIN,00-0029604,True,39,0.9744,00-0036322,1,0.0256,PLANNED_ROTATION_OR_PACKAGE,1.0,3456.0,0.0,True
2022,2022_14_MIN_DET,MIN,00-0029604,True,45,0.9778,00-0033893,1,0.0222,PLANNED_ROTATION_OR_PACKAGE,2.0,1866.0,7.0,True
2022,2022_15_IND_MIN,MIN,00-0029604,True,62,0.9839,00-0037500,1,0.0161,PLANNED_ROTATION_OR_PACKAGE,2.0,2466.0,20.0,True
2022,2022_17_MIN_GB,MIN,00-0029604,True,37,0.8919,00-0033319,4,0.1081,BLOWOUT_RELIEF,4.0,193.0,31.0,False
2022,2022_18_MIN_CHI,MIN,00-0029604,True,33,0.6061,00-0033319,13,0.3939,REPLACEMENT_NO_RETURN,3.0,1800.0,10.0,False
2022,2022_19_NYG_MIN,MIN,00-0029604,True,40,0.975,00-0036322,1,0.025,PLANNED_ROTATION_OR_PACKAGE,1.0,2942.0,0.0,True
2023,2023_08_MIN_GB,MIN,00-0029604,True,38,0.8684,00-0038598,5,0.1316,REPLACEMENT_NO_RETURN,4.0,397.0,14.0,False
2023,2023_09_MIN_ATL,MIN,00-0038598,False,40,0.15,00-0033949,33,0.825,REPLACEMENT_NO_RETURN,2.0,2655.0,0.0,False
2023,2023_09_MIN_ATL,MIN,00-0038598,False,40,0.15,00-0036414,1,0.025,REPLACEMENT_NO_RETURN,2.0,1890.0,8.0,False
2023,2023_14_MIN_LV,MIN,00-0033949,True,41,0.6829,00-0033319,13,0.3171,REPLACEMENT_NO_RETURN,4.0,550.0,0.0,False
2023,2023_15_MIN_CIN,MIN,00-0033319,False,37,0.973,00-0036322,1,0.027,PLANNED_ROTATION_OR_PACKAGE,2.0,2229.0,4.0,True
2023,2023_17_GB_MIN,MIN,00-0038598,False,36,0.3611,00-0033319,23,0.6389,REPLACEMENT_NO_RETURN,3.0,1793.0,20.0,False
2024,2024_02_SF_MIN,MIN,00-0034869,True,30,0.9667,00-0037276,1,0.0333,PLANNED_ROTATION_OR_PACKAGE,4.0,227.0,6.0,True
2024,2024_05_NYJ_MIN,MIN,00-0034869,True,36,0.9722,00-0033319,1,0.0278,PLANNED_ROTATION_OR_PACKAGE,1.0,2947.0,3.0,True
2024,2024_09_IND_MIN,MIN,00-0034869,True,39,0.9744,00-0036322,1,0.0256,PLANNED_ROTATION_OR_PACKAGE,2.0,2513.0,0.0,True
2024,2024_12_MIN_CHI,MIN,00-0034869,True,38,0.9737,00-0033319,1,0.0263,PLANNED_ROTATION_OR_PACKAGE,4.0,392.0,8.0,True
2021,2021_04_TB_NE,NE,00-0036972,True,46,0.9565,00-0034960,2,0.0435,PLANNED_ROTATION_OR_PACKAGE,2.0,1959.0,4.0,True
2021,2021_07_NYJ_NE,NE,00-0036972,True,42,0.881,00-0033307,1,0.0238,PLANNED_ROTATION_OR_PACKAGE,1.0,3469.0,0.0,True
2021,2021_07_NYJ_NE,NE,00-0036972,True,42,0.881,00-0026625,4,0.0952,BLOWOUT_RELIEF,4.0,402.0,34.0,False
2021,2021_10_CLE_NE,NE,00-0036972,True,28,0.8929,00-0026625,3,0.1071,BLOWOUT_RELIEF,4.0,458.0,31.0,False
2021,2021_17_JAX_NE,NE,00-0036972,True,34,0.8824,00-0026625,4,0.1176,BLOWOUT_RELIEF,4.0,615.0,41.0,False
2022,2022_04_NE_GB,NE,00-0026625,False,25,0.28,00-0038108,18,0.72,REPLACEMENT_NO_RETURN,1.0,2779.0,3.0,False
2022,2022_07_CHI_NE,NE,00-0036972,False,29,0.2069,00-0038108,23,0.7931,REPLACEMENT_NO_RETURN,2.0,2515.0,10.0,False
2023,2023_04_NE_DAL,NE,00-0036972,True,32,0.6875,00-0038108,10,0.3125,REPLACEMENT_NO_RETURN,3.0,1084.0,28.0,False
2023,2023_05_NO_NE,NE,00-0036972,True,33,0.7273,00-0038108,9,0.2727,BLOWOUT_RELIEF,4.0,708.0,31.0,False
2023,2023_06_NE_LV,NE,00-0036972,True,37,0.973,00-0038911,1,0.027,PLANNED_ROTATION_OR_PACKAGE,4.0,507.0,9.0,True
2023,2023_10_IND_NE,NE,00-0036972,True,32,0.7812,00-0038108,7,0.2188,REPLACEMENT_NO_RETURN,4.0,112.0,4.0,False
2023,2023_12_NE_NYG,NE,00-0036972,True,37,0.5946,00-0038108,15,0.4054,REPLACEMENT_NO_RETURN,3.0,1766.0,7.0,False
2024,2024_03_NE_NYJ,NE,00-0033119,True,33,0.697,00-0039851,10,0.303,BLOWOUT_RELIEF,4.0,264.0,21.0,False
2024,2024_08_NYJ_NE,NE,00-0039851,True,32,0.2188,00-0033119,25,0.7812,REPLACEMENT_NO_RETURN,2.0,2259.0,6.0,False
2024,2024_12_NE_MIA,NE,00-0039851,True,42,0.9762,00-0033307,1,0.0238,PLANNED_ROTATION_OR_PACKAGE,3.0,1397.0,24.0,True
2024,2024_17_LAC_NE,NE,00-0039851,True,28,0.9286,00-0033119,2,0.0714,PLANNED_ROTATION_OR_PACKAGE,1.0,2834.0,7.0,True
2024,2024_18_BUF_NE,NE,00-0039851,True,31,0.0645,00-0039398,29,0.9355,REPLACEMENT_NO_RETURN,1.0,3403.0,0.0,False
2021,2021_01_GB_NO,NO,00-0031503,False,21,0.9524,00-0033357,1,0.0476,PLANNED_ROTATION_OR_PACKAGE,2.0,2700.0,3.0,True
2021,2021_04_NYG_NO,NO,00-0031503,True,26,0.8846,00-0033357,3,0.1154,PLANNED_ROTATION_OR_PACKAGE,2.0,2036.0,7.0,True
2021,2021_08_TB_NO,NO,00-0031503,True,40,0.25,00-0032156,30,0.75,REPLACEMENT_NO_RETURN,2.0,2541.0,0.0,False
2021,2021_09_ATL_NO,NO,00-0032156,False,44,0.9545,00-0033357,2,0.0455,PLANNED_ROTATION_OR_PACKAGE,4.0,741.0,11.0,True
2021,2021_10_NO_TEN,NO,00-0032156,True,40,0.95,00-0033357,2,0.05,PLANNED_ROTATION_OR_PACKAGE,2.0,2218.0,0.0,True
2021,2021_12_BUF_NO,NO,00-0032156,True,32,0.9688,00-0035859,1,0.0312,PLANNED_ROTATION_OR_PACKAGE,2.0,1911.0,10.0,True
2021,2021_18_NO_ATL,NO,00-0033357,True,25,0.36,00-0032156,16,0.64,REPLACEMENT_NO_RETURN,2.0,2161.0,1.0,False
2022,2022_05_SEA_NO,NO,00-0027973,True,26,0.9615,00-0033357,1,0.0385,PLANNED_ROTATION_OR_PACKAGE,3.0,941.0,5.0,True
2022,2022_06_CIN_NO,NO,00-0027973,True,37,0.8919,00-0033357,4,0.1081,PLANNED_ROTATION_OR_PACKAGE,1.0,3379.0,0.0,True
2022,2022_07_NO_ARI,NO,00-0027973,True,49,0.9592,00-0033357,2,0.0408,PLANNED_ROTATION_OR_PACKAGE,1.0,3122.0,4.0,True
2022,2022_08_LV_NO,NO,00-0027973,True,31,0.9677,00-0033357,1,0.0323,PLANNED_ROTATION_OR_PACKAGE,1.0,2959.0,0.0,True
2022,2022_09_BAL_NO,NO,00-0027973,True,34,0.9706,00-0033357,1,0.0294,PLANNED_ROTATION_OR_PACKAGE,3.0,1332.0,14.0,True
2022,2022_10_NO_PIT,NO,00-0027973,True,30,0.9667,00-0033357,1,0.0333,PLANNED_ROTATION_OR_PACKAGE,1.0,2887.0,7.0,True
2022,2022_11_LA_NO,NO,00-0027973,True,32,0.875,00-0033357,4,0.125,PLANNED_ROTATION_OR_PACKAGE,1.0,3046.0,0.0,True
2022,2022_12_NO_SF,NO,00-0027973,True,31,0.9677,00-0033357,1,0.0323,PLANNED_ROTATION_OR_PACKAGE,2.0,2425.0,3.0,True
2022,2022_13_NO_TB,NO,00-0027973,True,31,0.9677,00-0033357,1,0.0323,PLANNED_ROTATION_OR_PACKAGE,3.0,1304.0,7.0,True
2022,2022_15_ATL_NO,NO,00-0027973,True,21,0.9048,00-0033357,2,0.0952,PLANNED_ROTATION_OR_PACKAGE,1.0,3207.0,7.0,True
2022,2022_17_NO_PHI,NO,00-0027973,True,31,0.9032,00-0033357,3,0.0968,PLANNED_ROTATION_OR_PACKAGE,1.0,3306.0,0.0,True
2023,2023_02_NO_CAR,NO,00-0031280,True,41,0.9756,00-0033357,1,0.0244,PLANNED_ROTATION_OR_PACKAGE,3.0,1195.0,0.0,True
2023,2023_03_NO_GB,NO,00-0031280,True,38,0.5526,00-0031503,17,0.4474,REPLACEMENT_NO_RETURN,3.0,1432.0,17.0,False
2023,2023_04_TB_NO,NO,00-0031280,True,42,0.9286,00-0033357,2,0.0476,PLANNED_ROTATION_OR_PACKAGE,1.0,3532.0,0.0,True
2023,2023_04_TB_NO,NO,00-0031280,True,42,0.9286,00-0031503,1,0.0238,BLOWOUT_RELIEF,4.0,144.0,17.0,False
2023,2023_06_NO_HOU,NO,00-0031280,True,53,0.9811,00-0033357,1,0.0189,PLANNED_ROTATION_OR_PACKAGE,4.0,900.0,7.0,True
2023,2023_08_NO_IND,NO,00-0031280,True,30,0.9333,00-0033357,2,0.0667,PLANNED_ROTATION_OR_PACKAGE,3.0,1685.0,1.0,True
2023,2023_09_CHI_NO,NO,00-0031280,True,35,0.9714,00-0033357,1,0.0286,PLANNED_ROTATION_OR_PACKAGE,4.0,671.0,0.0,True
2023,2023_10_NO_MIN,NO,00-0031280,True,46,0.4348,00-0031503,26,0.5652,REPLACEMENT_NO_RETURN,3.0,1337.0,24.0,False
2023,2023_13_DET_NO,NO,00-0031280,True,31,0.7742,00-0033357,2,0.0645,PLANNED_ROTATION_OR_PACKAGE,1.0,2857.0,21.0,True
2023,2023_13_DET_NO,NO,00-0031280,True,31,0.7742,00-0031503,5,0.1613,REPLACEMENT_NO_RETURN,4.0,536.0,12.0,False
2023,2023_15_NYG_NO,NO,00-0031280,True,30,0.9667,00-0033357,1,0.0333,PLANNED_ROTATION_OR_PACKAGE,2.0,2010.0,4.0,True
2023,2023_17_NO_TB,NO,00-0031280,True,35,0.9429,00-0033357,2,0.0571,PLANNED_ROTATION_OR_PACKAGE,1.0,3557.0,0.0,True
2023,2023_18_ATL_NO,NO,00-0031280,True,31,0.9677,00-0033357,1,0.0323,PLANNED_ROTATION_OR_PACKAGE,2.0,2285.0,0.0,True
2024,2024_01_CAR_NO,NO,00-0031280,False,25,0.96,00-0038998,1,0.04,BLOWOUT_RELIEF,4.0,206.0,37.0,False
2024,2024_05_NO_KC,NO,00-0031280,True,36,0.8056,00-0038998,7,0.1944,REPLACEMENT_NO_RETURN,4.0,183.0,13.0,False
2024,2024_07_DEN_NO,NO,00-0039376,True,45,0.9111,00-0038998,4,0.0889,BLOWOUT_RELIEF,4.0,116.0,30.0,False
2024,2024_08_NO_LAC,NO,00-0039376,True,47,0.5745,00-0038998,19,0.4043,REPLACEMENT_NO_RETURN,3.0,1130.0,11.0,False
2024,2024_08_NO_LAC,NO,00-0039376,True,47,0.5745,00-0033357,1,0.0213,REPLACEMENT_NO_RETURN,3.0,1058.0,11.0,False
2024,2024_09_NO_CAR,NO,00-0031280,False,33,0.9697,00-0033357,1,0.0303,PLANNED_ROTATION_OR_PACKAGE,3.0,1165.0,4.0,True
2024,2024_11_CLE_NO,NO,00-0031280,True,30,0.9333,00-0033357,2,0.0667,PLANNED_ROTATION_OR_PACKAGE,1.0,3375.0,0.0,True
2024,2024_14_NO_NYG,NO,00-0031280,True,33,0.9697,00-0038998,1,0.0303,REPLACEMENT_NO_RETURN,4.0,99.0,3.0,False
2024,2024_15_WAS_NO,NO,00-0038998,False,35,0.3714,00-0039376,21,0.6,REPLACEMENT_NO_RETURN,3.0,1387.0,17.0,False
2024,2024_15_WAS_NO,NO,00-0038998,False,35,0.3714,00-0034418,1,0.0286,REPLACEMENT_NO_RETURN,3.0,1253.0,17.0,False
2024,2024_17_LV_NO,NO,00-0039376,True,40,0.975,00-0034418,1,0.025,PLANNED_ROTATION_OR_PACKAGE,4.0,141.0,15.0,True
2021,2021_05_NYG_DAL,NYG,00-0035710,True,39,0.3333,00-0036913,1,0.0256,PLANNED_ROTATION_OR_PACKAGE,2.0,2513.0,10.0,True
2021,2021_05_NYG_DAL,NYG,00-0035710,True,39,0.3333,00-0030520,25,0.641,REPLACEMENT_NO_RETURN,2.0,1836.0,7.0,False
2021,2021_07_CAR_NYG,NYG,00-0035710,True,36,0.9722,00-0034860,1,0.0278,PLANNED_ROTATION_OR_PACKAGE,3.0,1194.0,2.0,True
2021,2021_08_NYG_KC,NYG,00-0035710,True,36,0.9722,00-0036913,1,0.0278,PLANNED_ROTATION_OR_PACKAGE,1.0,2801.0,7.0,True
2021,2021_09_LV_NYG,NYG,00-0035710,True,23,0.9565,00-0036913,1,0.0435,PLANNED_ROTATION_OR_PACKAGE,2.0,2417.0,3.0,True
2021,2021_11_NYG_TB,NYG,00-0035710,True,41,0.9756,00-0036913,1,0.0244,PLANNED_ROTATION_OR_PACKAGE,2.0,2073.0,7.0,True
2021,2021_14_NYG_LAC,NYG,00-0030520,True,39,0.9744,00-0032943,1,0.0256,PLANNED_ROTATION_OR_PACKAGE,3.0,1385.0,20.0,True
2021,2021_15_DAL_NYG,NYG,00-0030520,True,37,0.6486,00-0036197,13,0.3514,REPLACEMENT_NO_RETURN,4.0,221.0,15.0,False
2021,2021_16_NYG_PHI,NYG,00-0036197,False,46,0.413,00-0030520,27,0.587,REPLACEMENT_NO_RETURN,3.0,1368.0,10.0,False
2022,2022_04_CHI_NYG,NYG,00-0035710,True,17,0.8235,00-0028118,3,0.1765,REPLACEMENT_NO_RETURN,4.0,824.0,5.0,False
2022,2022_14_PHI_NYG,NYG,00-0035710,True,39,0.7949,00-0028118,8,0.2051,BLOWOUT_RELIEF,4.0,361.0,27.0,False
2022,2022_18_NYG_PHI,NYG,00-0033550,False,42,0.9524,00-0035042,1,0.0238,PLANNED_ROTATION_OR_PACKAGE,1.0,2706.0,10.0,True
2022,2022_18_NYG_PHI,NYG,00-0033550,False,42,0.9524,00-0036145,1,0.0238,PLANNED_ROTATION_OR_PACKAGE,3.0,1163.0,19.0,True
2023,2023_01_DAL_NYG,NYG,00-0035710,False,37,0.9459,00-0028118,2,0.0541,BLOWOUT_RELIEF,4.0,61.0,40.0,False
2023,2023_03_NYG_SF,NYG,00-0035710,True,35,0.9714,00-0028118,1,0.0286,BLOWOUT_RELIEF,4.0,138.0,18.0,False
2023,2023_04_SEA_NYG,NYG,00-0035710,True,45,0.9778,00-0035639,1,0.0222,PLANNED_ROTATION_OR_PACKAGE,2.0,2114.0,7.0,True
2023,2023_05_NYG_MIA,NYG,00-0035710,True,39,0.6667,00-0028118,13,0.3333,BLOWOUT_RELIEF,4.0,731.0,18.0,False
2023,2023_08_NYJ_NYG,NYG,00-0028118,True,18,0.5,00-0038476,9,0.5,REPLACEMENT_NO_RETURN,2.0,2029.0,4.0,False
2023,2023_09_NYG_LV,NYG,00-0035710,False,37,0.2973,00-0038476,26,0.7027,REPLACEMENT_NO_RETURN,2.0,2671.0,7.0,False
2023,2023_15_NYG_NO,NYG,00-0038476,True,45,0.9111,00-0028118,4,0.0889,PLANNED_ROTATION_OR_PACKAGE,2.0,1839.0,4.0,True
2023,2023_16_NYG_PHI,NYG,00-0038476,True,33,0.5152,00-0028118,16,0.4848,REPLACEMENT_NO_RETURN,3.0,1503.0,10.0,False
2023,2023_18_PHI_NYG,NYG,00-0028118,True,36,0.9167,00-0038476,3,0.0833,PLANNED_ROTATION_OR_PACKAGE,1.0,2917.0,3.0,True
2024,2024_03_NYG_CLE,NYG,00-0035710,True,37,0.973,00-0039337,1,0.027,PLANNED_ROTATION_OR_PACKAGE,2.0,1915.0,0.0,True
2024,2024_07_PHI_NYG,NYG,00-0035710,True,37,0.7568,00-0035704,9,0.2432,BLOWOUT_RELIEF,4.0,686.0,25.0,False
2024,2024_12_TB_NYG,NYG,00-0038476,False,36,0.9722,00-0035704,1,0.0278,BLOWOUT_RELIEF,4.0,300.0,23.0,True
2024,2024_15_BAL_NYG,NYG,00-0038476,False,40,0.375,00-0034177,25,0.625,REPLACEMENT_NO_RETURN,3.0,1800.0,14.0,False
2021,2021_07_NYJ_NE,NYJ,00-0037013,True,44,0.25,00-0034401,33,0.75,REPLACEMENT_NO_RETURN,2.0,2445.0,17.0,False
2021,2021_08_CIN_NYJ,NYJ,00-0034401,False,51,0.9216,00-0026300,4,0.0784,PLANNED_ROTATION_OR_PACKAGE,3.0,1307.0,3.0,True
2021,2021_09_NYJ_IND,NYJ,00-0034401,True,54,0.2037,00-0026300,43,0.7963,REPLACEMENT_NO_RETURN,2.0,2604.0,7.0,False
2021,2021_10_BUF_NYJ,NYJ,00-0034401,True,48,0.9375,00-0026158,3,0.0625,BLOWOUT_RELIEF,4.0,259.0,35.0,False
2021,2021_15_NYJ_MIA,NYJ,00-0037013,True,30,0.9667,00-0033681,1,0.0333,PLANNED_ROTATION_OR_PACKAGE,1.0,2986.0,7.0,True
2021,2021_18_NYJ_BUF,NYJ,00-0037013,True,29,0.9655,00-0031941,1,0.0345,PLANNED_ROTATION_OR_PACKAGE,2.0,2497.0,10.0,True
2022,2022_02_NYJ_CLE,NYJ,00-0026158,True,47,0.9787,00-0036313,1,0.0213,PLANNED_ROTATION_OR_PACKAGE,1.0,2800.0,7.0,True
2022,2022_04_NYJ_PIT,NYJ,00-0037013,False,38,0.9737,00-0034419,1,0.0263,PLANNED_ROTATION_OR_PACKAGE,2.0,2562.0,3.0,True
2022,2022_12_CHI_NYJ,NYJ,00-0034401,False,30,0.9667,00-0036313,1,0.0333,PLANNED_ROTATION_OR_PACKAGE,2.0,2365.0,3.0,True
2022,2022_13_NYJ_MIN,NYJ,00-0034401,True,59,0.9831,00-0037740,1,0.0169,PLANNED_ROTATION_OR_PACKAGE,3.0,1538.0,14.0,True
2022,2022_14_NYJ_BUF,NYJ,00-0034401,True,51,0.9216,00-0026158,4,0.0784,PLANNED_ROTATION_OR_PACKAGE,2.0,2147.0,0.0,True
2022,2022_16_JAX_NYJ,NYJ,00-0037013,True,36,0.5833,00-0035752,15,0.4167,REPLACEMENT_NO_RETURN,3.0,1073.0,13.0,False
2023,2023_01_BUF_NYJ,NYJ,00-0023459,False,25,0.08,00-0037013,23,0.92,REPLACEMENT_NO_RETURN,1.0,3356.0,0.0,False
2023,2023_10_NYJ_LV,NYJ,00-0037013,True,42,0.9762,00-0037740,1,0.0238,PLANNED_ROTATION_OR_PACKAGE,4.0,768.0,7.0,True
2023,2023_11_NYJ_BUF,NYJ,00-0037013,True,36,0.5556,00-0027114,1,0.0278,PLANNED_ROTATION_OR_PACKAGE,2.0,1920.0,16.0,True
2023,2023_11_NYJ_BUF,NYJ,00-0037013,True,36,0.5556,00-0034177,15,0.4167,REPLACEMENT_NO_RETURN,3.0,956.0,23.0,False
2023,2023_13_ATL_NYJ,NYJ,00-0034177,True,42,0.619,00-0032156,16,0.381,REPLACEMENT_NO_RETURN,4.0,786.0,5.0,False
2023,2023_15_NYJ_MIA,NYJ,00-0037013,True,43,0.3488,00-0032156,28,0.6512,REPLACEMENT_NO_RETURN,2.0,1863.0,24.0,False
2024,2024_01_NYJ_SF,NYJ,00-0023459,False,30,0.7333,00-0028118,8,0.2667,BLOWOUT_RELIEF,4.0,186.0,19.0,False
2024,2024_17_NYJ_BUF,NYJ,00-0023459,True,36,0.6111,00-0028118,14,0.3889,BLOWOUT_RELIEF,4.0,727.0,40.0,False
2024,2024_18_MIA_NYJ,NYJ,00-0023459,True,40,0.975,00-0034521,1,0.025,PLANNED_ROTATION_OR_PACKAGE,3.0,1398.0,9.0,True
2021,2021_02_SF_PHI,PHI,00-0036389,True,26,0.9615,00-0033733,1,0.0385,PLANNED_ROTATION_OR_PACKAGE,2.0,2068.0,3.0,True
2021,2021_08_PHI_DET,PHI,00-0036389,True,16,0.875,00-0035289,2,0.125,BLOWOUT_RELIEF,4.0,855.0,38.0,False
2021,2021_18_DAL_PHI,PHI,00-0035289,False,37,0.973,00-0033733,1,0.027,PLANNED_ROTATION_OR_PACKAGE,1.0,3326.0,0.0,True
2022,2022_08_PIT_PHI,PHI,00-0036389,True,33,0.9394,00-0035289,2,0.0606,BLOWOUT_RELIEF,4.0,491.0,22.0,False
2022,2022_13_TEN_PHI,PHI,00-0036389,True,43,0.9535,00-0035289,2,0.0465,BLOWOUT_RELIEF,4.0,491.0,25.0,False
2023,2023_13_SF_PHI,PHI,00-0036389,True,51,0.9412,00-0032268,3,0.0588,BLOWOUT_RELIEF,4.0,638.0,22.0,True
2023,2023_14_PHI_DAL,PHI,00-0036389,True,29,0.9655,00-0036313,1,0.0345,PLANNED_ROTATION_OR_PACKAGE,2.0,2694.0,10.0,True
2023,2023_17_ARI_PHI,PHI,00-0036389,True,24,0.9583,00-0036919,1,0.0417,PLANNED_ROTATION_OR_PACKAGE,2.0,1832.0,8.0,True
2023,2023_18_PHI_NYG,PHI,00-0036389,True,41,0.439,00-0032268,23,0.561,REPLACEMENT_NO_RETURN,2.0,1865.0,24.0,False
2024,2024_07_PHI_NYG,PHI,00-0036389,True,20,0.9,00-0038102,2,0.1,BLOWOUT_RELIEF,4.0,544.0,25.0,False
2024,2024_10_PHI_DAL,PHI,00-0036389,True,27,0.9259,00-0038102,2,0.0741,BLOWOUT_RELIEF,4.0,720.0,25.0,False
2024,2024_16_PHI_WAS,PHI,00-0036389,True,32,0.125,00-0038102,27,0.8438,REPLACEMENT_NO_RETURN,1.0,3255.0,7.0,False
2024,2024_16_PHI_WAS,PHI,00-0036389,True,32,0.125,00-0034844,1,0.0312,REPLACEMENT_NO_RETURN,3.0,1646.0,7.0,False
2024,2024_17_DAL_PHI,PHI,00-0038102,False,19,0.7895,00-0038400,4,0.2105,REPLACEMENT_NO_RETURN,3.0,1171.0,20.0,False
2024,2024_22_KC_PHI,PHI,00-0036389,True,25,0.96,00-0038102,1,0.04,BLOWOUT_RELIEF,4.0,119.0,26.0,False
2021,2021_08_PIT_CLE,PIT,00-0022924,True,37,0.973,00-0031136,1,0.027,PLANNED_ROTATION_OR_PACKAGE,2.0,1905.0,0.0,True
2021,2021_16_PIT_KC,PIT,00-0022924,True,45,0.8222,00-0034771,8,0.1778,BLOWOUT_RELIEF,4.0,136.0,26.0,False
2022,2022_04_NYJ_PIT,PIT,00-0033869,True,29,0.5517,00-0038102,13,0.4483,REPLACEMENT_NO_RETURN,3.0,1567.0,4.0,False
2022,2022_06_TB_PIT,PIT,00-0038102,True,32,0.5938,00-0033869,13,0.4062,REPLACEMENT_NO_RETURN,3.0,1322.0,1.0,False
2022,2022_08_PIT_PHI,PIT,00-0038102,True,46,0.9565,00-0036893,1,0.0217,PLANNED_ROTATION_OR_PACKAGE,1.0,2861.0,7.0,True
2022,2022_08_PIT_PHI,PIT,00-0038102,True,46,0.9565,00-0036326,1,0.0217,PLANNED_ROTATION_OR_PACKAGE,1.0,2821.0,7.0,True
2022,2022_14_BAL_PIT,PIT,00-0038102,True,33,0.0606,00-0033869,31,0.9394,REPLACEMENT_NO_RETURN,1.0,2846.0,10.0,False
2023,2023_04_PIT_HOU,PIT,00-0038102,True,31,0.8387,00-0033869,5,0.1613,BLOWOUT_RELIEF,4.0,644.0,17.0,False
2023,2023_08_JAX_PIT,PIT,00-0038102,True,46,0.3696,00-0033869,29,0.6304,REPLACEMENT_NO_RETURN,2.0,1814.0,6.0,False
2023,2023_13_ARI_PIT,PIT,00-0038102,True,27,0.3704,00-0033869,17,0.6296,REPLACEMENT_NO_RETURN,3.0,1702.0,7.0,False
2023,2023_14_NE_PIT,PIT,00-0033869,False,38,0.9737,00-0037304,1,0.0263,PLANNED_ROTATION_OR_PACKAGE,4.0,711.0,11.0,True
2023,2023_15_PIT_IND,PIT,00-0033869,True,30,0.8667,00-0034771,4,0.1333,REPLACEMENT_NO_RETURN,4.0,128.0,14.0,False
2024,2024_05_DAL_PIT,PIT,00-0036945,True,31,0.9677,00-0034577,1,0.0323,PLANNED_ROTATION_OR_PACKAGE,3.0,1746.0,3.0,True
2024,2024_10_PIT_WAS,PIT,00-0029263,True,32,0.9688,00-0032399,1,0.0312,PLANNED_ROTATION_OR_PACKAGE,1.0,3020.0,7.0,True
2024,2024_12_PIT_CLE,PIT,00-0029263,True,33,0.9697,00-0036945,1,0.0303,PLANNED_ROTATION_OR_PACKAGE,4.0,214.0,1.0,True
2024,2024_19_PIT_BAL,PIT,00-0029263,True,34,0.9706,00-0036945,1,0.0294,PLANNED_ROTATION_OR_PACKAGE,2.0,1986.0,14.0,True
2021,2021_05_LA_SEA,SEA,00-0029263,True,35,0.5143,00-0030565,17,0.4857,REPLACEMENT_NO_RETURN,4.0,848.0,9.0,False
2022,2022_02_SEA_SF,SEA,00-0030565,True,33,0.9697,00-0036425,1,0.0303,PLANNED_ROTATION_OR_PACKAGE,2.0,2059.0,13.0,True
2023,2023_04_SEA_NYG,SEA,00-0030565,True,28,0.7857,00-0035704,6,0.2143,PLANNED_ROTATION_OR_PACKAGE,2.0,1985.0,4.0,True
2023,2023_11_SEA_LA,SEA,00-0030565,True,42,0.8571,00-0035704,6,0.1429,PLANNED_ROTATION_OR_PACKAGE,4.0,900.0,9.0,True
2023,2023_13_SEA_DAL,SEA,00-0030565,True,42,0.9762,00-0036425,1,0.0238,PLANNED_ROTATION_OR_PACKAGE,3.0,922.0,1.0,True
2024,2024_07_SEA_ATL,SEA,00-0030565,True,30,0.9667,00-0038543,1,0.0333,PLANNED_ROTATION_OR_PACKAGE,2.0,2118.0,3.0,True
2024,2024_15_GB_SEA,SEA,00-0030565,True,40,0.55,00-0037077,18,0.45,REPLACEMENT_NO_RETURN,3.0,1329.0,17.0,False
2021,2021_01_SF_DET,SF,00-0031345,False,27,0.963,00-0037012,1,0.037,PLANNED_ROTATION_OR_PACKAGE,1.0,3046.0,0.0,True
2021,2021_04_SEA_SF,SF,00-0031345,True,43,0.5581,00-0037012,19,0.4419,REPLACEMENT_NO_RETURN,3.0,1497.0,0.0,False
2021,2021_15_ATL_SF,SF,00-0031345,True,24,0.9583,00-0035719,1,0.0417,PLANNED_ROTATION_OR_PACKAGE,2.0,2410.0,0.0,True
2021,2021_18_SF_LA,SF,00-0031345,False,36,0.9722,00-0035719,1,0.0278,PLANNED_ROTATION_OR_PACKAGE,3.0,1013.0,7.0,True
2022,2022_02_SEA_SF,SF,00-0037012,True,25,0.12,00-0031345,22,0.88,REPLACEMENT_NO_RETURN,1.0,2832.0,3.0,False
2022,2022_07_KC_SF,SF,00-0031345,True,51,0.8235,00-0037834,9,0.1765,BLOWOUT_RELIEF,4.0,219.0,21.0,False
2022,2022_08_SF_LA,SF,00-0031345,True,29,0.9655,00-0033280,1,0.0345,PLANNED_ROTATION_OR_PACKAGE,2.0,2537.0,7.0,True
2022,2022_13_MIA_SF,SF,00-0031345,True,45,0.1111,00-0037834,40,0.8889,REPLACEMENT_NO_RETURN,1.0,3187.0,4.0,False
2022,2022_14_TB_SF,SF,00-0037834,False,23,0.913,00-0026300,2,0.087,BLOWOUT_RELIEF,4.0,290.0,28.0,False
2022,2022_21_SF_PHI,SF,00-0037834,True,21,0.2381,00-0026300,15,0.7143,UNCLASSIFIED,1.0,2951.0,7.0,True
2022,2022_21_SF_PHI,SF,00-0037834,True,21,0.2381,00-0033280,1,0.0476,BLOWOUT_RELIEF,4.0,307.0,24.0,True
2023,2023_05_DAL_SF,SF,00-0037834,True,26,0.9615,00-0034869,1,0.0385,BLOWOUT_RELIEF,4.0,589.0,32.0,False
2023,2023_10_SF_JAX,SF,00-0037834,True,30,0.9333,00-0034869,2,0.0667,BLOWOUT_RELIEF,4.0,272.0,31.0,False
2023,2023_12_SF_SEA,SF,00-0037834,True,32,0.9688,00-0035719,1,0.0312,PLANNED_ROTATION_OR_PACKAGE,1.0,2845.0,4.0,True
2023,2023_15_SF_ARI,SF,00-0037834,True,28,0.8929,00-0034869,3,0.1071,PLANNED_ROTATION_OR_PACKAGE,2.0,2030.0,1.0,True
2023,2023_16_BAL_SF,SF,00-0037834,True,50,0.68,00-0034869,16,0.32,BLOWOUT_RELIEF,4.0,472.0,21.0,False
2023,2023_17_SF_WAS,SF,00-0037834,True,29,0.9655,00-0034869,1,0.0345,BLOWOUT_RELIEF,4.0,114.0,17.0,False
2023,2023_22_SF_KC,SF,00-0037834,True,40,0.975,00-0036259,1,0.025,PLANNED_ROTATION_OR_PACKAGE,2.0,2072.0,3.0,True
2024,2024_01_NYJ_SF,SF,00-0037834,False,32,0.9688,00-0035719,1,0.0312,PLANNED_ROTATION_OR_PACKAGE,2.0,2700.0,4.0,True
2024,2024_14_CHI_SF,SF,00-0037834,True,27,0.963,00-0032434,1,0.037,BLOWOUT_RELIEF,4.0,124.0,25.0,False
2024,2024_17_DET_SF,SF,00-0037834,True,42,0.881,00-0039916,1,0.0238,PLANNED_ROTATION_OR_PACKAGE,4.0,824.0,3.0,True
2024,2024_17_DET_SF,SF,00-0037834,True,42,0.881,00-0033949,4,0.0952,REPLACEMENT_NO_RETURN,4.0,96.0,12.0,False
2021,2021_05_MIA_TB,TB,00-0019596,True,46,0.9348,00-0027948,3,0.0652,BLOWOUT_RELIEF,4.0,360.0,28.0,False
2021,2021_07_CHI_TB,TB,00-0019596,True,39,0.9231,00-0027948,3,0.0769,BLOWOUT_RELIEF,4.0,437.0,35.0,False
2021,2021_08_TB_NO,TB,00-0019596,True,44,0.9773,00-0033856,1,0.0227,PLANNED_ROTATION_OR_PACKAGE,3.0,916.0,2.0,True
2021,2021_11_NYG_TB,TB,00-0019596,True,49,0.9388,00-0027948,3,0.0612,BLOWOUT_RELIEF,4.0,316.0,20.0,False
2021,2021_16_TB_CAR,TB,00-0019596,True,31,0.9677,00-0027948,1,0.0323,BLOWOUT_RELIEF,4.0,143.0,26.0,False
2021,2021_18_CAR_TB,TB,00-0019596,True,40,0.95,00-0027948,2,0.05,REPLACEMENT_NO_RETURN,4.0,315.0,14.0,False
2022,2022_10_SEA_TB,TB,00-0019596,True,30,0.9667,00-0033856,1,0.0333,PLANNED_ROTATION_OR_PACKAGE,3.0,1299.0,11.0,True
2022,2022_18_TB_ATL,TB,00-0019596,True,34,0.5,00-0027948,8,0.2353,REPLACEMENT_NO_RETURN,2.0,2040.0,0.0,False
2022,2022_18_TB_ATL,TB,00-0019596,True,34,0.5,00-0036928,9,0.2647,REPLACEMENT_NO_RETURN,4.0,447.0,10.0,False
2023,2023_04_TB_NO,TB,00-0034855,True,34,0.9706,00-0033921,1,0.0294,PLANNED_ROTATION_OR_PACKAGE,2.0,2406.0,3.0,True
2023,2023_12_TB_IND,TB,00-0034855,True,37,0.973,00-0036928,1,0.027,PLANNED_ROTATION_OR_PACKAGE,1.0,3156.0,0.0,True
2024,2024_13_TB_CAR,TB,00-0034855,True,38,0.9737,00-0036928,1,0.0263,PLANNED_ROTATION_OR_PACKAGE,3.0,1194.0,3.0,True
2021,2021_01_ARI_TEN,TEN,00-0029701,False,42,0.9762,00-0032496,1,0.0238,PLANNED_ROTATION_OR_PACKAGE,1.0,2890.0,10.0,True
2021,2021_07_KC_TEN,TEN,00-0029701,True,29,0.9655,00-0032764,1,0.0345,PLANNED_ROTATION_OR_PACKAGE,1.0,3355.0,0.0,True
2021,2021_08_TEN_IND,TEN,00-0029701,True,37,0.973,00-0035676,1,0.027,PLANNED_ROTATION_OR_PACKAGE,4.0,790.0,3.0,True
2021,2021_16_SF_TEN,TEN,00-0029701,True,34,0.9706,00-0035676,1,0.0294,PLANNED_ROTATION_OR_PACKAGE,4.0,364.0,7.0,True
2022,2022_02_TEN_BUF,TEN,00-0029701,True,26,0.8462,00-0038128,4,0.1538,REPLACEMENT_NO_RETURN,3.0,1129.0,34.0,False
2022,2022_11_TEN_GB,TEN,00-0029701,True,32,0.9375,00-0032764,2,0.0625,PLANNED_ROTATION_OR_PACKAGE,2.0,1920.0,1.0,True
2022,2022_13_TEN_PHI,TEN,00-0029701,True,32,0.875,00-0038128,4,0.125,BLOWOUT_RELIEF,4.0,451.0,25.0,False
2022,2022_15_TEN_LAC,TEN,00-0029701,True,30,0.8667,00-0038128,4,0.1333,PLANNED_ROTATION_OR_PACKAGE,1.0,2919.0,7.0,True
2023,2023_04_CIN_TEN,TEN,00-0029701,True,29,0.9655,00-0032764,1,0.0345,PLANNED_ROTATION_OR_PACKAGE,2.0,1814.0,14.0,True
2023,2023_05_TEN_IND,TEN,00-0029701,True,36,0.9722,00-0032764,1,0.0278,PLANNED_ROTATION_OR_PACKAGE,1.0,2947.0,0.0,True
2023,2023_06_BAL_TEN,TEN,00-0029701,True,27,0.6667,00-0038128,9,0.3333,REPLACEMENT_NO_RETURN,4.0,769.0,8.0,False
2023,2023_16_SEA_TEN,TEN,00-0029701,False,33,0.9697,00-0032764,1,0.0303,PLANNED_ROTATION_OR_PACKAGE,2.0,2658.0,0.0,True
2023,2023_17_TEN_HOU,TEN,00-0039152,False,32,0.2188,00-0029701,25,0.7812,REPLACEMENT_NO_RETURN,2.0,2362.0,17.0,False
2023,2023_18_JAX_TEN,TEN,00-0029701,False,29,0.9655,00-0030564,1,0.0345,PLANNED_ROTATION_OR_PACKAGE,1.0,3115.0,3.0,True
2024,2024_04_TEN_MIA,TEN,00-0039152,True,22,0.1818,00-0034771,18,0.8182,REPLACEMENT_NO_RETURN,1.0,2873.0,0.0,False
2024,2024_12_TEN_HOU,TEN,00-0039152,True,33,0.9697,00-0033009,1,0.0303,PLANNED_ROTATION_OR_PACKAGE,3.0,1538.0,3.0,True
2024,2024_15_CIN_TEN,TEN,00-0039152,True,39,0.3333,00-0034771,26,0.6667,REPLACEMENT_NO_RETURN,3.0,1313.0,17.0,False
2024,2024_18_HOU_TEN,TEN,00-0039152,False,28,0.6429,00-0034771,10,0.3571,UNCLASSIFIED,2.0,2399.0,13.0,True
2021,2021_01_LAC_WAS,WAS,00-0023682,False,22,0.3182,00-0031800,15,0.6818,REPLACEMENT_NO_RETURN,2.0,2337.0,4.0,False
2021,2021_14_DAL_WAS,WAS,00-0031800,True,39,0.7436,00-0034577,10,0.2564,BLOWOUT_RELIEF,4.0,750.0,19.0,False
2021,2021_16_WAS_DAL,WAS,00-0031800,False,37,0.7027,00-0034577,11,0.2973,BLOWOUT_RELIEF,4.0,821.0,49.0,False
2022,2022_16_WAS_SF,WAS,00-0031800,True,36,0.5556,00-0032950,16,0.4444,REPLACEMENT_NO_RETURN,4.0,551.0,16.0,False
2023,2023_15_WAS_LA,WAS,00-0037077,True,37,0.7297,00-0033119,10,0.2703,BLOWOUT_RELIEF,4.0,521.0,21.0,False
2023,2023_16_WAS_NYJ,WAS,00-0037077,True,36,0.6389,00-0033119,13,0.3611,REPLACEMENT_NO_RETURN,3.0,1206.0,20.0,False
2023,2023_18_DAL_WAS,WAS,00-0037077,True,32,0.9688,00-0036626,1,0.0312,PLANNED_ROTATION_OR_PACKAGE,1.0,2783.0,7.0,True
2024,2024_05_CLE_WAS,WAS,00-0039910,True,31,0.9032,00-0032268,3,0.0968,BLOWOUT_RELIEF,4.0,734.0,28.0,False
2024,2024_07_CAR_WAS,WAS,00-0039910,True,26,0.0769,00-0032268,24,0.9231,REPLACEMENT_NO_RETURN,1.0,2811.0,10.0,False
2024,2024_18_WAS_DAL,WAS,00-0039910,True,37,0.4324,00-0036626,1,0.027,PLANNED_ROTATION_OR_PACKAGE,2.0,2177.0,6.0,True
2024,2024_18_WAS_DAL,WAS,00-0039910,True,37,0.4324,00-0032268,20,0.5405,REPLACEMENT_NO_RETURN,3.0,1432.0,6.0,False
2024,2024_21_WAS_PHI,WAS,00-0039910,True,52,0.9808,00-0030140,1,0.0192,PLANNED_ROTATION_OR_PACKAGE,1.0,2846.0,11.0,True
