slate,game_id,player,team,market,metric,model_mean,model_median,hardrock_line,over_odds,under_odds,model_p_over_exact_line,model_p_under_exact_line,hardrock_novig_p_over,hardrock_novig_p_under,selected_side,probability_gap_pp,actual,result,model_written_at,hardrock_retrieved_at,data_status,stratum,refusal_reason
425,2026_01_ARI_LAC,Jacoby Brissett,ARI,Passing Yards,,,,220.5,-115,-115,,,,,,,,,,2026-09-13T18:11:57.608Z,REFUSED,REFUSED,REFUSED:OUTCOME_NOT_PUBLISHED
425,2026_01_ARI_LAC,Justin Herbert,LAC,Passing Yards,,,,236.5,-115,-115,,,,,,,,,,2026-09-13T18:11:57.608Z,REFUSED,REFUSED,REFUSED:OUTCOME_NOT_PUBLISHED
425,2026_01_ARI_LAC,Jacoby Brissett,ARI,Passing TDs,,,,1.5,+150,-210,,,,,,,,,,2026-09-13T18:11:57.608Z,REFUSED,REFUSED,REFUSED:OUTCOME_NOT_PUBLISHED
425,2026_01_ARI_LAC,Justin Herbert,LAC,Passing TDs,,,,1.5,-220,+160,,,,,,,,,,2026-09-13T18:11:57.608Z,REFUSED,REFUSED,REFUSED:OUTCOME_NOT_PUBLISHED
425,2026_01_ARI_LAC,Jacoby Brissett,ARI,Interceptions,,,,0.5,-135,+105,,,,,,,,,,2026-09-13T18:11:57.608Z,REFUSED,REFUSED,REFUSED:OUTCOME_NOT_PUBLISHED
425,2026_01_ARI_LAC,Justin Herbert,LAC,Interceptions,,,,0.5,+155,-210,,,,,,,,,,2026-09-13T18:11:57.608Z,REFUSED,REFUSED,REFUSED:OUTCOME_NOT_PUBLISHED
425,2026_01_ARI_LAC,Jacoby Brissett,ARI,Pass Completions,,,,22.5,-105,-125,,,,,,,,,,2026-09-13T18:11:57.608Z,REFUSED,REFUSED,REFUSED:OUTCOME_NOT_PUBLISHED
425,2026_01_ARI_LAC,Justin Herbert,LAC,Pass Completions,,,,20.5,-120,-110,,,,,,,,,,2026-09-13T18:11:57.608Z,REFUSED,REFUSED,REFUSED:OUTCOME_NOT_PUBLISHED
425,2026_01_ARI_LAC,Jacoby Brissett,ARI,Pass Attempts,,,,34.5,-115,-115,,,,,,,,,,2026-09-13T18:11:57.608Z,REFUSED,REFUSED,REFUSED:OUTCOME_NOT_PUBLISHED
425,2026_01_ARI_LAC,Justin Herbert,LAC,Pass Attempts,,,,29.5,-120,-110,,,,,,,,,,2026-09-13T18:11:57.608Z,REFUSED,REFUSED,REFUSED:OUTCOME_NOT_PUBLISHED
425,2026_01_ARI_LAC,Jacoby Brissett,ARI,Rushing Yards,,,,10.5,-120,-110,,,,,,,,,,2026-09-13T18:12:09.961Z,REFUSED,REFUSED,REFUSED:OUTCOME_NOT_PUBLISHED
425,2026_01_ARI_LAC,Justin Herbert,LAC,Rushing Yards,,,,20.5,-115,-115,,,,,,,,,,2026-09-13T18:12:09.961Z,REFUSED,REFUSED,REFUSED:OUTCOME_NOT_PUBLISHED
425,2026_01_ARI_LAC,Keaton Mitchell,LAC,Rushing Yards,,,,24.5,-115,-115,,,,,,,,,,2026-09-13T18:12:09.961Z,REFUSED,REFUSED,REFUSED:OUTCOME_NOT_PUBLISHED
425,2026_01_ARI_LAC,Omarion Hampton,LAC,Rushing Yards,,,,72.5,-115,-115,,,,,,,,,,2026-09-13T18:12:09.961Z,REFUSED,REFUSED,REFUSED:OUTCOME_NOT_PUBLISHED
425,2026_01_ARI_LAC,Tyler Allgeier,ARI,Rushing Yards,,,,33.5,-110,-120,,,,,,,,,,2026-09-13T18:12:09.961Z,REFUSED,REFUSED,REFUSED:OUTCOME_NOT_PUBLISHED
425,2026_01_ARI_LAC,Tyler Allgeier,ARI,Rushing Attempts,,,,8.5,-120,-110,,,,,,,,,,2026-09-13T18:12:09.961Z,REFUSED,REFUSED,REFUSED:OUTCOME_NOT_PUBLISHED
425,2026_01_ARI_LAC,Jeremiyah Love,ARI,Rushing Attempts,,,,9.5,-110,-120,,,,,,,,,,2026-09-13T18:12:09.961Z,REFUSED,REFUSED,REFUSED:OUTCOME_NOT_PUBLISHED
425,2026_01_ARI_LAC,Jacoby Brissett,ARI,Rushing Attempts,,,,2.5,+125,-165,,,,,,,,,,2026-09-13T18:12:09.961Z,REFUSED,REFUSED,REFUSED:OUTCOME_NOT_PUBLISHED
425,2026_01_ARI_LAC,Justin Herbert,LAC,Rushing Attempts,,,,4.5,-120,-110,,,,,,,,,,2026-09-13T18:12:09.961Z,REFUSED,REFUSED,REFUSED:OUTCOME_NOT_PUBLISHED
425,2026_01_ARI_LAC,Omarion Hampton,LAC,Rushing Attempts,,,,15.5,-115,-115,,,,,,,,,,2026-09-13T18:12:09.961Z,REFUSED,REFUSED,REFUSED:OUTCOME_NOT_PUBLISHED
425,2026_01_ARI_LAC,Charlie Kolar,LAC,Receiving Yards,,,,17.5,-115,-115,,,,,,,,,,2026-09-13T18:12:22.280Z,REFUSED,REFUSED,REFUSED:OUTCOME_NOT_PUBLISHED
425,2026_01_ARI_LAC,Jeremiyah Love,ARI,Receiving Yards,,,,15.5,-115,-115,,,,,,,,,,2026-09-13T18:12:22.280Z,REFUSED,REFUSED,REFUSED:OUTCOME_NOT_PUBLISHED
425,2026_01_ARI_LAC,Kendrick Bourne,ARI,Receiving Yards,,,,18.5,-115,-115,,,,,,,,,,2026-09-13T18:12:22.280Z,REFUSED,REFUSED,REFUSED:OUTCOME_NOT_PUBLISHED
425,2026_01_ARI_LAC,Ladd McConkey,LAC,Receiving Yards,,,,57.5,-120,-110,,,,,,,,,,2026-09-13T18:12:22.280Z,REFUSED,REFUSED,REFUSED:OUTCOME_NOT_PUBLISHED
425,2026_01_ARI_LAC,Marvin Harrison Jr.,ARI,Receiving Yards,,,,47.5,-115,-115,,,,,,,,,,2026-09-13T18:12:22.280Z,REFUSED,REFUSED,REFUSED:OUTCOME_NOT_PUBLISHED
425,2026_01_ARI_LAC,Michael Wilson,ARI,Receiving Yards,,,,42.5,-115,-115,,,,,,,,,,2026-09-13T18:12:22.280Z,REFUSED,REFUSED,REFUSED:OUTCOME_NOT_PUBLISHED
425,2026_01_ARI_LAC,Omarion Hampton,LAC,Receiving Yards,,,,13.5,-110,-120,,,,,,,,,,2026-09-13T18:12:22.280Z,REFUSED,REFUSED,REFUSED:OUTCOME_NOT_PUBLISHED
425,2026_01_ARI_LAC,Quentin Johnston,LAC,Receiving Yards,,,,43.5,-115,-115,,,,,,,,,,2026-09-13T18:12:22.280Z,REFUSED,REFUSED,REFUSED:OUTCOME_NOT_PUBLISHED
425,2026_01_ARI_LAC,Tre' Harris,LAC,Receiving Yards,,,,26.5,-115,-115,,,,,,,,,,2026-09-13T18:12:22.280Z,REFUSED,REFUSED,REFUSED:OUTCOME_NOT_PUBLISHED
425,2026_01_ARI_LAC,Trey McBride,ARI,Receiving Yards,,,,56.5,-115,-115,,,,,,,,,,2026-09-13T18:12:22.280Z,REFUSED,REFUSED,REFUSED:OUTCOME_NOT_PUBLISHED
425,2026_01_ARI_LAC,Kendrick Bourne,ARI,Receptions,,,,2.5,+145,-195,,,,,,,,,,2026-09-13T18:12:31.279Z,REFUSED,REFUSED,REFUSED:OUTCOME_NOT_PUBLISHED
425,2026_01_ARI_LAC,Marvin Harrison Jr.,ARI,Receptions,,,,3.5,-145,+110,,,,,,,,,,2026-09-13T18:12:31.279Z,REFUSED,REFUSED,REFUSED:OUTCOME_NOT_PUBLISHED
425,2026_01_ARI_LAC,Michael Wilson,ARI,Receptions,,,,3.5,-125,-105,,,,,,,,,,2026-09-13T18:12:31.279Z,REFUSED,REFUSED,REFUSED:OUTCOME_NOT_PUBLISHED
425,2026_01_ARI_LAC,Trey McBride,ARI,Receptions,,,,5.5,-155,+120,,,,,,,,,,2026-09-13T18:12:31.279Z,REFUSED,REFUSED,REFUSED:OUTCOME_NOT_PUBLISHED
425,2026_01_ARI_LAC,Jeremiyah Love,ARI,Receptions,,,,2.5,+105,-135,,,,,,,,,,2026-09-13T18:12:31.279Z,REFUSED,REFUSED,REFUSED:OUTCOME_NOT_PUBLISHED
425,2026_01_ARI_LAC,Ladd McConkey,LAC,Receptions,,,,4.5,-135,+105,,,,,,,,,,2026-09-13T18:12:31.279Z,REFUSED,REFUSED,REFUSED:OUTCOME_NOT_PUBLISHED
425,2026_01_ARI_LAC,Tre' Harris,LAC,Receptions,,,,2.5,+100,-130,,,,,,,,,,2026-09-13T18:12:31.279Z,REFUSED,REFUSED,REFUSED:OUTCOME_NOT_PUBLISHED
425,2026_01_ARI_LAC,Omarion Hampton,LAC,Receptions,,,,2.5,+120,-150,,,,,,,,,,2026-09-13T18:12:31.279Z,REFUSED,REFUSED,REFUSED:OUTCOME_NOT_PUBLISHED
425,2026_01_ARI_LAC,Charlie Kolar,LAC,Receptions,,,,1.5,-155,+120,,,,,,,,,,2026-09-13T18:12:31.279Z,REFUSED,REFUSED,REFUSED:OUTCOME_NOT_PUBLISHED
425,2026_01_ARI_LAC,Quentin Johnston,LAC,Receptions,,,,3.5,+110,-140,,,,,,,,,,2026-09-13T18:12:31.279Z,REFUSED,REFUSED,REFUSED:OUTCOME_NOT_PUBLISHED
425,2026_01_GB_MIN,Jordan Love,GB,Passing Yards,,,,238.5,-115,-115,,,,,,,,,,2026-09-13T18:12:11.338Z,REFUSED,REFUSED,REFUSED:OUTCOME_NOT_PUBLISHED
425,2026_01_GB_MIN,Kyler Murray,MIN,Passing Yards,,,,218.5,-115,-115,,,,,,,,,,2026-09-13T18:12:11.338Z,REFUSED,REFUSED,REFUSED:OUTCOME_NOT_PUBLISHED
425,2026_01_GB_MIN,Jordan Love,GB,Passing TDs,,,,1.5,-105,-125,,,,,,,,,,2026-09-13T18:11:58.855Z,REFUSED,REFUSED,REFUSED:OUTCOME_NOT_PUBLISHED
425,2026_01_GB_MIN,Kyler Murray,MIN,Passing TDs,,,,1.5,+110,-145,,,,,,,,,,2026-09-13T18:11:58.855Z,REFUSED,REFUSED,REFUSED:OUTCOME_NOT_PUBLISHED
425,2026_01_GB_MIN,Jordan Love,GB,Interceptions,,,,0.5,-110,-120,,,,,,,,,,2026-09-13T18:11:58.855Z,REFUSED,REFUSED,REFUSED:OUTCOME_NOT_PUBLISHED
425,2026_01_GB_MIN,Kyler Murray,MIN,Interceptions,,,,0.5,+100,-130,,,,,,,,,,2026-09-13T18:11:58.855Z,REFUSED,REFUSED,REFUSED:OUTCOME_NOT_PUBLISHED
425,2026_01_GB_MIN,Jordan Love,GB,Pass Completions,,,,20.5,-120,-110,,,,,,,,,,2026-09-13T18:11:58.855Z,REFUSED,REFUSED,REFUSED:OUTCOME_NOT_PUBLISHED
425,2026_01_GB_MIN,Kyler Murray,MIN,Pass Completions,,,,21.5,-115,-115,,,,,,,,,,2026-09-13T18:11:58.855Z,REFUSED,REFUSED,REFUSED:OUTCOME_NOT_PUBLISHED
425,2026_01_GB_MIN,Jordan Love,GB,Pass Attempts,,,,32.5,-110,-120,,,,,,,,,,2026-09-13T18:11:58.855Z,REFUSED,REFUSED,REFUSED:OUTCOME_NOT_PUBLISHED
425,2026_01_GB_MIN,Kyler Murray,MIN,Pass Attempts,,,,31.5,-115,-115,,,,,,,,,,2026-09-13T18:11:58.855Z,REFUSED,REFUSED,REFUSED:OUTCOME_NOT_PUBLISHED
425,2026_01_GB_MIN,Aaron Jones Sr.,MIN,Rushing Yards,,,,29.5,-115,-115,,,,,,,,,,2026-09-13T18:12:37.605Z,REFUSED,REFUSED,REFUSED:OUTCOME_NOT_PUBLISHED
425,2026_01_GB_MIN,Jordan Love,GB,Rushing Yards,,,,9.5,-115,-115,,,,,,,,,,2026-09-13T18:12:37.605Z,REFUSED,REFUSED,REFUSED:OUTCOME_NOT_PUBLISHED
425,2026_01_GB_MIN,Jordan Mason,MIN,Rushing Yards,,,,44.5,-115,-115,,,,,,,,,,2026-09-13T18:12:37.605Z,REFUSED,REFUSED,REFUSED:OUTCOME_NOT_PUBLISHED
425,2026_01_GB_MIN,Kyler Murray,MIN,Rushing Yards,,,,23.5,-120,-110,,,,,,,,,,2026-09-13T18:12:37.605Z,REFUSED,REFUSED,REFUSED:OUTCOME_NOT_PUBLISHED
425,2026_01_GB_MIN,MarShawn Lloyd,GB,Rushing Yards,,,,44.5,-115,-115,,,,,,,,,,2026-09-13T18:12:37.605Z,REFUSED,REFUSED,REFUSED:OUTCOME_NOT_PUBLISHED
425,2026_01_GB_MIN,MarShawn Lloyd,GB,Rushing Attempts,,,,11.5,-120,-110,,,,,,,,,,2026-09-13T18:12:28.241Z,REFUSED,REFUSED,REFUSED:OUTCOME_NOT_PUBLISHED
425,2026_01_GB_MIN,Jordan Love,GB,Rushing Attempts,,,,2.5,-130,+100,,,,,,,,,,2026-09-13T18:12:28.241Z,REFUSED,REFUSED,REFUSED:OUTCOME_NOT_PUBLISHED
425,2026_01_GB_MIN,Jordan Mason,MIN,Rushing Attempts,,,,10.5,-125,-105,,,,,,,,,,2026-09-13T18:12:28.241Z,REFUSED,REFUSED,REFUSED:OUTCOME_NOT_PUBLISHED
425,2026_01_GB_MIN,Kyler Murray,MIN,Rushing Attempts,,,,5.5,+100,-135,,,,,,,,,,2026-09-13T18:12:28.241Z,REFUSED,REFUSED,REFUSED:OUTCOME_NOT_PUBLISHED
425,2026_01_GB_MIN,Aaron Jones Sr.,MIN,Rushing Attempts,,,,8.5,-115,-115,,,,,,,,,,2026-09-13T18:12:28.241Z,REFUSED,REFUSED,REFUSED:OUTCOME_NOT_PUBLISHED
425,2026_01_GB_MIN,Aaron Jones Sr.,MIN,Receiving Yards,,,,14.5,-120,-110,,,,,,,,,,2026-09-13T18:12:59.575Z,REFUSED,REFUSED,REFUSED:OUTCOME_NOT_PUBLISHED
425,2026_01_GB_MIN,Christian Watson,GB,Receiving Yards,,,,56.5,-115,-115,,,,,,,,,,2026-09-13T18:12:59.575Z,REFUSED,REFUSED,REFUSED:OUTCOME_NOT_PUBLISHED
425,2026_01_GB_MIN,Jauan Jennings,MIN,Receiving Yards,,,,21.5,-115,-115,,,,,,,,,,2026-09-13T18:12:59.575Z,REFUSED,REFUSED,REFUSED:OUTCOME_NOT_PUBLISHED
425,2026_01_GB_MIN,Jayden Reed,GB,Receiving Yards,,,,43.5,-115,-115,,,,,,,,,,2026-09-13T18:12:59.575Z,REFUSED,REFUSED,REFUSED:OUTCOME_NOT_PUBLISHED
425,2026_01_GB_MIN,Jordan Addison,MIN,Receiving Yards,,,,42.5,-115,-115,,,,,,,,,,2026-09-13T18:12:59.575Z,REFUSED,REFUSED,REFUSED:OUTCOME_NOT_PUBLISHED
425,2026_01_GB_MIN,Josh Oliver,MIN,Receiving Yards,,,,6.5,-115,-115,,,,,,,,,,2026-09-13T18:12:59.575Z,REFUSED,REFUSED,REFUSED:OUTCOME_NOT_PUBLISHED
425,2026_01_GB_MIN,Justin Jefferson,MIN,Receiving Yards,,,,75.5,-115,-115,,,,,,,,,,2026-09-13T18:12:59.575Z,REFUSED,REFUSED,REFUSED:OUTCOME_NOT_PUBLISHED
425,2026_01_GB_MIN,MarShawn Lloyd,GB,Receiving Yards,,,,10.5,-115,-115,,,,,,,,,,2026-09-13T18:12:59.575Z,REFUSED,REFUSED,REFUSED:OUTCOME_NOT_PUBLISHED
425,2026_01_GB_MIN,Matthew Golden,GB,Receiving Yards,,,,39.5,-115,-115,,,,,,,,,,2026-09-13T18:12:59.575Z,REFUSED,REFUSED,REFUSED:OUTCOME_NOT_PUBLISHED
425,2026_01_GB_MIN,T.J. Hockenson,MIN,Receiving Yards,,,,24.5,-115,-115,,,,,,,,,,2026-09-13T18:12:59.575Z,REFUSED,REFUSED,REFUSED:OUTCOME_NOT_PUBLISHED
425,2026_01_GB_MIN,Tucker Kraft,GB,Receiving Yards,,,,43.5,-120,-110,,,,,,,,,,2026-09-13T18:12:59.575Z,REFUSED,REFUSED,REFUSED:OUTCOME_NOT_PUBLISHED
425,2026_01_GB_MIN,Matthew Golden,GB,Receptions,,,,3.5,-105,-125,,,,,,,,,,2026-09-13T18:13:12.712Z,REFUSED,REFUSED,REFUSED:OUTCOME_NOT_PUBLISHED
425,2026_01_GB_MIN,Jayden Reed,GB,Receptions,,,,3.5,-135,+105,,,,,,,,,,2026-09-13T18:13:12.712Z,REFUSED,REFUSED,REFUSED:OUTCOME_NOT_PUBLISHED
425,2026_01_GB_MIN,MarShawn Lloyd,GB,Receptions,,,,1.5,-160,+125,,,,,,,,,,2026-09-13T18:13:12.712Z,REFUSED,REFUSED,REFUSED:OUTCOME_NOT_PUBLISHED
425,2026_01_GB_MIN,Christian Watson,GB,Receptions,,,,3.5,-165,+125,,,,,,,,,,2026-09-13T18:13:12.712Z,REFUSED,REFUSED,REFUSED:OUTCOME_NOT_PUBLISHED
425,2026_01_GB_MIN,Tucker Kraft,GB,Receptions,,,,4.5,+125,-165,,,,,,,,,,2026-09-13T18:13:12.712Z,REFUSED,REFUSED,REFUSED:OUTCOME_NOT_PUBLISHED
425,2026_01_GB_MIN,Aaron Jones Sr.,MIN,Receptions,,,,2.5,-120,-110,,,,,,,,,,2026-09-13T18:13:12.712Z,REFUSED,REFUSED,REFUSED:OUTCOME_NOT_PUBLISHED
425,2026_01_GB_MIN,Justin Jefferson,MIN,Receptions,,,,5.5,-150,+115,,,,,,,,,,2026-09-13T18:13:12.712Z,REFUSED,REFUSED,REFUSED:OUTCOME_NOT_PUBLISHED
425,2026_01_GB_MIN,Jordan Addison,MIN,Receptions,,,,3.5,+100,-130,,,,,,,,,,2026-09-13T18:13:12.712Z,REFUSED,REFUSED,REFUSED:OUTCOME_NOT_PUBLISHED
425,2026_01_GB_MIN,T.J. Hockenson,MIN,Receptions,,,,3.5,+120,-155,,,,,,,,,,2026-09-13T18:13:12.712Z,REFUSED,REFUSED,REFUSED:OUTCOME_NOT_PUBLISHED
425,2026_01_GB_MIN,Jauan Jennings,MIN,Receptions,,,,2.5,+140,-185,,,,,,,,,,2026-09-13T18:13:12.712Z,REFUSED,REFUSED,REFUSED:OUTCOME_NOT_PUBLISHED
425,2026_01_GB_MIN,Josh Oliver,MIN,Receptions,,,,0.5,-230,+165,,,,,,,,,,2026-09-13T18:13:12.712Z,REFUSED,REFUSED,REFUSED:OUTCOME_NOT_PUBLISHED
425,2026_01_MIA_LV,Kirk Cousins,LV,Passing Yards,,,,205.5,-115,-115,,,,,,,,,,2026-09-13T18:12:22.159Z,REFUSED,REFUSED,REFUSED:OUTCOME_NOT_PUBLISHED
425,2026_01_MIA_LV,Malik Willis,MIA,Passing Yards,,,,180.5,-115,-115,,,,,,,,,,2026-09-13T18:12:22.159Z,REFUSED,REFUSED,REFUSED:OUTCOME_NOT_PUBLISHED
425,2026_01_MIA_LV,Malik Willis,MIA,Passing TDs,,,,0.5,-225,+165,,,,,,,,,,2026-09-13T18:12:22.159Z,REFUSED,REFUSED,REFUSED:OUTCOME_NOT_PUBLISHED
425,2026_01_MIA_LV,Kirk Cousins,LV,Passing TDs,,,,1.5,+135,-180,,,,,,,,,,2026-09-13T18:12:22.159Z,REFUSED,REFUSED,REFUSED:OUTCOME_NOT_PUBLISHED
425,2026_01_MIA_LV,Malik Willis,MIA,Interceptions,,,,0.5,-125,-105,,,,,,,,,,2026-09-13T18:12:22.159Z,REFUSED,REFUSED,REFUSED:OUTCOME_NOT_PUBLISHED
425,2026_01_MIA_LV,Kirk Cousins,LV,Interceptions,,,,0.5,-105,-125,,,,,,,,,,2026-09-13T18:12:22.159Z,REFUSED,REFUSED,REFUSED:OUTCOME_NOT_PUBLISHED
425,2026_01_MIA_LV,Malik Willis,MIA,Pass Completions,,,,17.5,-115,-115,,,,,,,,,,2026-09-13T18:12:22.159Z,REFUSED,REFUSED,REFUSED:OUTCOME_NOT_PUBLISHED
425,2026_01_MIA_LV,Kirk Cousins,LV,Pass Completions,,,,19.5,-120,-110,,,,,,,,,,2026-09-13T18:12:22.159Z,REFUSED,REFUSED,REFUSED:OUTCOME_NOT_PUBLISHED
425,2026_01_MIA_LV,Malik Willis,MIA,Pass Attempts,,,,26.5,-110,-120,,,,,,,,,,2026-09-13T18:12:22.159Z,REFUSED,REFUSED,REFUSED:OUTCOME_NOT_PUBLISHED
425,2026_01_MIA_LV,Kirk Cousins,LV,Pass Attempts,,,,29.5,-110,-120,,,,,,,,,,2026-09-13T18:12:22.159Z,REFUSED,REFUSED,REFUSED:OUTCOME_NOT_PUBLISHED
425,2026_01_MIA_LV,Ashton Jeanty,LV,Rushing Yards,,,,61.5,-115,-115,,,,,,,,,,2026-09-13T18:12:35.361Z,REFUSED,REFUSED,REFUSED:OUTCOME_NOT_PUBLISHED
425,2026_01_MIA_LV,De'Von Achane,MIA,Rushing Yards,,,,70.5,-115,-115,,,,,,,,,,2026-09-13T18:12:35.361Z,REFUSED,REFUSED,REFUSED:OUTCOME_NOT_PUBLISHED
425,2026_01_MIA_LV,Kirk Cousins,LV,Rushing Yards,,,,0.5,+120,-160,,,,,,,,,,2026-09-13T18:12:35.361Z,REFUSED,REFUSED,REFUSED:OUTCOME_NOT_PUBLISHED
425,2026_01_MIA_LV,Malik Willis,MIA,Rushing Yards,,,,40.5,-110,-120,,,,,,,,,,2026-09-13T18:12:35.361Z,REFUSED,REFUSED,REFUSED:OUTCOME_NOT_PUBLISHED
425,2026_01_MIA_LV,Mike Washington Jr.,LV,Rushing Yards,,,,30.5,-115,-115,,,,,,,,,,2026-09-13T18:12:35.361Z,REFUSED,REFUSED,REFUSED:OUTCOME_NOT_PUBLISHED
425,2026_01_MIA_LV,Malik Willis,MIA,Rushing Attempts,,,,6.5,-125,-105,,,,,,,,,,2026-09-13T18:12:35.361Z,REFUSED,REFUSED,REFUSED:OUTCOME_NOT_PUBLISHED
425,2026_01_MIA_LV,De'Von Achane,MIA,Rushing Attempts,,,,15.5,-115,-115,,,,,,,,,,2026-09-13T18:12:35.361Z,REFUSED,REFUSED,REFUSED:OUTCOME_NOT_PUBLISHED
425,2026_01_MIA_LV,Ashton Jeanty,LV,Rushing Attempts,,,,14.5,-105,-125,,,,,,,,,,2026-09-13T18:12:35.361Z,REFUSED,REFUSED,REFUSED:OUTCOME_NOT_PUBLISHED
425,2026_01_MIA_LV,Mike Washington Jr.,LV,Rushing Attempts,,,,7.5,-110,-120,,,,,,,,,,2026-09-13T18:12:35.361Z,REFUSED,REFUSED,REFUSED:OUTCOME_NOT_PUBLISHED
425,2026_01_MIA_LV,Ashton Jeanty,LV,Receiving Yards,,,,17.5,-115,-115,,,,,,,,,,2026-09-13T18:12:48.285Z,REFUSED,REFUSED,REFUSED:OUTCOME_NOT_PUBLISHED
425,2026_01_MIA_LV,Caleb Douglas,MIA,Receiving Yards,,,,27.5,-115,-115,,,,,,,,,,2026-09-13T18:12:48.285Z,REFUSED,REFUSED,REFUSED:OUTCOME_NOT_PUBLISHED
425,2026_01_MIA_LV,Chris Bell,MIA,Receiving Yards,,,,18.5,-115,-115,,,,,,,,,,2026-09-13T18:12:48.285Z,REFUSED,REFUSED,REFUSED:OUTCOME_NOT_PUBLISHED
425,2026_01_MIA_LV,De'Von Achane,MIA,Receiving Yards,,,,27.5,-120,-110,,,,,,,,,,2026-09-13T18:12:48.285Z,REFUSED,REFUSED,REFUSED:OUTCOME_NOT_PUBLISHED
425,2026_01_MIA_LV,Greg Dulcich,MIA,Receiving Yards,,,,26.5,-115,-115,,,,,,,,,,2026-09-13T18:12:48.285Z,REFUSED,REFUSED,REFUSED:OUTCOME_NOT_PUBLISHED
425,2026_01_MIA_LV,Jack Bech,LV,Receiving Yards,,,,18.5,-115,-115,,,,,,,,,,2026-09-13T18:12:48.285Z,REFUSED,REFUSED,REFUSED:OUTCOME_NOT_PUBLISHED
425,2026_01_MIA_LV,Jalen Nailor,LV,Receiving Yards,,,,37.5,-115,-115,,,,,,,,,,2026-09-13T18:12:48.285Z,REFUSED,REFUSED,REFUSED:OUTCOME_NOT_PUBLISHED
425,2026_01_MIA_LV,Jalen Tolbert,MIA,Receiving Yards,,,,11.5,-110,-120,,,,,,,,,,2026-09-13T18:12:48.285Z,REFUSED,REFUSED,REFUSED:OUTCOME_NOT_PUBLISHED
425,2026_01_MIA_LV,Malik Washington,MIA,Receiving Yards,,,,27.5,-115,-115,,,,,,,,,,2026-09-13T18:12:48.285Z,REFUSED,REFUSED,REFUSED:OUTCOME_NOT_PUBLISHED
425,2026_01_MIA_LV,Michael Mayer,LV,Receiving Yards,,,,40.5,-115,-115,,,,,,,,,,2026-09-13T18:12:48.285Z,REFUSED,REFUSED,REFUSED:OUTCOME_NOT_PUBLISHED
425,2026_01_MIA_LV,Tre Tucker,LV,Receiving Yards,,,,46.5,-115,-115,,,,,,,,,,2026-09-13T18:12:48.285Z,REFUSED,REFUSED,REFUSED:OUTCOME_NOT_PUBLISHED
425,2026_01_MIA_LV,Greg Dulcich,MIA,Receptions,,,,2.5,-115,-115,,,,,,,,,,2026-09-13T18:12:58.406Z,REFUSED,REFUSED,REFUSED:OUTCOME_NOT_PUBLISHED
425,2026_01_MIA_LV,Malik Washington,MIA,Receptions,,,,2.5,-160,+120,,,,,,,,,,2026-09-13T18:12:58.406Z,REFUSED,REFUSED,REFUSED:OUTCOME_NOT_PUBLISHED
425,2026_01_MIA_LV,De'Von Achane,MIA,Receptions,,,,4.5,+125,-165,,,,,,,,,,2026-09-13T18:12:58.406Z,REFUSED,REFUSED,REFUSED:OUTCOME_NOT_PUBLISHED
425,2026_01_MIA_LV,Caleb Douglas,MIA,Receptions,,,,2.5,+125,-160,,,,,,,,,,2026-09-13T18:12:58.406Z,REFUSED,REFUSED,REFUSED:OUTCOME_NOT_PUBLISHED
425,2026_01_MIA_LV,Chris Bell,MIA,Receptions,,,,1.5,-160,+120,,,,,,,,,,2026-09-13T18:12:58.406Z,REFUSED,REFUSED,REFUSED:OUTCOME_NOT_PUBLISHED
425,2026_01_MIA_LV,Jalen Tolbert,MIA,Receptions,,,,1.5,+140,-190,,,,,,,,,,2026-09-13T18:12:58.406Z,REFUSED,REFUSED,REFUSED:OUTCOME_NOT_PUBLISHED
425,2026_01_MIA_LV,Tre Tucker,LV,Receptions,,,,4.5,+115,-150,,,,,,,,,,2026-09-13T18:12:58.406Z,REFUSED,REFUSED,REFUSED:OUTCOME_NOT_PUBLISHED
425,2026_01_MIA_LV,Jack Bech,LV,Receptions,,,,1.5,-150,+115,,,,,,,,,,2026-09-13T18:12:58.406Z,REFUSED,REFUSED,REFUSED:OUTCOME_NOT_PUBLISHED
425,2026_01_MIA_LV,Jalen Nailor,LV,Receptions,,,,3.5,+120,-160,,,,,,,,,,2026-09-13T18:12:58.406Z,REFUSED,REFUSED,REFUSED:OUTCOME_NOT_PUBLISHED
425,2026_01_MIA_LV,Ashton Jeanty,LV,Receptions,,,,3.5,+110,-140,,,,,,,,,,2026-09-13T18:12:58.406Z,REFUSED,REFUSED,REFUSED:OUTCOME_NOT_PUBLISHED
425,2026_01_MIA_LV,Michael Mayer,LV,Receptions,,,,4.5,-120,-110,,,,,,,,,,2026-09-13T18:12:58.406Z,REFUSED,REFUSED,REFUSED:OUTCOME_NOT_PUBLISHED
425,2026_01_WAS_PHI,Jalen Hurts,PHI,Passing Yards,,,,214.5,-115,-115,,,,,,,,,,2026-09-13T18:12:05.810Z,REFUSED,REFUSED,REFUSED:OUTCOME_NOT_PUBLISHED
425,2026_01_WAS_PHI,Jayden Daniels,WAS,Passing Yards,,,,203.5,-115,-115,,,,,,,,,,2026-09-13T18:12:05.810Z,REFUSED,REFUSED,REFUSED:OUTCOME_NOT_PUBLISHED
425,2026_01_WAS_PHI,Jayden Daniels,WAS,Passing TDs,,,,0.5,-250,+175,,,,,,,,,,2026-09-13T18:12:05.810Z,REFUSED,REFUSED,REFUSED:OUTCOME_NOT_PUBLISHED
425,2026_01_WAS_PHI,Jalen Hurts,PHI,Passing TDs,,,,1.5,+110,-140,,,,,,,,,,2026-09-13T18:12:05.810Z,REFUSED,REFUSED,REFUSED:OUTCOME_NOT_PUBLISHED
425,2026_01_WAS_PHI,Jayden Daniels,WAS,Interceptions,,,,0.5,+110,-140,,,,,,,,,,2026-09-13T18:12:05.810Z,REFUSED,REFUSED,REFUSED:OUTCOME_NOT_PUBLISHED
425,2026_01_WAS_PHI,Jalen Hurts,PHI,Interceptions,,,,0.5,+115,-150,,,,,,,,,,2026-09-13T18:12:05.810Z,REFUSED,REFUSED,REFUSED:OUTCOME_NOT_PUBLISHED
425,2026_01_WAS_PHI,Jayden Daniels,WAS,Pass Completions,,,,18.5,-115,-115,,,,,,,,,,2026-09-13T18:12:05.810Z,REFUSED,REFUSED,REFUSED:OUTCOME_NOT_PUBLISHED
425,2026_01_WAS_PHI,Jalen Hurts,PHI,Pass Completions,,,,18.5,-125,-105,,,,,,,,,,2026-09-13T18:12:05.810Z,REFUSED,REFUSED,REFUSED:OUTCOME_NOT_PUBLISHED
425,2026_01_WAS_PHI,Jayden Daniels,WAS,Pass Attempts,,,,29.5,-115,-115,,,,,,,,,,2026-09-13T18:12:05.810Z,REFUSED,REFUSED,REFUSED:OUTCOME_NOT_PUBLISHED
425,2026_01_WAS_PHI,Jalen Hurts,PHI,Pass Attempts,,,,28.5,-110,-120,,,,,,,,,,2026-09-13T18:12:05.810Z,REFUSED,REFUSED,REFUSED:OUTCOME_NOT_PUBLISHED
425,2026_01_WAS_PHI,Jacory Croskey-Merritt,WAS,Rushing Yards,,,,40.5,-115,-115,,,,,,,,,,2026-09-13T18:12:43.627Z,REFUSED,REFUSED,REFUSED:OUTCOME_NOT_PUBLISHED
425,2026_01_WAS_PHI,Jalen Hurts,PHI,Rushing Yards,,,,29.5,-115,-115,,,,,,,,,,2026-09-13T18:12:43.627Z,REFUSED,REFUSED,REFUSED:OUTCOME_NOT_PUBLISHED
425,2026_01_WAS_PHI,Jayden Daniels,WAS,Rushing Yards,,,,36.5,-110,-120,,,,,,,,,,2026-09-13T18:12:43.627Z,REFUSED,REFUSED,REFUSED:OUTCOME_NOT_PUBLISHED
425,2026_01_WAS_PHI,Rachaad White,WAS,Rushing Yards,,,,22.5,-115,-115,,,,,,,,,,2026-09-13T18:12:43.627Z,REFUSED,REFUSED,REFUSED:OUTCOME_NOT_PUBLISHED
425,2026_01_WAS_PHI,Saquon Barkley,PHI,Rushing Yards,,,,77.5,-120,-110,,,,,,,,,,2026-09-13T18:12:43.627Z,REFUSED,REFUSED,REFUSED:OUTCOME_NOT_PUBLISHED
425,2026_01_WAS_PHI,Tank Bigsby,PHI,Rushing Yards,,,,18.5,-115,-115,,,,,,,,,,2026-09-13T18:12:43.627Z,REFUSED,REFUSED,REFUSED:OUTCOME_NOT_PUBLISHED
425,2026_01_WAS_PHI,Jacory Croskey-Merritt,WAS,Rushing Attempts,,,,11.5,-105,-125,,,,,,,,,,2026-09-13T18:12:32.540Z,REFUSED,REFUSED,REFUSED:OUTCOME_NOT_PUBLISHED
425,2026_01_WAS_PHI,Jayden Daniels,WAS,Rushing Attempts,,,,7.5,-120,-110,,,,,,,,,,2026-09-13T18:12:32.540Z,REFUSED,REFUSED,REFUSED:OUTCOME_NOT_PUBLISHED
425,2026_01_WAS_PHI,Rachaad White,WAS,Rushing Attempts,,,,5.5,-130,+105,,,,,,,,,,2026-09-13T18:12:32.540Z,REFUSED,REFUSED,REFUSED:OUTCOME_NOT_PUBLISHED
425,2026_01_WAS_PHI,Saquon Barkley,PHI,Rushing Attempts,,,,17.5,-130,+100,,,,,,,,,,2026-09-13T18:12:32.540Z,REFUSED,REFUSED,REFUSED:OUTCOME_NOT_PUBLISHED
425,2026_01_WAS_PHI,Jalen Hurts,PHI,Rushing Attempts,,,,6.5,-125,-105,,,,,,,,,,2026-09-13T18:12:32.540Z,REFUSED,REFUSED,REFUSED:OUTCOME_NOT_PUBLISHED
425,2026_01_WAS_PHI,Chig Okonkwo,WAS,Receiving Yards,,,,25.5,-115,-115,,,,,,,,,,2026-09-13T18:12:56.498Z,REFUSED,REFUSED,REFUSED:OUTCOME_NOT_PUBLISHED
425,2026_01_WAS_PHI,Dallas Goedert,PHI,Receiving Yards,,,,38.5,-115,-115,,,,,,,,,,2026-09-13T18:12:56.498Z,REFUSED,REFUSED,REFUSED:OUTCOME_NOT_PUBLISHED
425,2026_01_WAS_PHI,DeVonta Smith,PHI,Receiving Yards,,,,66.5,-115,-115,,,,,,,,,,2026-09-13T18:12:56.498Z,REFUSED,REFUSED,REFUSED:OUTCOME_NOT_PUBLISHED
425,2026_01_WAS_PHI,Dontayvion Wicks,PHI,Receiving Yards,,,,28.5,-115,-115,,,,,,,,,,2026-09-13T18:12:56.498Z,REFUSED,REFUSED,REFUSED:OUTCOME_NOT_PUBLISHED
425,2026_01_WAS_PHI,Hollywood Brown,PHI,Receiving Yards,,,,9.5,-120,-110,,,,,,,,,,2026-09-13T18:12:56.498Z,REFUSED,REFUSED,REFUSED:OUTCOME_NOT_PUBLISHED
425,2026_01_WAS_PHI,Jacory Croskey-Merritt,WAS,Receiving Yards,,,,6.5,-115,-115,,,,,,,,,,2026-09-13T18:12:56.498Z,REFUSED,REFUSED,REFUSED:OUTCOME_NOT_PUBLISHED
425,2026_01_WAS_PHI,Makai Lemon,PHI,Receiving Yards,,,,23.5,-120,-110,,,,,,,,,,2026-09-13T18:12:56.498Z,REFUSED,REFUSED,REFUSED:OUTCOME_NOT_PUBLISHED
425,2026_01_WAS_PHI,Rachaad White,WAS,Receiving Yards,,,,14.5,-115,-115,,,,,,,,,,2026-09-13T18:12:56.498Z,REFUSED,REFUSED,REFUSED:OUTCOME_NOT_PUBLISHED
425,2026_01_WAS_PHI,Saquon Barkley,PHI,Receiving Yards,,,,15.5,-115,-115,,,,,,,,,,2026-09-13T18:12:56.498Z,REFUSED,REFUSED,REFUSED:OUTCOME_NOT_PUBLISHED
425,2026_01_WAS_PHI,Stefon Diggs,WAS,Receiving Yards,,,,41.5,-120,-110,,,,,,,,,,2026-09-13T18:12:56.498Z,REFUSED,REFUSED,REFUSED:OUTCOME_NOT_PUBLISHED
425,2026_01_WAS_PHI,Terry McLaurin,WAS,Receiving Yards,,,,51.5,-115,-115,,,,,,,,,,2026-09-13T18:12:56.498Z,REFUSED,REFUSED,REFUSED:OUTCOME_NOT_PUBLISHED
425,2026_01_WAS_PHI,Chig Okonkwo,WAS,Receptions,,,,2.5,-160,+120,,,,,,,,,,2026-09-13T18:13:06.230Z,REFUSED,REFUSED,REFUSED:OUTCOME_NOT_PUBLISHED
425,2026_01_WAS_PHI,Stefon Diggs,WAS,Receptions,,,,3.5,-150,+115,,,,,,,,,,2026-09-13T18:13:06.230Z,REFUSED,REFUSED,REFUSED:OUTCOME_NOT_PUBLISHED
425,2026_01_WAS_PHI,Rachaad White,WAS,Receptions,,,,2.5,+130,-170,,,,,,,,,,2026-09-13T18:13:06.230Z,REFUSED,REFUSED,REFUSED:OUTCOME_NOT_PUBLISHED
425,2026_01_WAS_PHI,Terry McLaurin,WAS,Receptions,,,,3.5,-165,+125,,,,,,,,,,2026-09-13T18:13:06.230Z,REFUSED,REFUSED,REFUSED:OUTCOME_NOT_PUBLISHED
425,2026_01_WAS_PHI,Jacory Croskey-Merritt,WAS,Receptions,,,,1.5,+155,-210,,,,,,,,,,2026-09-13T18:13:06.230Z,REFUSED,REFUSED,REFUSED:OUTCOME_NOT_PUBLISHED
425,2026_01_WAS_PHI,Dallas Goedert,PHI,Receptions,,,,3.5,-130,+100,,,,,,,,,,2026-09-13T18:13:06.230Z,REFUSED,REFUSED,REFUSED:OUTCOME_NOT_PUBLISHED
425,2026_01_WAS_PHI,Saquon Barkley,PHI,Receptions,,,,2.5,-105,-125,,,,,,,,,,2026-09-13T18:13:06.230Z,REFUSED,REFUSED,REFUSED:OUTCOME_NOT_PUBLISHED
425,2026_01_WAS_PHI,Dontayvion Wicks,PHI,Receptions,,,,2.5,-120,-110,,,,,,,,,,2026-09-13T18:13:06.230Z,REFUSED,REFUSED,REFUSED:OUTCOME_NOT_PUBLISHED
425,2026_01_WAS_PHI,Makai Lemon,PHI,Receptions,,,,2.5,+125,-160,,,,,,,,,,2026-09-13T18:13:06.230Z,REFUSED,REFUSED,REFUSED:OUTCOME_NOT_PUBLISHED
425,2026_01_WAS_PHI,DeVonta Smith,PHI,Receptions,,,,5.5,+110,-140,,,,,,,,,,2026-09-13T18:13:06.230Z,REFUSED,REFUSED,REFUSED:OUTCOME_NOT_PUBLISHED
425,2026_01_WAS_PHI,Hollywood Brown,PHI,Receptions,,,,1.5,+175,-250,,,,,,,,,,2026-09-13T18:13:06.230Z,REFUSED,REFUSED,REFUSED:OUTCOME_NOT_PUBLISHED
