slate,game_id,player,team,market,metric,model_mean,model_median,hardrock_line,over_odds,under_odds,model_p_over_exact_line,model_p_under_exact_line,hardrock_novig_p_over,hardrock_novig_p_under,selected_side,probability_gap_pp,actual,actual_basis,absence_class,result,model_written_at,hardrock_retrieved_at,data_status,stratum,refusal_reason
1PM,2026_01_ATL_PIT,Aaron Rodgers,PIT,Interceptions,qb/int,0.472,0.0,0.5,+125,-165,0.365,0.635,0.416503,0.583497,UNDER,5.1503,0.0,OBSERVED,ZERO_IF_ABSENT,WIN,2026-09-13T15:46:51Z,2026-09-13T16:02:34.264Z,PARTIAL_PLAYER_COVERAGE,CONTAMINATED_QB3,
1PM,2026_01_ATL_PIT,Aaron Rodgers,PIT,Pass Attempts,qb/att,32.506,34.0,31.5,-110,-120,0.587,0.413,0.489879,0.510121,OVER,9.7121,40.0,OBSERVED,ZERO_IF_ABSENT,WIN,2026-09-13T15:46:51Z,2026-09-13T16:02:34.264Z,PARTIAL_PLAYER_COVERAGE,CONTAMINATED_QB3,
1PM,2026_01_ATL_PIT,Aaron Rodgers,PIT,Pass Completions,qb/cmp,21.126,22.0,20.5,-125,-105,0.555,0.445,0.520305,0.479695,OVER,3.4695,24.0,OBSERVED,ZERO_IF_ABSENT,WIN,2026-09-13T15:46:51Z,2026-09-13T16:02:34.264Z,PARTIAL_PLAYER_COVERAGE,CONTAMINATED_QB3,
1PM,2026_01_ATL_PIT,Aaron Rodgers,PIT,Passing TDs,qb/ptd,1.486,1.0,1.5,+110,-140,0.442,0.558,0.449438,0.550562,UNDER,0.7438,1.0,OBSERVED,ZERO_IF_ABSENT,WIN,2026-09-13T15:46:51Z,2026-09-13T16:02:34.264Z,PARTIAL_PLAYER_COVERAGE,CONTAMINATED_QB3,
1PM,2026_01_ATL_PIT,Aaron Rodgers,PIT,Passing Yards,qb/pyds,226.8526,231.0,211.5,-115,-115,0.574,0.426,0.5,0.5,OVER,7.4,221.0,OBSERVED,ZERO_IF_ABSENT,WIN,2026-09-13T15:46:51Z,2026-09-13T16:05:34.269Z,PARTIAL_PLAYER_COVERAGE,CONTAMINATED_QB3,
1PM,2026_01_ATL_PIT,Aaron Rodgers,PIT,Rushing Yards,,,,0.5,-110,-120,,,,,,,,,,,,2026-09-13T16:05:47.475Z,REFUSED,REFUSED,REFUSED:ESTIMAND_NOT_SCOREABLE | qb/ryds has no exact realised match
1PM,2026_01_ATL_PIT,Bijan Robinson,ATL,Receiving Yards,receiving/receiving_yards,38.587,32.0,33.5,-120,-110,0.469,0.531,0.510121,0.489879,UNDER,4.1121,90.0,OBSERVED,ZERO_IF_ABSENT,LOSS,2026-09-13T15:46:51Z,2026-09-13T16:06:00.505Z,PARTIAL_PLAYER_COVERAGE,CLEAN,
1PM,2026_01_ATL_PIT,Bijan Robinson,ATL,Receptions,receiving/receptions,4.43,4.0,4.5,+100,-130,0.463,0.537,0.469388,0.530612,UNDER,0.6388,8.0,OBSERVED,ZERO_IF_ABSENT,LOSS,2026-09-13T15:46:51Z,2026-09-13T16:03:14.915Z,PARTIAL_PLAYER_COVERAGE,CLEAN,
1PM,2026_01_ATL_PIT,Bijan Robinson,ATL,Rushing Attempts,rushing/carries,16.3053,16.5,18.5,-120,-110,0.384,0.615,0.510121,0.489879,UNDER,12.5121,21.0,OBSERVED,ZERO_IF_ABSENT,LOSS,2026-09-13T15:46:51Z,2026-09-13T16:02:49.229Z,PARTIAL_PLAYER_COVERAGE,CLEAN,
1PM,2026_01_ATL_PIT,Bijan Robinson,ATL,Rushing Yards,,,,71.5,-115,-115,,,,,,,,,,,,2026-09-13T16:05:47.475Z,REFUSED,REFUSED,REFUSED:MARKET_NOT_MAPPED | NOT_MODELLED: this engine has no non-quarterback rushing-yards metric. Carries are not yards.
1PM,2026_01_ATL_PIT,Brian Robinson Jr.,ATL,Rushing Yards,,,,19.5,-115,-115,,,,,,,,,,,,2026-09-13T16:05:47.475Z,REFUSED,REFUSED,REFUSED:QUOTE_PLAYER_NOT_ON_BOARD
1PM,2026_01_ATL_PIT,Cooper Rush,ATL,Interceptions,qb/int,0.076,0.0,0.5,-180,+135,0.07,0.93,0.601707,0.398293,UNDER,53.1707,2.0,OBSERVED,ZERO_IF_ABSENT,LOSS,2026-09-13T15:46:51Z,2026-09-13T16:02:34.264Z,PARTIAL_PLAYER_COVERAGE,CONTAMINATED_QB3,
1PM,2026_01_ATL_PIT,Cooper Rush,ATL,Pass Attempts,qb/att,3.27,2.0,30.5,-105,-125,0.0,1.0,0.479695,0.520305,UNDER,47.9695,22.0,OBSERVED,ZERO_IF_ABSENT,WIN,2026-09-13T15:46:51Z,2026-09-13T16:02:34.264Z,PARTIAL_PLAYER_COVERAGE,CONTAMINATED_QB3,
1PM,2026_01_ATL_PIT,Cooper Rush,ATL,Pass Completions,qb/cmp,2.025,1.0,17.5,-115,-115,0.0,1.0,0.5,0.5,UNDER,50.0,12.0,OBSERVED,ZERO_IF_ABSENT,WIN,2026-09-13T15:46:51Z,2026-09-13T16:02:34.264Z,PARTIAL_PLAYER_COVERAGE,CONTAMINATED_QB3,
1PM,2026_01_ATL_PIT,Cooper Rush,ATL,Passing TDs,qb/ptd,0.127,0.0,0.5,-220,+155,0.111,0.889,0.636776,0.363224,UNDER,52.5776,1.0,OBSERVED,ZERO_IF_ABSENT,LOSS,2026-09-13T15:46:51Z,2026-09-13T16:02:34.264Z,PARTIAL_PLAYER_COVERAGE,CONTAMINATED_QB3,
1PM,2026_01_ATL_PIT,Cooper Rush,ATL,Passing Yards,qb/pyds,23.8489,12.3452,177.5,-115,-115,0.0,1.0,0.5,0.5,UNDER,50.0,143.0,OBSERVED,ZERO_IF_ABSENT,WIN,2026-09-13T15:46:51Z,2026-09-13T16:05:34.269Z,PARTIAL_PLAYER_COVERAGE,CONTAMINATED_QB3,
1PM,2026_01_ATL_PIT,DK Metcalf,PIT,Receiving Yards,receiving/receiving_yards,62.768,56.5,49.5,-115,-115,0.558,0.442,0.5,0.5,OVER,5.8,40.0,OBSERVED,ZERO_IF_ABSENT,LOSS,2026-09-13T15:46:51Z,2026-09-13T16:06:00.505Z,PARTIAL_PLAYER_COVERAGE,CLEAN,
1PM,2026_01_ATL_PIT,DK Metcalf,PIT,Receptions,receiving/receptions,4.483,4.0,3.5,-145,+110,0.595,0.405,0.55414,0.44586,OVER,4.086,4.0,OBSERVED,ZERO_IF_ABSENT,WIN,2026-09-13T15:46:51Z,2026-09-13T16:03:14.915Z,PARTIAL_PLAYER_COVERAGE,CLEAN,
1PM,2026_01_ATL_PIT,Darnell Washington,PIT,Receiving Yards,receiving/receiving_yards,14.323,0.0,16.5,-115,-115,0.289,0.711,0.5,0.5,UNDER,21.1,18.0,OBSERVED,ZERO_IF_ABSENT,LOSS,2026-09-13T15:46:51Z,2026-09-13T16:06:00.505Z,PARTIAL_PLAYER_COVERAGE,CLEAN,
1PM,2026_01_ATL_PIT,Darnell Washington,PIT,Receptions,receiving/receptions,1.302,0.0,1.5,-170,+130,0.332,0.668,0.591528,0.408472,UNDER,25.9528,2.0,OBSERVED,ZERO_IF_ABSENT,LOSS,2026-09-13T15:46:51Z,2026-09-13T16:03:14.915Z,PARTIAL_PLAYER_COVERAGE,CLEAN,
1PM,2026_01_ATL_PIT,Drake London,ATL,Receiving Yards,receiving/receiving_yards,57.436,50.0,54.5,-115,-115,0.464,0.536,0.5,0.5,UNDER,3.6,29.0,OBSERVED,ZERO_IF_ABSENT,WIN,2026-09-13T15:46:51Z,2026-09-13T16:06:00.505Z,PARTIAL_PLAYER_COVERAGE,CLEAN,
1PM,2026_01_ATL_PIT,Drake London,ATL,Receptions,receiving/receptions,4.487,4.0,4.5,-155,+120,0.463,0.537,0.572148,0.427852,UNDER,10.9148,2.0,OBSERVED,ZERO_IF_ABSENT,WIN,2026-09-13T15:46:51Z,2026-09-13T16:03:14.915Z,PARTIAL_PLAYER_COVERAGE,CLEAN,
1PM,2026_01_ATL_PIT,Jahan Dotson,ATL,Receiving Yards,receiving/receiving_yards,20.477,10.0,13.5,-120,-110,0.449,0.551,0.510121,0.489879,UNDER,6.1121,19.0,OBSERVED,ZERO_IF_ABSENT,LOSS,2026-09-13T15:46:51Z,2026-09-13T16:06:00.505Z,PARTIAL_PLAYER_COVERAGE,CLEAN,
1PM,2026_01_ATL_PIT,Jahan Dotson,ATL,Receptions,receiving/receptions,1.578,1.0,1.5,-115,-115,0.417,0.583,0.5,0.5,UNDER,8.3,1.0,OBSERVED,ZERO_IF_ABSENT,WIN,2026-09-13T15:46:51Z,2026-09-13T16:03:14.915Z,PARTIAL_PLAYER_COVERAGE,CLEAN,
1PM,2026_01_ATL_PIT,Jaylen Warren,PIT,Receiving Yards,receiving/receiving_yards,13.65,7.0,18.5,-120,-110,0.294,0.706,0.510121,0.489879,UNDER,21.6121,27.0,OBSERVED,ZERO_IF_ABSENT,LOSS,2026-09-13T15:46:51Z,2026-09-13T16:06:00.505Z,PARTIAL_PLAYER_COVERAGE,CLEAN,
1PM,2026_01_ATL_PIT,Jaylen Warren,PIT,Receptions,receiving/receptions,1.845,1.0,2.5,-135,+105,0.324,0.676,0.540791,0.459209,UNDER,21.6791,5.0,OBSERVED,ZERO_IF_ABSENT,LOSS,2026-09-13T15:46:51Z,2026-09-13T16:03:14.915Z,PARTIAL_PLAYER_COVERAGE,CLEAN,
1PM,2026_01_ATL_PIT,Jaylen Warren,PIT,Rushing Attempts,rushing/carries,6.8652,6.8843,10.5,-130,+100,0.213,0.787,0.530612,0.469388,UNDER,31.7612,10.0,OBSERVED,ZERO_IF_ABSENT,WIN,2026-09-13T15:46:51Z,2026-09-13T16:02:49.229Z,PARTIAL_PLAYER_COVERAGE,CLEAN,
1PM,2026_01_ATL_PIT,Jaylen Warren,PIT,Rushing Yards,,,,43.5,-115,-115,,,,,,,,,,,,2026-09-13T16:05:47.475Z,REFUSED,REFUSED,REFUSED:MARKET_NOT_MAPPED | NOT_MODELLED: this engine has no non-quarterback rushing-yards metric. Carries are not yards.
1PM,2026_01_ATL_PIT,Kyle Pitts Sr.,ATL,Receiving Yards,,,,38.5,-115,-115,,,,,,,,,,,,2026-09-13T16:06:00.505Z,REFUSED,REFUSED,REFUSED:QUOTE_PLAYER_NOT_ON_BOARD
1PM,2026_01_ATL_PIT,Kyle Pitts Sr.,ATL,Receptions,,,,4.5,+115,-150,,,,,,,,,,,,2026-09-13T16:03:14.915Z,REFUSED,REFUSED,REFUSED:QUOTE_PLAYER_NOT_ON_BOARD
1PM,2026_01_ATL_PIT,Michael Pittman Jr.,PIT,Receiving Yards,,,,37.5,-115,-115,,,,,,,,,,,,2026-09-13T16:06:00.505Z,REFUSED,REFUSED,REFUSED:QUOTE_PLAYER_NOT_ON_BOARD
1PM,2026_01_ATL_PIT,Michael Pittman Jr.,PIT,Receptions,,,,3.5,-145,+110,,,,,,,,,,,,2026-09-13T16:03:14.915Z,REFUSED,REFUSED,REFUSED:QUOTE_PLAYER_NOT_ON_BOARD
1PM,2026_01_ATL_PIT,Pat Freiermuth,PIT,Receiving Yards,receiving/receiving_yards,25.831,19.0,27.5,-115,-115,0.374,0.626,0.5,0.5,UNDER,12.6,46.0,OBSERVED,ZERO_IF_ABSENT,LOSS,2026-09-13T15:46:51Z,2026-09-13T16:06:00.505Z,PARTIAL_PLAYER_COVERAGE,CLEAN,
1PM,2026_01_ATL_PIT,Pat Freiermuth,PIT,Receptions,receiving/receptions,2.596,2.0,2.5,-150,+115,0.427,0.573,0.563319,0.436681,UNDER,13.6319,5.0,OBSERVED,ZERO_IF_ABSENT,LOSS,2026-09-13T15:46:51Z,2026-09-13T16:03:14.915Z,PARTIAL_PLAYER_COVERAGE,CLEAN,
1PM,2026_01_ATL_PIT,Rico Dowdle,PIT,Receiving Yards,receiving/receiving_yards,20.564,15.0,10.5,-120,-110,0.577,0.423,0.510121,0.489879,OVER,6.6879,6.0,OBSERVED,ZERO_IF_ABSENT,LOSS,2026-09-13T15:46:51Z,2026-09-13T16:06:00.505Z,PARTIAL_PLAYER_COVERAGE,CLEAN,
1PM,2026_01_ATL_PIT,Rico Dowdle,PIT,Receptions,receiving/receptions,2.885,2.0,1.5,-155,+120,0.638,0.362,0.572148,0.427852,OVER,6.5852,2.0,OBSERVED,ZERO_IF_ABSENT,WIN,2026-09-13T15:46:51Z,2026-09-13T16:03:14.915Z,PARTIAL_PLAYER_COVERAGE,CLEAN,
1PM,2026_01_ATL_PIT,Rico Dowdle,PIT,Rushing Attempts,rushing/carries,7.4085,7.2081,11.5,-125,-105,0.182,0.818,0.520305,0.479695,UNDER,33.8305,8.0,OBSERVED,ZERO_IF_ABSENT,WIN,2026-09-13T15:46:51Z,2026-09-13T16:02:49.229Z,PARTIAL_PLAYER_COVERAGE,CLEAN,
1PM,2026_01_ATL_PIT,Rico Dowdle,PIT,Rushing Yards,,,,45.5,-115,-115,,,,,,,,,,,,2026-09-13T16:05:47.475Z,REFUSED,REFUSED,REFUSED:MARKET_NOT_MAPPED | NOT_MODELLED: this engine has no non-quarterback rushing-yards metric. Carries are not yards.
1PM,2026_01_ATL_PIT,Roman Wilson,PIT,Receiving Yards,receiving/receiving_yards,12.58,0.0,11.5,-120,-110,0.283,0.717,0.510121,0.489879,UNDER,22.7121,26.0,OBSERVED,ZERO_IF_ABSENT,LOSS,2026-09-13T15:46:51Z,2026-09-13T16:06:00.505Z,PARTIAL_PLAYER_COVERAGE,CLEAN,
1PM,2026_01_ATL_PIT,Roman Wilson,PIT,Receptions,receiving/receptions,0.921,0.0,1.5,+115,-150,0.231,0.769,0.436681,0.563319,UNDER,20.5681,3.0,OBSERVED,ZERO_IF_ABSENT,LOSS,2026-09-13T15:46:51Z,2026-09-13T16:03:14.915Z,PARTIAL_PLAYER_COVERAGE,CLEAN,
1PM,2026_01_BAL_IND,Alec Pierce,IND,Receiving Yards,receiving/receiving_yards,44.632,34.0,29.5,-115,-115,0.538,0.462,0.5,0.5,OVER,3.8,61.0,OBSERVED,ZERO_IF_ABSENT,WIN,2026-09-13T15:46:51Z,2026-09-13T16:06:00.382Z,PARTIAL_PLAYER_COVERAGE,CLEAN,
1PM,2026_01_BAL_IND,Alec Pierce,IND,Receptions,receiving/receptions,2.43,2.0,2.5,+110,-140,0.402,0.598,0.449438,0.550562,UNDER,4.7438,4.0,OBSERVED,ZERO_IF_ABSENT,LOSS,2026-09-13T15:46:51Z,2026-09-13T16:03:17.405Z,PARTIAL_PLAYER_COVERAGE,CLEAN,
1PM,2026_01_BAL_IND,Daniel Jones,IND,Interceptions,qb/int,0.261,0.0,0.5,-115,-115,0.208,0.792,0.5,0.5,UNDER,29.2,1.0,OBSERVED,ZERO_IF_ABSENT,LOSS,2026-09-13T15:46:51Z,2026-09-13T16:02:32.302Z,PARTIAL_PLAYER_COVERAGE,CONTAMINATED_QB3,
1PM,2026_01_BAL_IND,Daniel Jones,IND,Pass Attempts,qb/att,12.882,9.0,31.5,-125,-105,0.103,0.897,0.520305,0.479695,UNDER,41.7305,31.0,OBSERVED,ZERO_IF_ABSENT,WIN,2026-09-13T15:46:51Z,2026-09-13T16:02:32.302Z,PARTIAL_PLAYER_COVERAGE,CONTAMINATED_QB3,
1PM,2026_01_BAL_IND,Daniel Jones,IND,Pass Completions,qb/cmp,7.903,5.0,22.5,-115,-115,0.057,0.943,0.5,0.5,UNDER,44.3,19.0,OBSERVED,ZERO_IF_ABSENT,WIN,2026-09-13T15:46:51Z,2026-09-13T16:02:32.302Z,PARTIAL_PLAYER_COVERAGE,CONTAMINATED_QB3,
1PM,2026_01_BAL_IND,Daniel Jones,IND,Passing TDs,qb/ptd,0.549,0.0,1.5,+120,-160,0.149,0.851,0.424837,0.575163,UNDER,27.5837,1.0,OBSERVED,ZERO_IF_ABSENT,WIN,2026-09-13T15:46:51Z,2026-09-13T16:02:32.302Z,PARTIAL_PLAYER_COVERAGE,CONTAMINATED_QB3,
1PM,2026_01_BAL_IND,Daniel Jones,IND,Passing Yards,qb/pyds,91.9856,60.4118,229.5,-115,-115,0.123,0.877,0.5,0.5,UNDER,37.7,166.0,OBSERVED,ZERO_IF_ABSENT,WIN,2026-09-13T15:46:51Z,2026-09-13T16:05:35.566Z,PARTIAL_PLAYER_COVERAGE,CONTAMINATED_QB3,
1PM,2026_01_BAL_IND,Daniel Jones,IND,Rushing Attempts,,,,3.5,-110,-120,,,,,,,,,,,,2026-09-13T16:02:51.236Z,REFUSED,REFUSED,REFUSED:ESTIMAND_NOT_SCOREABLE | qb/rush_opp has no exact realised match
1PM,2026_01_BAL_IND,Daniel Jones,IND,Rushing Yards,,,,10.5,-120,-110,,,,,,,,,,,,2026-09-13T16:05:46.012Z,REFUSED,REFUSED,REFUSED:ESTIMAND_NOT_SCOREABLE | qb/ryds has no exact realised match
1PM,2026_01_BAL_IND,Derrick Henry,BAL,Receiving Yards,receiving/receiving_yards,9.203,0.0,6.5,-120,-110,0.357,0.643,0.510121,0.489879,UNDER,15.3121,19.0,OBSERVED,ZERO_IF_ABSENT,LOSS,2026-09-13T15:46:51Z,2026-09-13T16:06:00.382Z,PARTIAL_PLAYER_COVERAGE,CLEAN,
1PM,2026_01_BAL_IND,Derrick Henry,BAL,Receptions,receiving/receptions,0.996,0.0,1.5,+175,-250,0.245,0.755,0.337349,0.662651,UNDER,9.2349,1.0,OBSERVED,ZERO_IF_ABSENT,WIN,2026-09-13T15:46:51Z,2026-09-13T16:03:17.405Z,PARTIAL_PLAYER_COVERAGE,CLEAN,
1PM,2026_01_BAL_IND,Derrick Henry,BAL,Rushing Attempts,rushing/carries,13.2823,12.9845,17.5,-125,-105,0.226,0.774,0.520305,0.479695,UNDER,29.4305,24.0,OBSERVED,ZERO_IF_ABSENT,LOSS,2026-09-13T15:46:51Z,2026-09-13T16:02:51.236Z,PARTIAL_PLAYER_COVERAGE,CLEAN,
1PM,2026_01_BAL_IND,Derrick Henry,BAL,Rushing Yards,,,,78.5,-115,-115,,,,,,,,,,,,2026-09-13T16:05:46.012Z,REFUSED,REFUSED,REFUSED:MARKET_NOT_MAPPED | NOT_MODELLED: this engine has no non-quarterback rushing-yards metric. Carries are not yards.
1PM,2026_01_BAL_IND,Ja'Kobi Lane,IND,Receiving Yards,,,,19.5,-115,-115,,,,,,,,,,,,2026-09-13T16:06:00.382Z,REFUSED,REFUSED,REFUSED:QUOTE_PLAYER_NOT_ON_BOARD
1PM,2026_01_BAL_IND,Ja'Kobi Lane,IND,Receptions,,,,1.5,-130,+100,,,,,,,,,,,,2026-09-13T16:03:17.405Z,REFUSED,REFUSED,REFUSED:QUOTE_PLAYER_NOT_ON_BOARD
1PM,2026_01_BAL_IND,Jonathan Taylor,IND,Receiving Yards,receiving/receiving_yards,18.096,10.0,18.5,-115,-115,0.361,0.639,0.5,0.5,UNDER,13.9,23.0,OBSERVED,ZERO_IF_ABSENT,LOSS,2026-09-13T15:46:51Z,2026-09-13T16:06:00.382Z,PARTIAL_PLAYER_COVERAGE,CLEAN,
1PM,2026_01_BAL_IND,Jonathan Taylor,IND,Receptions,receiving/receptions,2.162,2.0,2.5,-120,-110,0.354,0.646,0.510121,0.489879,UNDER,15.6121,3.0,OBSERVED,ZERO_IF_ABSENT,LOSS,2026-09-13T15:46:51Z,2026-09-13T16:03:17.405Z,PARTIAL_PLAYER_COVERAGE,CLEAN,
1PM,2026_01_BAL_IND,Jonathan Taylor,IND,Rushing Attempts,rushing/carries,13.4524,12.9734,18.5,+100,-130,0.212,0.788,0.469388,0.530612,UNDER,25.7388,19.0,OBSERVED,ZERO_IF_ABSENT,LOSS,2026-09-13T15:46:51Z,2026-09-13T16:02:51.236Z,PARTIAL_PLAYER_COVERAGE,CLEAN,
1PM,2026_01_BAL_IND,Jonathan Taylor,IND,Rushing Yards,,,,77.5,-115,-115,,,,,,,,,,,,2026-09-13T16:05:46.012Z,REFUSED,REFUSED,REFUSED:MARKET_NOT_MAPPED | NOT_MODELLED: this engine has no non-quarterback rushing-yards metric. Carries are not yards.
1PM,2026_01_BAL_IND,Josh Downs,IND,Receiving Yards,receiving/receiving_yards,29.368,22.0,45.5,-115,-115,0.226,0.774,0.5,0.5,UNDER,27.4,37.0,OBSERVED,ZERO_IF_ABSENT,WIN,2026-09-13T15:46:51Z,2026-09-13T16:06:00.382Z,PARTIAL_PLAYER_COVERAGE,CLEAN,
1PM,2026_01_BAL_IND,Josh Downs,IND,Receptions,receiving/receptions,2.677,2.0,4.5,+115,-145,0.189,0.811,0.440054,0.559946,UNDER,25.1054,2.0,OBSERVED,ZERO_IF_ABSENT,WIN,2026-09-13T15:46:51Z,2026-09-13T16:03:17.405Z,PARTIAL_PLAYER_COVERAGE,CLEAN,
1PM,2026_01_BAL_IND,Justice Hill,BAL,Receiving Yards,receiving/receiving_yards,13.744,8.0,10.5,-115,-115,0.443,0.557,0.5,0.5,UNDER,5.7,10.0,OBSERVED,ZERO_IF_ABSENT,WIN,2026-09-13T15:46:51Z,2026-09-13T16:06:00.382Z,PARTIAL_PLAYER_COVERAGE,CLEAN,
1PM,2026_01_BAL_IND,Justice Hill,BAL,Receptions,receiving/receptions,1.799,1.0,1.5,-200,+145,0.471,0.529,0.620253,0.379747,UNDER,14.9253,1.0,OBSERVED,ZERO_IF_ABSENT,WIN,2026-09-13T15:46:51Z,2026-09-13T16:03:17.405Z,PARTIAL_PLAYER_COVERAGE,CLEAN,
1PM,2026_01_BAL_IND,Justice Hill,BAL,Rushing Yards,,,,8.5,-110,-120,,,,,,,,,,,,2026-09-13T16:05:46.012Z,REFUSED,REFUSED,REFUSED:MARKET_NOT_MAPPED | NOT_MODELLED: this engine has no non-quarterback rushing-yards metric. Carries are not yards.
1PM,2026_01_BAL_IND,Keenan Allen,IND,Receiving Yards,receiving/receiving_yards,35.532,28.0,27.5,-115,-115,0.509,0.491,0.5,0.5,OVER,0.9,32.0,OBSERVED,ZERO_IF_ABSENT,WIN,2026-09-13T15:46:51Z,2026-09-13T16:06:00.382Z,PARTIAL_PLAYER_COVERAGE,CLEAN,
1PM,2026_01_BAL_IND,Keenan Allen,IND,Receptions,receiving/receptions,3.337,3.0,3.5,+110,-145,0.422,0.578,0.44586,0.55414,UNDER,2.386,6.0,OBSERVED,ZERO_IF_ABSENT,LOSS,2026-09-13T15:46:51Z,2026-09-13T16:03:17.405Z,PARTIAL_PLAYER_COVERAGE,CLEAN,
1PM,2026_01_BAL_IND,Lamar Jackson,BAL,Interceptions,qb/int,0.586,0.0,0.5,+110,-145,0.435,0.565,0.44586,0.55414,UNDER,1.086,0.0,OBSERVED,ZERO_IF_ABSENT,WIN,2026-09-13T15:46:51Z,2026-09-13T16:02:32.302Z,PARTIAL_PLAYER_COVERAGE,CONTAMINATED_QB3,
1PM,2026_01_BAL_IND,Lamar Jackson,BAL,Pass Attempts,qb/att,27.611,29.0,27.5,-120,-110,0.559,0.441,0.510121,0.489879,OVER,4.8879,25.0,OBSERVED,ZERO_IF_ABSENT,LOSS,2026-09-13T15:46:51Z,2026-09-13T16:02:32.302Z,PARTIAL_PLAYER_COVERAGE,CONTAMINATED_QB3,
1PM,2026_01_BAL_IND,Lamar Jackson,BAL,Pass Completions,qb/cmp,18.014,19.0,18.5,+110,-140,0.512,0.488,0.449438,0.550562,OVER,6.2562,17.0,OBSERVED,ZERO_IF_ABSENT,LOSS,2026-09-13T15:46:51Z,2026-09-13T16:02:32.302Z,PARTIAL_PLAYER_COVERAGE,CONTAMINATED_QB3,
1PM,2026_01_BAL_IND,Lamar Jackson,BAL,Passing TDs,qb/ptd,1.266,1.0,1.5,+100,-130,0.365,0.635,0.469388,0.530612,UNDER,10.4388,1.0,OBSERVED,ZERO_IF_ABSENT,WIN,2026-09-13T15:46:51Z,2026-09-13T16:02:32.302Z,PARTIAL_PLAYER_COVERAGE,CONTAMINATED_QB3,
1PM,2026_01_BAL_IND,Lamar Jackson,BAL,Passing Yards,qb/pyds,215.9886,219.0,219.5,-115,-115,0.499,0.501,0.5,0.5,UNDER,0.1,324.0,OBSERVED,ZERO_IF_ABSENT,LOSS,2026-09-13T15:46:51Z,2026-09-13T16:05:35.566Z,PARTIAL_PLAYER_COVERAGE,CONTAMINATED_QB3,
1PM,2026_01_BAL_IND,Lamar Jackson,BAL,Rushing Attempts,,,,6.5,-110,-120,,,,,,,,,,,,2026-09-13T16:02:51.236Z,REFUSED,REFUSED,REFUSED:ESTIMAND_NOT_SCOREABLE | qb/rush_opp has no exact realised match
1PM,2026_01_BAL_IND,Lamar Jackson,BAL,Rushing Yards,,,,38.5,-115,-115,,,,,,,,,,,,2026-09-13T16:05:46.012Z,REFUSED,REFUSED,REFUSED:ESTIMAND_NOT_SCOREABLE | qb/ryds has no exact realised match
1PM,2026_01_BAL_IND,Mark Andrews,BAL,Receiving Yards,receiving/receiving_yards,38.561,33.0,32.5,-115,-115,0.501,0.499,0.5,0.5,OVER,0.1,49.0,OBSERVED,ZERO_IF_ABSENT,WIN,2026-09-13T15:46:51Z,2026-09-13T16:06:00.382Z,PARTIAL_PLAYER_COVERAGE,CLEAN,
1PM,2026_01_BAL_IND,Mark Andrews,BAL,Receptions,receiving/receptions,3.272,3.0,3.5,+110,-140,0.429,0.571,0.449438,0.550562,UNDER,2.0438,4.0,OBSERVED,ZERO_IF_ABSENT,LOSS,2026-09-13T15:46:51Z,2026-09-13T16:03:17.405Z,PARTIAL_PLAYER_COVERAGE,CLEAN,
1PM,2026_01_BAL_IND,Rashod Bateman,BAL,Receiving Yards,receiving/receiving_yards,14.864,0.0,25.5,-115,-115,0.224,0.776,0.5,0.5,UNDER,27.6,0.0,OBSERVED,ZERO_IF_ABSENT,WIN,2026-09-13T15:46:51Z,2026-09-13T16:06:00.382Z,PARTIAL_PLAYER_COVERAGE,CLEAN,
1PM,2026_01_BAL_IND,Rashod Bateman,BAL,Receptions,receiving/receptions,1.136,0.0,1.5,-190,+145,0.308,0.692,0.616148,0.383852,UNDER,30.8148,0.0,OBSERVED,ZERO_IF_ABSENT,WIN,2026-09-13T15:46:51Z,2026-09-13T16:03:17.405Z,PARTIAL_PLAYER_COVERAGE,CLEAN,
1PM,2026_01_BAL_IND,Tyler Warren,IND,Receiving Yards,receiving/receiving_yards,40.559,34.0,47.5,-115,-115,0.336,0.664,0.5,0.5,UNDER,16.4,13.0,OBSERVED,ZERO_IF_ABSENT,WIN,2026-09-13T15:46:51Z,2026-09-13T16:06:00.382Z,PARTIAL_PLAYER_COVERAGE,CLEAN,
1PM,2026_01_BAL_IND,Tyler Warren,IND,Receptions,receiving/receptions,3.753,3.0,4.5,-145,+115,0.335,0.665,0.559946,0.440054,UNDER,22.4946,3.0,OBSERVED,ZERO_IF_ABSENT,WIN,2026-09-13T15:46:51Z,2026-09-13T16:03:17.405Z,PARTIAL_PLAYER_COVERAGE,CLEAN,
1PM,2026_01_BAL_IND,Zay Flowers,BAL,Receiving Yards,receiving/receiving_yards,82.829,75.0,64.5,-115,-115,0.578,0.422,0.5,0.5,OVER,7.8,150.0,OBSERVED,ZERO_IF_ABSENT,WIN,2026-09-13T15:46:51Z,2026-09-13T16:06:00.382Z,PARTIAL_PLAYER_COVERAGE,CLEAN,
1PM,2026_01_BAL_IND,Zay Flowers,BAL,Receptions,receiving/receptions,6.181,6.0,4.5,-160,+120,0.675,0.325,0.575163,0.424837,OVER,9.9837,5.0,OBSERVED,ZERO_IF_ABSENT,WIN,2026-09-13T15:46:51Z,2026-09-13T16:03:17.405Z,PARTIAL_PLAYER_COVERAGE,CLEAN,
1PM,2026_01_BUF_HOU,C.J. Stroud,HOU,Interceptions,qb/int,0.504,0.0,0.5,-125,-105,0.403,0.597,0.520305,0.479695,UNDER,11.7305,0.0,OBSERVED,ZERO_IF_ABSENT,WIN,2026-09-13T16:07:31.584827Z,2026-09-13T16:03:47.396Z,PARTIAL_PLAYER_COVERAGE,CONTAMINATED_QB3,
1PM,2026_01_BUF_HOU,C.J. Stroud,HOU,Pass Attempts,qb/att,30.082,31.0,31.5,-115,-115,0.468,0.532,0.5,0.5,UNDER,3.2,38.0,OBSERVED,ZERO_IF_ABSENT,LOSS,2026-09-13T16:07:31.584827Z,2026-09-13T16:03:47.396Z,PARTIAL_PLAYER_COVERAGE,CONTAMINATED_QB3,
1PM,2026_01_BUF_HOU,C.J. Stroud,HOU,Pass Completions,qb/cmp,19.387,20.0,19.5,-130,+100,0.537,0.463,0.530612,0.469388,OVER,0.6388,26.0,OBSERVED,ZERO_IF_ABSENT,WIN,2026-09-13T16:07:31.584827Z,2026-09-13T16:03:47.396Z,PARTIAL_PLAYER_COVERAGE,CONTAMINATED_QB3,
1PM,2026_01_BUF_HOU,C.J. Stroud,HOU,Passing TDs,qb/ptd,1.327,1.0,1.5,+120,-155,0.383,0.617,0.427852,0.572148,UNDER,4.4852,2.0,OBSERVED,ZERO_IF_ABSENT,LOSS,2026-09-13T16:07:31.584827Z,2026-09-13T16:03:47.396Z,PARTIAL_PLAYER_COVERAGE,CONTAMINATED_QB3,
1PM,2026_01_BUF_HOU,C.J. Stroud,HOU,Passing Yards,qb/pyds,227.9053,226.237,222.5,-115,-115,0.522,0.478,0.5,0.5,OVER,2.2,274.0,OBSERVED,ZERO_IF_ABSENT,WIN,2026-09-13T16:07:31.584827Z,2026-09-13T16:05:43.391Z,PARTIAL_PLAYER_COVERAGE,CONTAMINATED_QB3,
1PM,2026_01_BUF_HOU,C.J. Stroud,HOU,Rushing Yards,,,,10.5,-115,-115,,,,,,,,,,,,2026-09-13T16:05:56.938Z,REFUSED,REFUSED,REFUSED:ESTIMAND_NOT_SCOREABLE | qb/ryds has no exact realised match
1PM,2026_01_BUF_HOU,DJ Moore,BUF,Receiving Yards,,,,48.5,-115,-115,,,,,,,,,,,,2026-09-13T16:06:20.283Z,REFUSED,REFUSED,REFUSED:QUOTE_PLAYER_NOT_ON_BOARD
1PM,2026_01_BUF_HOU,DJ Moore,BUF,Receptions,,,,3.5,-145,+110,,,,,,,,,,,,2026-09-13T16:04:20.539Z,REFUSED,REFUSED,REFUSED:QUOTE_PLAYER_NOT_ON_BOARD
1PM,2026_01_BUF_HOU,Dalton Kincaid,BUF,Receiving Yards,,,,39.5,-115,-115,,,,,,,,,,,,2026-09-13T16:06:20.283Z,REFUSED,REFUSED,REFUSED:QUOTE_PLAYER_NOT_ON_BOARD
1PM,2026_01_BUF_HOU,Dalton Kincaid,BUF,Receptions,,,,3.5,-110,-120,,,,,,,,,,,,2026-09-13T16:04:20.539Z,REFUSED,REFUSED,REFUSED:QUOTE_PLAYER_NOT_ON_BOARD
1PM,2026_01_BUF_HOU,Dalton Schultz,HOU,Receiving Yards,,,,34.5,-115,-115,,,,,,,,,,,,2026-09-13T16:06:20.283Z,REFUSED,REFUSED,REFUSED:QUOTE_PLAYER_NOT_ON_BOARD
1PM,2026_01_BUF_HOU,Dalton Schultz,HOU,Receptions,,,,3.5,-120,-110,,,,,,,,,,,,2026-09-13T16:04:20.539Z,REFUSED,REFUSED,REFUSED:QUOTE_PLAYER_NOT_ON_BOARD
1PM,2026_01_BUF_HOU,David Montgomery,HOU,Receiving Yards,,,,10.5,-120,-110,,,,,,,,,,,,2026-09-13T16:06:20.283Z,REFUSED,REFUSED,REFUSED:QUOTE_PLAYER_NOT_ON_BOARD
1PM,2026_01_BUF_HOU,David Montgomery,HOU,Receptions,,,,1.5,-130,+100,,,,,,,,,,,,2026-09-13T16:04:20.539Z,REFUSED,REFUSED,REFUSED:QUOTE_PLAYER_NOT_ON_BOARD
1PM,2026_01_BUF_HOU,David Montgomery,HOU,Rushing Attempts,,,,13.5,-120,-110,,,,,,,,,,,,2026-09-13T16:04:03.436Z,REFUSED,REFUSED,REFUSED:QUOTE_PLAYER_NOT_ON_BOARD
1PM,2026_01_BUF_HOU,David Montgomery,HOU,Rushing Yards,,,,55.5,-115,-115,,,,,,,,,,,,2026-09-13T16:05:56.938Z,REFUSED,REFUSED,REFUSED:QUOTE_PLAYER_NOT_ON_BOARD
1PM,2026_01_BUF_HOU,Dawson Knox,BUF,Receiving Yards,,,,13.5,-115,-115,,,,,,,,,,,,2026-09-13T16:06:20.283Z,REFUSED,REFUSED,REFUSED:QUOTE_PLAYER_NOT_ON_BOARD
1PM,2026_01_BUF_HOU,Dawson Knox,BUF,Receptions,,,,1.5,+100,-130,,,,,,,,,,,,2026-09-13T16:04:20.539Z,REFUSED,REFUSED,REFUSED:QUOTE_PLAYER_NOT_ON_BOARD
1PM,2026_01_BUF_HOU,James Cook III,BUF,Receiving Yards,,,,19.5,-115,-115,,,,,,,,,,,,2026-09-13T16:06:20.283Z,REFUSED,REFUSED,REFUSED:QUOTE_PLAYER_NOT_ON_BOARD
1PM,2026_01_BUF_HOU,James Cook III,BUF,Receptions,,,,2.5,-130,+100,,,,,,,,,,,,2026-09-13T16:04:20.539Z,REFUSED,REFUSED,REFUSED:QUOTE_PLAYER_NOT_ON_BOARD
1PM,2026_01_BUF_HOU,James Cook III,BUF,Rushing Attempts,,,,16.5,-125,-105,,,,,,,,,,,,2026-09-13T16:04:03.436Z,REFUSED,REFUSED,REFUSED:QUOTE_PLAYER_NOT_ON_BOARD
1PM,2026_01_BUF_HOU,James Cook III,BUF,Rushing Yards,,,,74.5,-115,-115,,,,,,,,,,,,2026-09-13T16:05:56.938Z,REFUSED,REFUSED,REFUSED:QUOTE_PLAYER_NOT_ON_BOARD
1PM,2026_01_BUF_HOU,Jaylin Noel,HOU,Receiving Yards,,,,15.5,-115,-115,,,,,,,,,,,,2026-09-13T16:06:20.283Z,REFUSED,REFUSED,REFUSED:QUOTE_PLAYER_NOT_ON_BOARD
1PM,2026_01_BUF_HOU,Jaylin Noel,HOU,Receptions,,,,1.5,-110,-120,,,,,,,,,,,,2026-09-13T16:04:20.539Z,REFUSED,REFUSED,REFUSED:QUOTE_PLAYER_NOT_ON_BOARD
1PM,2026_01_BUF_HOU,Josh Allen,BUF,Interceptions,qb/int,0.366,0.0,0.5,-125,-105,0.26,0.74,0.520305,0.479695,UNDER,26.0305,0.0,OBSERVED,ZERO_IF_ABSENT,WIN,2026-09-13T16:07:31.584827Z,2026-09-13T16:03:47.396Z,PARTIAL_PLAYER_COVERAGE,CONTAMINATED_QB3,
1PM,2026_01_BUF_HOU,Josh Allen,BUF,Pass Attempts,qb/att,17.58,21.0,30.5,-115,-115,0.279,0.721,0.5,0.5,UNDER,22.1,30.0,OBSERVED,ZERO_IF_ABSENT,WIN,2026-09-13T16:07:31.584827Z,2026-09-13T16:03:47.396Z,PARTIAL_PLAYER_COVERAGE,CONTAMINATED_QB3,
1PM,2026_01_BUF_HOU,Josh Allen,BUF,Pass Completions,qb/cmp,11.595,13.0,19.5,-120,-110,0.304,0.696,0.510121,0.489879,UNDER,20.6121,20.0,OBSERVED,ZERO_IF_ABSENT,LOSS,2026-09-13T16:07:31.584827Z,2026-09-13T16:03:47.396Z,PARTIAL_PLAYER_COVERAGE,CONTAMINATED_QB3,
1PM,2026_01_BUF_HOU,Josh Allen,BUF,Passing TDs,qb/ptd,0.982,0.0,1.5,+145,-195,0.288,0.712,0.381753,0.618247,UNDER,9.3753,2.0,OBSERVED,ZERO_IF_ABSENT,LOSS,2026-09-13T16:07:31.584827Z,2026-09-13T16:03:47.396Z,PARTIAL_PLAYER_COVERAGE,CONTAMINATED_QB3,
1PM,2026_01_BUF_HOU,Josh Allen,BUF,Passing Yards,qb/pyds,135.451,139.1167,223.5,-115,-115,0.288,0.712,0.5,0.5,UNDER,21.2,334.0,OBSERVED,ZERO_IF_ABSENT,LOSS,2026-09-13T16:07:31.584827Z,2026-09-13T16:05:43.391Z,PARTIAL_PLAYER_COVERAGE,CONTAMINATED_QB3,
1PM,2026_01_BUF_HOU,Josh Allen,BUF,Rushing Attempts,,,,6.5,-115,-115,,,,,,,,,,,,2026-09-13T16:04:03.436Z,REFUSED,REFUSED,REFUSED:ESTIMAND_NOT_SCOREABLE | qb/rush_opp has no exact realised match
1PM,2026_01_BUF_HOU,Josh Allen,BUF,Rushing Yards,,,,31.5,-115,-115,,,,,,,,,,,,2026-09-13T16:05:56.938Z,REFUSED,REFUSED,REFUSED:ESTIMAND_NOT_SCOREABLE | qb/ryds has no exact realised match
1PM,2026_01_BUF_HOU,Joshua Palmer,BUF,Receiving Yards,,,,12.5,-115,-115,,,,,,,,,,,,2026-09-13T16:06:20.283Z,REFUSED,REFUSED,REFUSED:QUOTE_PLAYER_NOT_ON_BOARD
1PM,2026_01_BUF_HOU,Joshua Palmer,BUF,Receptions,,,,1.5,+155,-210,,,,,,,,,,,,2026-09-13T16:04:20.539Z,REFUSED,REFUSED,REFUSED:QUOTE_PLAYER_NOT_ON_BOARD
1PM,2026_01_BUF_HOU,Kayshon Boutte,HOU,Receiving Yards,,,,20.5,-120,-110,,,,,,,,,,,,2026-09-13T16:06:20.283Z,REFUSED,REFUSED,REFUSED:QUOTE_PLAYER_NOT_ON_BOARD
1PM,2026_01_BUF_HOU,Kayshon Boutte,HOU,Receptions,,,,1.5,-155,+115,,,,,,,,,,,,2026-09-13T16:04:20.539Z,REFUSED,REFUSED,REFUSED:QUOTE_PLAYER_NOT_ON_BOARD
1PM,2026_01_BUF_HOU,Keon Coleman,BUF,Receiving Yards,,,,11.5,-115,-115,,,,,,,,,,,,2026-09-13T16:06:20.283Z,REFUSED,REFUSED,REFUSED:QUOTE_PLAYER_NOT_ON_BOARD
1PM,2026_01_BUF_HOU,Keon Coleman,BUF,Receptions,,,,1.5,+165,-230,,,,,,,,,,,,2026-09-13T16:04:20.539Z,REFUSED,REFUSED,REFUSED:QUOTE_PLAYER_NOT_ON_BOARD
1PM,2026_01_BUF_HOU,Khalil Shakir,BUF,Receiving Yards,,,,36.5,-115,-115,,,,,,,,,,,,2026-09-13T16:06:20.283Z,REFUSED,REFUSED,REFUSED:QUOTE_PLAYER_NOT_ON_BOARD
1PM,2026_01_BUF_HOU,Khalil Shakir,BUF,Receptions,,,,3.5,-130,+100,,,,,,,,,,,,2026-09-13T16:04:20.539Z,REFUSED,REFUSED,REFUSED:QUOTE_PLAYER_NOT_ON_BOARD
1PM,2026_01_BUF_HOU,Nico Collins,HOU,Receiving Yards,,,,70.5,-115,-115,,,,,,,,,,,,2026-09-13T16:06:20.283Z,REFUSED,REFUSED,REFUSED:QUOTE_PLAYER_NOT_ON_BOARD
1PM,2026_01_BUF_HOU,Nico Collins,HOU,Receptions,,,,5.5,+115,-145,,,,,,,,,,,,2026-09-13T16:04:20.539Z,REFUSED,REFUSED,REFUSED:QUOTE_PLAYER_NOT_ON_BOARD
1PM,2026_01_BUF_HOU,Woody Marks,HOU,Receiving Yards,,,,9.5,-110,-120,,,,,,,,,,,,2026-09-13T16:06:20.283Z,REFUSED,REFUSED,REFUSED:QUOTE_PLAYER_NOT_ON_BOARD
1PM,2026_01_BUF_HOU,Woody Marks,HOU,Receptions,,,,1.5,-110,-120,,,,,,,,,,,,2026-09-13T16:04:20.539Z,REFUSED,REFUSED,REFUSED:QUOTE_PLAYER_NOT_ON_BOARD
1PM,2026_01_BUF_HOU,Woody Marks,HOU,Rushing Attempts,,,,7.5,-105,-125,,,,,,,,,,,,2026-09-13T16:04:03.436Z,REFUSED,REFUSED,REFUSED:QUOTE_PLAYER_NOT_ON_BOARD
1PM,2026_01_BUF_HOU,Woody Marks,HOU,Rushing Yards,,,,26.5,-115,-115,,,,,,,,,,,,2026-09-13T16:05:56.938Z,REFUSED,REFUSED,REFUSED:QUOTE_PLAYER_NOT_ON_BOARD
1PM,2026_01_BUF_HOU,Xavier Hutchinson,HOU,Receiving Yards,,,,17.5,-115,-115,,,,,,,,,,,,2026-09-13T16:06:20.283Z,REFUSED,REFUSED,REFUSED:QUOTE_PLAYER_NOT_ON_BOARD
1PM,2026_01_BUF_HOU,Xavier Hutchinson,HOU,Receptions,,,,1.5,-155,+115,,,,,,,,,,,,2026-09-13T16:04:20.539Z,REFUSED,REFUSED,REFUSED:QUOTE_PLAYER_NOT_ON_BOARD
1PM,2026_01_CHI_CAR,Bryce Young,CAR,Interceptions,qb/int,0.541,0.0,0.5,+100,-130,0.4,0.6,0.469388,0.530612,UNDER,6.9388,1.0,OBSERVED,ZERO_IF_ABSENT,LOSS,2026-09-13T15:46:51Z,2026-09-13T16:02:32.640Z,PARTIAL_PLAYER_COVERAGE,CONTAMINATED_QB3,
1PM,2026_01_CHI_CAR,Bryce Young,CAR,Pass Attempts,qb/att,26.542,28.0,30.5,-115,-115,0.346,0.654,0.5,0.5,UNDER,15.4,37.0,OBSERVED,ZERO_IF_ABSENT,LOSS,2026-09-13T15:46:51Z,2026-09-13T16:02:32.640Z,PARTIAL_PLAYER_COVERAGE,CONTAMINATED_QB3,
1PM,2026_01_CHI_CAR,Bryce Young,CAR,Pass Completions,qb/cmp,16.547,17.0,19.5,-120,-110,0.306,0.694,0.510121,0.489879,UNDER,20.4121,23.0,OBSERVED,ZERO_IF_ABSENT,LOSS,2026-09-13T15:46:51Z,2026-09-13T16:02:32.640Z,PARTIAL_PLAYER_COVERAGE,CONTAMINATED_QB3,
1PM,2026_01_CHI_CAR,Bryce Young,CAR,Passing TDs,qb/ptd,0.981,1.0,1.5,+110,-145,0.256,0.744,0.44586,0.55414,UNDER,18.986,3.0,OBSERVED,ZERO_IF_ABSENT,LOSS,2026-09-13T15:46:51Z,2026-09-13T16:02:32.640Z,PARTIAL_PLAYER_COVERAGE,CONTAMINATED_QB3,
1PM,2026_01_CHI_CAR,Bryce Young,CAR,Passing Yards,qb/pyds,157.6844,160.82,210.5,-115,-115,0.25,0.75,0.5,0.5,UNDER,25.0,361.0,OBSERVED,ZERO_IF_ABSENT,LOSS,2026-09-13T15:46:51Z,2026-09-13T16:05:36.801Z,PARTIAL_PLAYER_COVERAGE,CONTAMINATED_QB3,
1PM,2026_01_CHI_CAR,Bryce Young,CAR,Rushing Attempts,,,,3.5,+115,-150,,,,,,,,,,,,2026-09-13T16:02:49.844Z,REFUSED,REFUSED,REFUSED:ESTIMAND_NOT_SCOREABLE | qb/rush_opp has no exact realised match
1PM,2026_01_CHI_CAR,Bryce Young,CAR,Rushing Yards,,,,13.5,-120,-110,,,,,,,,,,,,2026-09-13T16:05:47.732Z,REFUSED,REFUSED,REFUSED:ESTIMAND_NOT_SCOREABLE | qb/ryds has no exact realised match
1PM,2026_01_CHI_CAR,Caleb Williams,CHI,Interceptions,qb/int,0.385,0.0,0.5,+120,-155,0.314,0.686,0.427852,0.572148,UNDER,11.3852,0.0,OBSERVED,ZERO_IF_ABSENT,WIN,2026-09-13T15:46:51Z,2026-09-13T16:02:32.640Z,PARTIAL_PLAYER_COVERAGE,CONTAMINATED_QB3,
1PM,2026_01_CHI_CAR,Caleb Williams,CHI,Pass Attempts,qb/att,29.124,32.0,32.5,-115,-115,0.455,0.545,0.5,0.5,UNDER,4.5,29.0,OBSERVED,ZERO_IF_ABSENT,WIN,2026-09-13T15:46:51Z,2026-09-13T16:02:32.640Z,PARTIAL_PLAYER_COVERAGE,CONTAMINATED_QB3,
1PM,2026_01_CHI_CAR,Caleb Williams,CHI,Pass Completions,qb/cmp,17.778,19.0,20.5,+100,-130,0.355,0.645,0.469388,0.530612,UNDER,11.4388,21.0,OBSERVED,ZERO_IF_ABSENT,LOSS,2026-09-13T15:46:51Z,2026-09-13T16:02:32.640Z,PARTIAL_PLAYER_COVERAGE,CONTAMINATED_QB3,
1PM,2026_01_CHI_CAR,Caleb Williams,CHI,Passing TDs,qb/ptd,1.254,1.0,1.5,-115,-115,0.366,0.634,0.5,0.5,UNDER,13.4,2.0,OBSERVED,ZERO_IF_ABSENT,LOSS,2026-09-13T15:46:51Z,2026-09-13T16:02:32.640Z,PARTIAL_PLAYER_COVERAGE,CONTAMINATED_QB3,
1PM,2026_01_CHI_CAR,Caleb Williams,CHI,Passing Yards,qb/pyds,194.4828,197.1658,226.5,-115,-115,0.352,0.648,0.5,0.5,UNDER,14.8,269.0,OBSERVED,ZERO_IF_ABSENT,LOSS,2026-09-13T15:46:51Z,2026-09-13T16:05:36.801Z,PARTIAL_PLAYER_COVERAGE,CONTAMINATED_QB3,
1PM,2026_01_CHI_CAR,Caleb Williams,CHI,Rushing Attempts,,,,3.5,-135,+105,,,,,,,,,,,,2026-09-13T16:02:49.844Z,REFUSED,REFUSED,REFUSED:ESTIMAND_NOT_SCOREABLE | qb/rush_opp has no exact realised match
1PM,2026_01_CHI_CAR,Caleb Williams,CHI,Rushing Yards,,,,19.5,-120,-110,,,,,,,,,,,,2026-09-13T16:05:47.732Z,REFUSED,REFUSED,REFUSED:ESTIMAND_NOT_SCOREABLE | qb/ryds has no exact realised match
1PM,2026_01_CHI_CAR,Chuba Hubbard,CAR,Receiving Yards,,,,9.5,-115,-115,,,,,,,,,,,,2026-09-13T16:06:01.765Z,REFUSED,REFUSED,REFUSED:QUOTE_PLAYER_NOT_ON_BOARD
1PM,2026_01_CHI_CAR,Chuba Hubbard,CAR,Receptions,,,,1.5,-155,+120,,,,,,,,,,,,2026-09-13T16:03:19.026Z,REFUSED,REFUSED,REFUSED:QUOTE_PLAYER_NOT_ON_BOARD
1PM,2026_01_CHI_CAR,Chuba Hubbard,CAR,Rushing Attempts,,,,12.5,-125,-105,,,,,,,,,,,,2026-09-13T16:02:49.844Z,REFUSED,REFUSED,REFUSED:QUOTE_PLAYER_NOT_ON_BOARD
1PM,2026_01_CHI_CAR,Chuba Hubbard,CAR,Rushing Yards,,,,50.5,-115,-115,,,,,,,,,,,,2026-09-13T16:05:47.732Z,REFUSED,REFUSED,REFUSED:QUOTE_PLAYER_NOT_ON_BOARD
1PM,2026_01_CHI_CAR,Cole Kmet,CHI,Receiving Yards,,,,13.5,-115,-115,,,,,,,,,,,,2026-09-13T16:06:01.765Z,REFUSED,REFUSED,REFUSED:QUOTE_PLAYER_NOT_ON_BOARD
1PM,2026_01_CHI_CAR,Cole Kmet,CHI,Receptions,,,,1.5,-120,-110,,,,,,,,,,,,2026-09-13T16:03:19.026Z,REFUSED,REFUSED,REFUSED:QUOTE_PLAYER_NOT_ON_BOARD
1PM,2026_01_CHI_CAR,Colston Loveland,CHI,Receiving Yards,,,,54.5,-120,-110,,,,,,,,,,,,2026-09-13T16:06:01.765Z,REFUSED,REFUSED,REFUSED:QUOTE_PLAYER_NOT_ON_BOARD
1PM,2026_01_CHI_CAR,Colston Loveland,CHI,Receptions,,,,4.5,-130,+100,,,,,,,,,,,,2026-09-13T16:03:19.026Z,REFUSED,REFUSED,REFUSED:QUOTE_PLAYER_NOT_ON_BOARD
1PM,2026_01_CHI_CAR,D'Andre Swift,CHI,Receiving Yards,,,,13.5,-115,-115,,,,,,,,,,,,2026-09-13T16:06:01.765Z,REFUSED,REFUSED,REFUSED:QUOTE_PLAYER_NOT_ON_BOARD
1PM,2026_01_CHI_CAR,D'Andre Swift,CHI,Receptions,,,,1.5,-165,+125,,,,,,,,,,,,2026-09-13T16:03:19.026Z,REFUSED,REFUSED,REFUSED:QUOTE_PLAYER_NOT_ON_BOARD
1PM,2026_01_CHI_CAR,D'Andre Swift,CHI,Rushing Attempts,,,,13.5,-120,-110,,,,,,,,,,,,2026-09-13T16:02:49.844Z,REFUSED,REFUSED,REFUSED:QUOTE_PLAYER_NOT_ON_BOARD
1PM,2026_01_CHI_CAR,D'Andre Swift,CHI,Rushing Yards,,,,60.5,-115,-115,,,,,,,,,,,,2026-09-13T16:05:47.732Z,REFUSED,REFUSED,REFUSED:QUOTE_PLAYER_NOT_ON_BOARD
1PM,2026_01_CHI_CAR,Darren Waller,CAR,Receiving Yards,,,,16.5,-115,-115,,,,,,,,,,,,2026-09-13T16:06:01.765Z,REFUSED,REFUSED,REFUSED:QUOTE_PLAYER_NOT_ON_BOARD
1PM,2026_01_CHI_CAR,Darren Waller,CAR,Receptions,,,,1.5,-180,+135,,,,,,,,,,,,2026-09-13T16:03:19.026Z,REFUSED,REFUSED,REFUSED:QUOTE_PLAYER_NOT_ON_BOARD
1PM,2026_01_CHI_CAR,Jalen Coker,CAR,Receiving Yards,,,,41.5,-115,-115,,,,,,,,,,,,2026-09-13T16:06:01.765Z,REFUSED,REFUSED,REFUSED:QUOTE_PLAYER_NOT_ON_BOARD
1PM,2026_01_CHI_CAR,Jalen Coker,CAR,Receptions,,,,3.5,-130,+100,,,,,,,,,,,,2026-09-13T16:03:19.026Z,REFUSED,REFUSED,REFUSED:QUOTE_PLAYER_NOT_ON_BOARD
1PM,2026_01_CHI_CAR,Jonathon Brooks,CAR,Receiving Yards,,,,9.5,-115,-115,,,,,,,,,,,,2026-09-13T16:06:01.765Z,REFUSED,REFUSED,REFUSED:QUOTE_PLAYER_NOT_ON_BOARD
1PM,2026_01_CHI_CAR,Jonathon Brooks,CAR,Receptions,,,,1.5,-115,-115,,,,,,,,,,,,2026-09-13T16:03:19.026Z,REFUSED,REFUSED,REFUSED:QUOTE_PLAYER_NOT_ON_BOARD
1PM,2026_01_CHI_CAR,Jonathon Brooks,CAR,Rushing Attempts,,,,7.5,-125,-105,,,,,,,,,,,,2026-09-13T16:02:49.844Z,REFUSED,REFUSED,REFUSED:QUOTE_PLAYER_NOT_ON_BOARD
1PM,2026_01_CHI_CAR,Jonathon Brooks,CAR,Rushing Yards,,,,26.5,-115,-115,,,,,,,,,,,,2026-09-13T16:05:47.732Z,REFUSED,REFUSED,REFUSED:QUOTE_PLAYER_NOT_ON_BOARD
1PM,2026_01_CHI_CAR,Kalif Raymond,CHI,Receiving Yards,,,,14.5,-115,-115,,,,,,,,,,,,2026-09-13T16:06:01.765Z,REFUSED,REFUSED,REFUSED:QUOTE_PLAYER_NOT_ON_BOARD
1PM,2026_01_CHI_CAR,Kalif Raymond,CHI,Receptions,,,,1.5,-115,-115,,,,,,,,,,,,2026-09-13T16:03:19.026Z,REFUSED,REFUSED,REFUSED:QUOTE_PLAYER_NOT_ON_BOARD
1PM,2026_01_CHI_CAR,Kyle Monangai,CHI,Receiving Yards,,,,5.5,-120,-110,,,,,,,,,,,,2026-09-13T16:06:01.765Z,REFUSED,REFUSED,REFUSED:QUOTE_PLAYER_NOT_ON_BOARD
1PM,2026_01_CHI_CAR,Kyle Monangai,CHI,Receptions,,,,1.5,+175,-250,,,,,,,,,,,,2026-09-13T16:03:19.026Z,REFUSED,REFUSED,REFUSED:QUOTE_PLAYER_NOT_ON_BOARD
1PM,2026_01_CHI_CAR,Kyle Monangai,CHI,Rushing Attempts,,,,7.5,-125,-105,,,,,,,,,,,,2026-09-13T16:02:49.844Z,REFUSED,REFUSED,REFUSED:QUOTE_PLAYER_NOT_ON_BOARD
1PM,2026_01_CHI_CAR,Kyle Monangai,CHI,Rushing Yards,,,,31.5,-115,-115,,,,,,,,,,,,2026-09-13T16:05:47.732Z,REFUSED,REFUSED,REFUSED:QUOTE_PLAYER_NOT_ON_BOARD
1PM,2026_01_CHI_CAR,Luther Burden III,CHI,Receiving Yards,,,,58.5,-115,-115,,,,,,,,,,,,2026-09-13T16:06:01.765Z,REFUSED,REFUSED,REFUSED:QUOTE_PLAYER_NOT_ON_BOARD
1PM,2026_01_CHI_CAR,Luther Burden III,CHI,Receptions,,,,4.5,-135,+105,,,,,,,,,,,,2026-09-13T16:03:19.026Z,REFUSED,REFUSED,REFUSED:QUOTE_PLAYER_NOT_ON_BOARD
1PM,2026_01_CHI_CAR,Rome Odunze,CHI,Receiving Yards,,,,39.5,-115,-115,,,,,,,,,,,,2026-09-13T16:06:01.765Z,REFUSED,REFUSED,REFUSED:QUOTE_PLAYER_NOT_ON_BOARD
1PM,2026_01_CHI_CAR,Rome Odunze,CHI,Receptions,,,,3.5,+130,-170,,,,,,,,,,,,2026-09-13T16:03:19.026Z,REFUSED,REFUSED,REFUSED:QUOTE_PLAYER_NOT_ON_BOARD
1PM,2026_01_CHI_CAR,Tetairoa McMillan,CAR,Receiving Yards,,,,62.5,-115,-115,,,,,,,,,,,,2026-09-13T16:06:01.765Z,REFUSED,REFUSED,REFUSED:QUOTE_PLAYER_NOT_ON_BOARD
1PM,2026_01_CHI_CAR,Tetairoa McMillan,CAR,Receptions,,,,4.5,-120,-110,,,,,,,,,,,,2026-09-13T16:03:19.026Z,REFUSED,REFUSED,REFUSED:QUOTE_PLAYER_NOT_ON_BOARD
1PM,2026_01_CHI_CAR,Tommy Tremble,CAR,Receiving Yards,,,,11.5,-110,-120,,,,,,,,,,,,2026-09-13T16:06:01.765Z,REFUSED,REFUSED,REFUSED:QUOTE_PLAYER_NOT_ON_BOARD
1PM,2026_01_CHI_CAR,Tommy Tremble,CAR,Receptions,,,,1.5,+110,-145,,,,,,,,,,,,2026-09-13T16:03:19.026Z,REFUSED,REFUSED,REFUSED:QUOTE_PLAYER_NOT_ON_BOARD
1PM,2026_01_CHI_CAR,Xavier Legette,CAR,Receiving Yards,,,,18.5,-115,-115,,,,,,,,,,,,2026-09-13T16:06:01.765Z,REFUSED,REFUSED,REFUSED:QUOTE_PLAYER_NOT_ON_BOARD
1PM,2026_01_CHI_CAR,Xavier Legette,CAR,Receptions,,,,2.5,+140,-190,,,,,,,,,,,,2026-09-13T16:03:19.026Z,REFUSED,REFUSED,REFUSED:QUOTE_PLAYER_NOT_ON_BOARD
1PM,2026_01_CLE_JAX,Bhayshul Tuten,JAX,Receiving Yards,,,,11.5,-115,-115,,,,,,,,,,,,2026-09-13T16:05:56.926Z,REFUSED,REFUSED,REFUSED:QUOTE_PLAYER_NOT_ON_BOARD
1PM,2026_01_CLE_JAX,Bhayshul Tuten,JAX,Receptions,,,,1.5,-155,+120,,,,,,,,,,,,2026-09-13T16:03:16.087Z,REFUSED,REFUSED,REFUSED:QUOTE_PLAYER_NOT_ON_BOARD
1PM,2026_01_CLE_JAX,Bhayshul Tuten,JAX,Rushing Attempts,,,,11.5,-125,-105,,,,,,,,,,,,2026-09-13T16:02:49.841Z,REFUSED,REFUSED,REFUSED:QUOTE_PLAYER_NOT_ON_BOARD
1PM,2026_01_CLE_JAX,Bhayshul Tuten,JAX,Rushing Yards,,,,44.5,-115,-115,,,,,,,,,,,,2026-09-13T16:05:44.246Z,REFUSED,REFUSED,REFUSED:QUOTE_PLAYER_NOT_ON_BOARD
1PM,2026_01_CLE_JAX,Brenton Strange,JAX,Receiving Yards,,,,35.5,-115,-115,,,,,,,,,,,,2026-09-13T16:05:56.926Z,REFUSED,REFUSED,REFUSED:QUOTE_PLAYER_NOT_ON_BOARD
1PM,2026_01_CLE_JAX,Brenton Strange,JAX,Receptions,,,,3.5,+100,-130,,,,,,,,,,,,2026-09-13T16:03:16.087Z,REFUSED,REFUSED,REFUSED:QUOTE_PLAYER_NOT_ON_BOARD
1PM,2026_01_CLE_JAX,Brian Thomas Jr.,JAX,Receiving Yards,,,,39.5,-115,-115,,,,,,,,,,,,2026-09-13T16:05:56.926Z,REFUSED,REFUSED,REFUSED:QUOTE_PLAYER_NOT_ON_BOARD
1PM,2026_01_CLE_JAX,Brian Thomas Jr.,JAX,Receptions,,,,2.5,-170,+130,,,,,,,,,,,,2026-09-13T16:03:16.087Z,REFUSED,REFUSED,REFUSED:QUOTE_PLAYER_NOT_ON_BOARD
1PM,2026_01_CLE_JAX,Chris Rodriguez Jr.,JAX,Rushing Attempts,,,,9.5,-115,-115,,,,,,,,,,,,2026-09-13T16:02:49.841Z,REFUSED,REFUSED,REFUSED:QUOTE_PLAYER_NOT_ON_BOARD
1PM,2026_01_CLE_JAX,Chris Rodriguez Jr.,JAX,Rushing Yards,,,,37.5,-115,-115,,,,,,,,,,,,2026-09-13T16:05:44.246Z,REFUSED,REFUSED,REFUSED:QUOTE_PLAYER_NOT_ON_BOARD
1PM,2026_01_CLE_JAX,Denzel Boston,CLE,Receiving Yards,,,,24.5,-120,-110,,,,,,,,,,,,2026-09-13T16:05:56.926Z,REFUSED,REFUSED,REFUSED:QUOTE_PLAYER_NOT_ON_BOARD
1PM,2026_01_CLE_JAX,Denzel Boston,CLE,Receptions,,,,2.5,+110,-140,,,,,,,,,,,,2026-09-13T16:03:16.087Z,REFUSED,REFUSED,REFUSED:QUOTE_PLAYER_NOT_ON_BOARD
1PM,2026_01_CLE_JAX,Deshaun Watson,CLE,Interceptions,qb/int,0.203,0.0,0.5,-150,+115,0.159,0.841,0.563319,0.436681,UNDER,40.4319,1.0,OBSERVED,ZERO_IF_ABSENT,LOSS,2026-09-13T15:46:51Z,2026-09-13T16:02:32.877Z,PARTIAL_PLAYER_COVERAGE,CONTAMINATED_QB3,
1PM,2026_01_CLE_JAX,Deshaun Watson,CLE,Pass Attempts,qb/att,13.024,6.5,30.5,-115,-115,0.173,0.827,0.5,0.5,UNDER,32.7,22.0,OBSERVED,ZERO_IF_ABSENT,WIN,2026-09-13T15:46:51Z,2026-09-13T16:02:32.877Z,PARTIAL_PLAYER_COVERAGE,CONTAMINATED_QB3,
1PM,2026_01_CLE_JAX,Deshaun Watson,CLE,Pass Completions,qb/cmp,8.64,4.0,18.5,-115,-115,0.228,0.772,0.5,0.5,UNDER,27.2,16.0,OBSERVED,ZERO_IF_ABSENT,WIN,2026-09-13T15:46:51Z,2026-09-13T16:02:32.877Z,PARTIAL_PLAYER_COVERAGE,CONTAMINATED_QB3,
1PM,2026_01_CLE_JAX,Deshaun Watson,CLE,Passing TDs,qb/ptd,0.64,0.0,0.5,-180,+135,0.35,0.65,0.601707,0.398293,UNDER,25.1707,1.0,OBSERVED,ZERO_IF_ABSENT,LOSS,2026-09-13T15:46:51Z,2026-09-13T16:02:32.877Z,PARTIAL_PLAYER_COVERAGE,CONTAMINATED_QB3,
1PM,2026_01_CLE_JAX,Deshaun Watson,CLE,Passing Yards,qb/pyds,97.0813,37.0,178.5,-115,-115,0.256,0.744,0.5,0.5,UNDER,24.4,205.0,OBSERVED,ZERO_IF_ABSENT,LOSS,2026-09-13T15:46:51Z,2026-09-13T16:05:33.641Z,PARTIAL_PLAYER_COVERAGE,CONTAMINATED_QB3,
1PM,2026_01_CLE_JAX,Deshaun Watson,CLE,Rushing Attempts,,,,4.5,+110,-145,,,,,,,,,,,,2026-09-13T16:02:49.841Z,REFUSED,REFUSED,REFUSED:ESTIMAND_NOT_SCOREABLE | qb/rush_opp has no exact realised match
1PM,2026_01_CLE_JAX,Deshaun Watson,CLE,Rushing Yards,,,,16.5,-115,-115,,,,,,,,,,,,2026-09-13T16:05:44.246Z,REFUSED,REFUSED,REFUSED:ESTIMAND_NOT_SCOREABLE | qb/ryds has no exact realised match
1PM,2026_01_CLE_JAX,Dylan Sampson,CLE,Receiving Yards,,,,8.5,-115,-115,,,,,,,,,,,,2026-09-13T16:05:56.926Z,REFUSED,REFUSED,REFUSED:QUOTE_PLAYER_NOT_ON_BOARD
1PM,2026_01_CLE_JAX,Harold Fannin Jr.,CLE,Receiving Yards,,,,37.5,-115,-115,,,,,,,,,,,,2026-09-13T16:05:56.926Z,REFUSED,REFUSED,REFUSED:QUOTE_PLAYER_NOT_ON_BOARD
1PM,2026_01_CLE_JAX,Harold Fannin Jr.,CLE,Receptions,,,,3.5,-165,+125,,,,,,,,,,,,2026-09-13T16:03:16.087Z,REFUSED,REFUSED,REFUSED:QUOTE_PLAYER_NOT_ON_BOARD
1PM,2026_01_CLE_JAX,Jakobi Meyers,JAX,Receiving Yards,,,,37.5,-115,-115,,,,,,,,,,,,2026-09-13T16:05:56.926Z,REFUSED,REFUSED,REFUSED:QUOTE_PLAYER_NOT_ON_BOARD
1PM,2026_01_CLE_JAX,Jakobi Meyers,JAX,Receptions,,,,3.5,-115,-115,,,,,,,,,,,,2026-09-13T16:03:16.087Z,REFUSED,REFUSED,REFUSED:QUOTE_PLAYER_NOT_ON_BOARD
1PM,2026_01_CLE_JAX,Jerry Jeudy,CLE,Receiving Yards,,,,29.5,-115,-115,,,,,,,,,,,,2026-09-13T16:05:56.926Z,REFUSED,REFUSED,REFUSED:QUOTE_PLAYER_NOT_ON_BOARD
1PM,2026_01_CLE_JAX,Jerry Jeudy,CLE,Receptions,,,,2.5,-165,+125,,,,,,,,,,,,2026-09-13T16:03:16.087Z,REFUSED,REFUSED,REFUSED:QUOTE_PLAYER_NOT_ON_BOARD
1PM,2026_01_CLE_JAX,Parker Washington,JAX,Receiving Yards,,,,54.5,-115,-115,,,,,,,,,,,,2026-09-13T16:05:56.926Z,REFUSED,REFUSED,REFUSED:QUOTE_PLAYER_NOT_ON_BOARD
1PM,2026_01_CLE_JAX,Parker Washington,JAX,Receptions,,,,4.5,+115,-150,,,,,,,,,,,,2026-09-13T16:03:16.087Z,REFUSED,REFUSED,REFUSED:QUOTE_PLAYER_NOT_ON_BOARD
1PM,2026_01_CLE_JAX,Quinshon Judkins,CLE,Receiving Yards,,,,9.5,-115,-115,,,,,,,,,,,,2026-09-13T16:05:56.926Z,REFUSED,REFUSED,REFUSED:QUOTE_PLAYER_NOT_ON_BOARD
1PM,2026_01_CLE_JAX,Quinshon Judkins,CLE,Receptions,,,,1.5,-135,+105,,,,,,,,,,,,2026-09-13T16:03:16.087Z,REFUSED,REFUSED,REFUSED:QUOTE_PLAYER_NOT_ON_BOARD
1PM,2026_01_CLE_JAX,Quinshon Judkins,CLE,Rushing Attempts,,,,15.5,-115,-115,,,,,,,,,,,,2026-09-13T16:02:49.841Z,REFUSED,REFUSED,REFUSED:QUOTE_PLAYER_NOT_ON_BOARD
1PM,2026_01_CLE_JAX,Quinshon Judkins,CLE,Rushing Yards,,,,56.5,-115,-115,,,,,,,,,,,,2026-09-13T16:05:44.246Z,REFUSED,REFUSED,REFUSED:QUOTE_PLAYER_NOT_ON_BOARD
1PM,2026_01_CLE_JAX,Trevor Lawrence,JAX,Interceptions,qb/int,0.667,0.0,0.5,+105,-135,0.48,0.52,0.459209,0.540791,OVER,2.0791,0.0,OBSERVED,ZERO_IF_ABSENT,LOSS,2026-09-13T15:46:51Z,2026-09-13T16:02:32.877Z,PARTIAL_PLAYER_COVERAGE,CONTAMINATED_QB3,
1PM,2026_01_CLE_JAX,Trevor Lawrence,JAX,Pass Attempts,qb/att,29.071,30.0,31.5,-120,-110,0.435,0.565,0.510121,0.489879,UNDER,7.5121,23.0,OBSERVED,ZERO_IF_ABSENT,WIN,2026-09-13T15:46:51Z,2026-09-13T16:02:32.877Z,PARTIAL_PLAYER_COVERAGE,CONTAMINATED_QB3,
1PM,2026_01_CLE_JAX,Trevor Lawrence,JAX,Pass Completions,qb/cmp,18.43,19.0,20.5,-110,-120,0.408,0.592,0.489879,0.510121,UNDER,8.1879,18.0,OBSERVED,ZERO_IF_ABSENT,WIN,2026-09-13T15:46:51Z,2026-09-13T16:02:32.877Z,PARTIAL_PLAYER_COVERAGE,CONTAMINATED_QB3,
1PM,2026_01_CLE_JAX,Trevor Lawrence,JAX,Passing TDs,qb/ptd,1.105,1.0,1.5,-110,-120,0.306,0.694,0.489879,0.510121,UNDER,18.3879,4.0,OBSERVED,ZERO_IF_ABSENT,LOSS,2026-09-13T15:46:51Z,2026-09-13T16:02:32.877Z,PARTIAL_PLAYER_COVERAGE,CONTAMINATED_QB3,
1PM,2026_01_CLE_JAX,Trevor Lawrence,JAX,Passing Yards,qb/pyds,202.5161,206.1026,228.5,-115,-115,0.387,0.613,0.5,0.5,UNDER,11.3,245.0,OBSERVED,ZERO_IF_ABSENT,LOSS,2026-09-13T15:46:51Z,2026-09-13T16:05:33.641Z,PARTIAL_PLAYER_COVERAGE,CONTAMINATED_QB3,
1PM,2026_01_CLE_JAX,Trevor Lawrence,JAX,Rushing Attempts,,,,4.5,-125,-105,,,,,,,,,,,,2026-09-13T16:02:49.841Z,REFUSED,REFUSED,REFUSED:ESTIMAND_NOT_SCOREABLE | qb/rush_opp has no exact realised match
1PM,2026_01_CLE_JAX,Trevor Lawrence,JAX,Rushing Yards,,,,17.5,-110,-120,,,,,,,,,,,,2026-09-13T16:05:44.246Z,REFUSED,REFUSED,REFUSED:ESTIMAND_NOT_SCOREABLE | qb/ryds has no exact realised match
1PM,2026_01_NO_DET,Amon-Ra St. Brown,DET,Receiving Yards,receiving/receiving_yards,75.894,69.0,78.5,-115,-115,0.415,0.585,0.5,0.5,UNDER,8.5,67.0,OBSERVED,ZERO_IF_ABSENT,WIN,2026-09-13T16:13:33.450638Z,2026-09-13T16:06:01.452Z,PARTIAL_PLAYER_COVERAGE,CLEAN,
1PM,2026_01_NO_DET,Amon-Ra St. Brown,DET,Receptions,receiving/receptions,6.535,6.0,6.5,-115,-115,0.465,0.535,0.5,0.5,UNDER,3.5,10.0,OBSERVED,ZERO_IF_ABSENT,LOSS,2026-09-13T16:13:33.450638Z,2026-09-13T16:03:16.052Z,PARTIAL_PLAYER_COVERAGE,CLEAN,
1PM,2026_01_NO_DET,Chris Olave,NO,Receiving Yards,receiving/receiving_yards,59.364,53.0,77.5,-115,-115,0.31,0.69,0.5,0.5,UNDER,19.0,182.0,OBSERVED,ZERO_IF_ABSENT,LOSS,2026-09-13T16:13:33.450638Z,2026-09-13T16:06:01.452Z,PARTIAL_PLAYER_COVERAGE,CLEAN,
1PM,2026_01_NO_DET,Chris Olave,NO,Receptions,receiving/receptions,4.598,4.0,6.5,+110,-140,0.269,0.731,0.449438,0.550562,UNDER,18.0438,10.0,OBSERVED,ZERO_IF_ABSENT,LOSS,2026-09-13T16:13:33.450638Z,2026-09-13T16:03:16.052Z,PARTIAL_PLAYER_COVERAGE,CLEAN,
1PM,2026_01_NO_DET,Devaughn Vele,NO,Receiving Yards,receiving/receiving_yards,35.963,29.0,40.5,-115,-115,0.371,0.629,0.5,0.5,UNDER,12.9,69.0,OBSERVED,ZERO_IF_ABSENT,LOSS,2026-09-13T16:13:33.450638Z,2026-09-13T16:06:01.452Z,PARTIAL_PLAYER_COVERAGE,CLEAN,
1PM,2026_01_NO_DET,Devaughn Vele,NO,Receptions,receiving/receptions,3.076,3.0,3.5,-105,-125,0.382,0.618,0.479695,0.520305,UNDER,9.7695,7.0,OBSERVED,ZERO_IF_ABSENT,LOSS,2026-09-13T16:13:33.450638Z,2026-09-13T16:03:16.052Z,PARTIAL_PLAYER_COVERAGE,CLEAN,
1PM,2026_01_NO_DET,Isaac TeSlaa,DET,Receiving Yards,receiving/receiving_yards,13.894,0.0,17.5,-115,-115,0.299,0.701,0.5,0.5,UNDER,20.1,0.0,OBSERVED,ZERO_IF_ABSENT,WIN,2026-09-13T16:13:33.450638Z,2026-09-13T16:06:01.452Z,PARTIAL_PLAYER_COVERAGE,CLEAN,
1PM,2026_01_NO_DET,Isaac TeSlaa,DET,Receptions,receiving/receptions,0.965,0.0,1.5,+100,-130,0.262,0.738,0.469388,0.530612,UNDER,20.7388,0.0,OBSERVED,ZERO_IF_ABSENT,WIN,2026-09-13T16:13:33.450638Z,2026-09-13T16:03:16.052Z,PARTIAL_PLAYER_COVERAGE,CLEAN,
1PM,2026_01_NO_DET,Jahmyr Gibbs,DET,Receiving Yards,receiving/receiving_yards,24.634,20.0,30.5,-120,-110,0.325,0.675,0.510121,0.489879,UNDER,18.5121,30.0,OBSERVED,ZERO_IF_ABSENT,WIN,2026-09-13T16:13:33.450638Z,2026-09-13T16:06:01.452Z,PARTIAL_PLAYER_COVERAGE,CLEAN,
1PM,2026_01_NO_DET,Jahmyr Gibbs,DET,Receptions,receiving/receptions,3.247,3.0,4.5,+115,-150,0.28,0.72,0.436681,0.563319,UNDER,15.6681,5.0,OBSERVED,ZERO_IF_ABSENT,LOSS,2026-09-13T16:13:33.450638Z,2026-09-13T16:03:16.052Z,PARTIAL_PLAYER_COVERAGE,CLEAN,
1PM,2026_01_NO_DET,Jahmyr Gibbs,DET,Rushing Attempts,rushing/carries,15.171,15.8525,18.5,-120,-110,0.329,0.671,0.510121,0.489879,UNDER,18.1121,29.0,OBSERVED,ZERO_IF_ABSENT,LOSS,2026-09-13T16:13:33.450638Z,2026-09-13T16:02:49.482Z,PARTIAL_PLAYER_COVERAGE,CLEAN,
1PM,2026_01_NO_DET,Jahmyr Gibbs,DET,Rushing Yards,,,,86.5,-115,-115,,,,,,,,,,,,2026-09-13T16:05:49.495Z,REFUSED,REFUSED,REFUSED:MARKET_NOT_MAPPED | NOT_MODELLED: this engine has no non-quarterback rushing-yards metric. Carries are not yards.
1PM,2026_01_NO_DET,Jameson Williams,DET,Receiving Yards,receiving/receiving_yards,51.147,41.0,58.5,-115,-115,0.359,0.641,0.5,0.5,UNDER,14.1,45.0,OBSERVED,ZERO_IF_ABSENT,WIN,2026-09-13T16:13:33.450638Z,2026-09-13T16:06:01.452Z,PARTIAL_PLAYER_COVERAGE,CLEAN,
1PM,2026_01_NO_DET,Jameson Williams,DET,Receptions,receiving/receptions,3.11,3.0,3.5,-145,+110,0.381,0.619,0.55414,0.44586,UNDER,17.314,4.0,OBSERVED,ZERO_IF_ABSENT,LOSS,2026-09-13T16:13:33.450638Z,2026-09-13T16:03:16.052Z,PARTIAL_PLAYER_COVERAGE,CLEAN,
1PM,2026_01_NO_DET,Jared Goff,DET,Interceptions,qb/int,0.563,0.0,0.5,+120,-155,0.42,0.58,0.427852,0.572148,UNDER,0.7852,0.0,OBSERVED,ZERO_IF_ABSENT,WIN,2026-09-13T16:13:33.450638Z,2026-09-13T16:02:33.996Z,PARTIAL_PLAYER_COVERAGE,CONTAMINATED_QB3,
1PM,2026_01_NO_DET,Jared Goff,DET,Pass Attempts,qb/att,29.768,31.0,33.5,-115,-115,0.382,0.618,0.5,0.5,UNDER,11.8,39.0,OBSERVED,ZERO_IF_ABSENT,LOSS,2026-09-13T16:13:33.450638Z,2026-09-13T16:02:33.996Z,PARTIAL_PLAYER_COVERAGE,CONTAMINATED_QB3,
1PM,2026_01_NO_DET,Jared Goff,DET,Pass Completions,qb/cmp,19.967,21.0,22.5,-125,-105,0.395,0.605,0.520305,0.479695,UNDER,12.5305,26.0,OBSERVED,ZERO_IF_ABSENT,LOSS,2026-09-13T16:13:33.450638Z,2026-09-13T16:02:33.996Z,PARTIAL_PLAYER_COVERAGE,CONTAMINATED_QB3,
1PM,2026_01_NO_DET,Jared Goff,DET,Passing TDs,qb/ptd,1.472,1.0,1.5,-210,+155,0.438,0.562,0.633353,0.366647,UNDER,19.5353,2.0,OBSERVED,ZERO_IF_ABSENT,LOSS,2026-09-13T16:13:33.450638Z,2026-09-13T16:02:33.996Z,PARTIAL_PLAYER_COVERAGE,CONTAMINATED_QB3,
1PM,2026_01_NO_DET,Jared Goff,DET,Passing Yards,qb/pyds,234.8795,237.0,257.5,-115,-115,0.407,0.593,0.5,0.5,UNDER,9.3,206.0,OBSERVED,ZERO_IF_ABSENT,WIN,2026-09-13T16:13:33.450638Z,2026-09-13T16:05:39.264Z,PARTIAL_PLAYER_COVERAGE,CONTAMINATED_QB3,
1PM,2026_01_NO_DET,Jared Goff,DET,Rushing Yards,,,,0.5,+135,-180,,,,,,,,,,,,2026-09-13T16:05:49.495Z,REFUSED,REFUSED,REFUSED:ESTIMAND_NOT_SCOREABLE | qb/ryds has no exact realised match
1PM,2026_01_NO_DET,Juwan Johnson,NO,Receiving Yards,receiving/receiving_yards,40.283,33.0,43.5,-115,-115,0.387,0.613,0.5,0.5,UNDER,11.3,54.0,OBSERVED,ZERO_IF_ABSENT,LOSS,2026-09-13T16:13:33.450638Z,2026-09-13T16:06:01.452Z,PARTIAL_PLAYER_COVERAGE,CLEAN,
1PM,2026_01_NO_DET,Juwan Johnson,NO,Receptions,receiving/receptions,3.56,3.0,4.5,+120,-155,0.304,0.696,0.427852,0.572148,UNDER,12.3852,3.0,OBSERVED,ZERO_IF_ABSENT,WIN,2026-09-13T16:13:33.450638Z,2026-09-13T16:03:16.052Z,PARTIAL_PLAYER_COVERAGE,CLEAN,
1PM,2026_01_NO_DET,Sam LaPorta,DET,Receiving Yards,receiving/receiving_yards,40.637,35.0,44.5,-115,-115,0.394,0.606,0.5,0.5,UNDER,10.6,48.0,OBSERVED,ZERO_IF_ABSENT,LOSS,2026-09-13T16:13:33.450638Z,2026-09-13T16:06:01.452Z,PARTIAL_PLAYER_COVERAGE,CLEAN,
1PM,2026_01_NO_DET,Sam LaPorta,DET,Receptions,receiving/receptions,3.727,3.0,4.5,+120,-150,0.324,0.676,0.431034,0.568966,UNDER,10.7034,5.0,OBSERVED,ZERO_IF_ABSENT,LOSS,2026-09-13T16:13:33.450638Z,2026-09-13T16:03:16.052Z,PARTIAL_PLAYER_COVERAGE,CLEAN,
1PM,2026_01_NO_DET,Travis Etienne Jr.,NO,Receiving Yards,,,,15.5,-120,-110,,,,,,,,,,,,2026-09-13T16:06:01.452Z,REFUSED,REFUSED,REFUSED:QUOTE_PLAYER_NOT_ON_BOARD
1PM,2026_01_NO_DET,Travis Etienne Jr.,NO,Receptions,,,,2.5,-135,+105,,,,,,,,,,,,2026-09-13T16:03:16.052Z,REFUSED,REFUSED,REFUSED:QUOTE_PLAYER_NOT_ON_BOARD
1PM,2026_01_NO_DET,Travis Etienne Jr.,NO,Rushing Attempts,,,,14.5,-130,+100,,,,,,,,,,,,2026-09-13T16:02:49.482Z,REFUSED,REFUSED,REFUSED:QUOTE_PLAYER_NOT_ON_BOARD
1PM,2026_01_NO_DET,Travis Etienne Jr.,NO,Rushing Yards,,,,57.5,-115,-115,,,,,,,,,,,,2026-09-13T16:05:49.495Z,REFUSED,REFUSED,REFUSED:QUOTE_PLAYER_NOT_ON_BOARD
1PM,2026_01_NO_DET,Tyler Shough,NO,Interceptions,qb/int,0.593,0.0,0.5,-120,-110,0.458,0.542,0.510121,0.489879,UNDER,5.2121,2.0,OBSERVED,ZERO_IF_ABSENT,LOSS,2026-09-13T16:13:33.450638Z,2026-09-13T16:02:33.996Z,PARTIAL_PLAYER_COVERAGE,CONTAMINATED_QB3,
1PM,2026_01_NO_DET,Tyler Shough,NO,Pass Attempts,qb/att,29.296,31.0,33.5,-120,-110,0.389,0.611,0.510121,0.489879,UNDER,12.1121,57.0,OBSERVED,ZERO_IF_ABSENT,LOSS,2026-09-13T16:13:33.450638Z,2026-09-13T16:02:33.996Z,PARTIAL_PLAYER_COVERAGE,CONTAMINATED_QB3,
1PM,2026_01_NO_DET,Tyler Shough,NO,Pass Completions,qb/cmp,18.593,19.0,21.5,-115,-115,0.384,0.616,0.5,0.5,UNDER,11.6,35.0,OBSERVED,ZERO_IF_ABSENT,LOSS,2026-09-13T16:13:33.450638Z,2026-09-13T16:02:33.996Z,PARTIAL_PLAYER_COVERAGE,CONTAMINATED_QB3,
1PM,2026_01_NO_DET,Tyler Shough,NO,Passing TDs,qb/ptd,1.309,1.0,1.5,+125,-165,0.383,0.617,0.416503,0.583497,UNDER,3.3503,3.0,OBSERVED,ZERO_IF_ABSENT,LOSS,2026-09-13T16:13:33.450638Z,2026-09-13T16:02:33.996Z,PARTIAL_PLAYER_COVERAGE,CONTAMINATED_QB3,
1PM,2026_01_NO_DET,Tyler Shough,NO,Passing Yards,qb/pyds,210.9679,213.2857,241.5,-115,-115,0.392,0.608,0.5,0.5,UNDER,10.8,410.0,OBSERVED,ZERO_IF_ABSENT,LOSS,2026-09-13T16:13:33.450638Z,2026-09-13T16:05:39.264Z,PARTIAL_PLAYER_COVERAGE,CONTAMINATED_QB3,
1PM,2026_01_NO_DET,Tyler Shough,NO,Rushing Attempts,,,,4.5,-105,-125,,,,,,,,,,,,2026-09-13T16:02:49.482Z,REFUSED,REFUSED,REFUSED:ESTIMAND_NOT_SCOREABLE | qb/rush_opp has no exact realised match
1PM,2026_01_NO_DET,Tyler Shough,NO,Rushing Yards,,,,19.5,-110,-120,,,,,,,,,,,,2026-09-13T16:05:49.495Z,REFUSED,REFUSED,REFUSED:ESTIMAND_NOT_SCOREABLE | qb/ryds has no exact realised match
1PM,2026_01_NYJ_TEN,Adonai Mitchell,NYJ,Receiving Yards,,,,33.5,-115,-115,,,,,,,,,,,,2026-09-13T16:06:04.356Z,REFUSED,REFUSED,REFUSED:QUOTE_PLAYER_NOT_ON_BOARD
1PM,2026_01_NYJ_TEN,Adonai Mitchell,NYJ,Receptions,,,,2.5,-125,-105,,,,,,,,,,,,2026-09-13T16:03:27.087Z,REFUSED,REFUSED,REFUSED:QUOTE_PLAYER_NOT_ON_BOARD
1PM,2026_01_NYJ_TEN,Braelon Allen,NYJ,Rushing Attempts,,,,4.5,-135,+110,,,,,,,,,,,,2026-09-13T16:05:50.678Z,REFUSED,REFUSED,REFUSED:QUOTE_PLAYER_NOT_ON_BOARD
1PM,2026_01_NYJ_TEN,Braelon Allen,NYJ,Rushing Yards,,,,19.5,-115,-115,,,,,,,,,,,,2026-09-13T16:05:50.678Z,REFUSED,REFUSED,REFUSED:QUOTE_PLAYER_NOT_ON_BOARD
1PM,2026_01_NYJ_TEN,Breece Hall,NYJ,Receiving Yards,,,,21.5,-110,-120,,,,,,,,,,,,2026-09-13T16:06:04.356Z,REFUSED,REFUSED,REFUSED:QUOTE_PLAYER_NOT_ON_BOARD
1PM,2026_01_NYJ_TEN,Breece Hall,NYJ,Receptions,,,,2.5,-140,+110,,,,,,,,,,,,2026-09-13T16:03:27.087Z,REFUSED,REFUSED,REFUSED:QUOTE_PLAYER_NOT_ON_BOARD
1PM,2026_01_NYJ_TEN,Breece Hall,NYJ,Rushing Attempts,,,,16.5,-105,-125,,,,,,,,,,,,2026-09-13T16:05:50.678Z,REFUSED,REFUSED,REFUSED:QUOTE_PLAYER_NOT_ON_BOARD
1PM,2026_01_NYJ_TEN,Breece Hall,NYJ,Rushing Yards,,,,64.5,-115,-115,,,,,,,,,,,,2026-09-13T16:05:50.678Z,REFUSED,REFUSED,REFUSED:QUOTE_PLAYER_NOT_ON_BOARD
1PM,2026_01_NYJ_TEN,Calvin Ridley,TEN,Receiving Yards,,,,27.5,-115,-115,,,,,,,,,,,,2026-09-13T16:06:04.356Z,REFUSED,REFUSED,REFUSED:QUOTE_PLAYER_NOT_ON_BOARD
1PM,2026_01_NYJ_TEN,Calvin Ridley,TEN,Receptions,,,,1.5,-165,+125,,,,,,,,,,,,2026-09-13T16:03:27.087Z,REFUSED,REFUSED,REFUSED:QUOTE_PLAYER_NOT_ON_BOARD
1PM,2026_01_NYJ_TEN,Cam Ward,TEN,Interceptions,qb/int,0.288,0.0,0.5,+100,-130,0.221,0.779,0.469388,0.530612,UNDER,24.8388,0.0,OBSERVED,ZERO_IF_ABSENT,WIN,2026-09-13T16:10:31.941044Z,2026-09-13T16:05:38.445Z,PARTIAL_PLAYER_COVERAGE,CONTAMINATED_QB3,
1PM,2026_01_NYJ_TEN,Cam Ward,TEN,Pass Attempts,qb/att,19.201,23.0,31.5,-125,-105,0.309,0.691,0.520305,0.479695,UNDER,21.1305,32.0,OBSERVED,ZERO_IF_ABSENT,LOSS,2026-09-13T16:10:31.941044Z,2026-09-13T16:05:38.445Z,PARTIAL_PLAYER_COVERAGE,CONTAMINATED_QB3,
1PM,2026_01_NYJ_TEN,Cam Ward,TEN,Pass Completions,qb/cmp,11.763,13.0,19.5,-115,-115,0.287,0.713,0.5,0.5,UNDER,21.3,19.0,OBSERVED,ZERO_IF_ABSENT,WIN,2026-09-13T16:10:31.941044Z,2026-09-13T16:05:38.445Z,PARTIAL_PLAYER_COVERAGE,CONTAMINATED_QB3,
1PM,2026_01_NYJ_TEN,Cam Ward,TEN,Passing TDs,qb/ptd,0.641,0.0,1.5,+180,-260,0.165,0.835,0.330882,0.669118,UNDER,16.5882,1.0,OBSERVED,ZERO_IF_ABSENT,WIN,2026-09-13T16:10:31.941044Z,2026-09-13T16:05:38.445Z,PARTIAL_PLAYER_COVERAGE,CONTAMINATED_QB3,
1PM,2026_01_NYJ_TEN,Cam Ward,TEN,Passing Yards,qb/pyds,123.5047,123.5788,201.5,-115,-115,0.287,0.713,0.5,0.5,UNDER,21.3,140.0,OBSERVED,ZERO_IF_ABSENT,WIN,2026-09-13T16:10:31.941044Z,2026-09-13T16:05:38.445Z,PARTIAL_PLAYER_COVERAGE,CONTAMINATED_QB3,
1PM,2026_01_NYJ_TEN,Cam Ward,TEN,Rushing Yards,,,,9.5,-120,-110,,,,,,,,,,,,2026-09-13T16:05:50.678Z,REFUSED,REFUSED,REFUSED:ESTIMAND_NOT_SCOREABLE | qb/ryds has no exact realised match
1PM,2026_01_NYJ_TEN,Carnell Tate,NYJ,Receiving Yards,,,,38.5,-115,-115,,,,,,,,,,,,2026-09-13T16:06:04.356Z,REFUSED,REFUSED,REFUSED:QUOTE_PLAYER_NOT_ON_BOARD
1PM,2026_01_NYJ_TEN,Carnell Tate,NYJ,Receptions,,,,3.5,+110,-140,,,,,,,,,,,,2026-09-13T16:03:27.087Z,REFUSED,REFUSED,REFUSED:QUOTE_PLAYER_NOT_ON_BOARD
1PM,2026_01_NYJ_TEN,Elic Ayomanor,TEN,Receiving Yards,,,,9.5,-115,-115,,,,,,,,,,,,2026-09-13T16:06:04.356Z,REFUSED,REFUSED,REFUSED:QUOTE_PLAYER_NOT_ON_BOARD
1PM,2026_01_NYJ_TEN,Elic Ayomanor,TEN,Receptions,,,,0.5,-210,+155,,,,,,,,,,,,2026-09-13T16:03:27.087Z,REFUSED,REFUSED,REFUSED:QUOTE_PLAYER_NOT_ON_BOARD
1PM,2026_01_NYJ_TEN,Garrett Wilson,NYJ,Receiving Yards,,,,62.5,-115,-115,,,,,,,,,,,,2026-09-13T16:06:04.356Z,REFUSED,REFUSED,REFUSED:QUOTE_PLAYER_NOT_ON_BOARD
1PM,2026_01_NYJ_TEN,Garrett Wilson,NYJ,Receptions,,,,5.5,-120,-110,,,,,,,,,,,,2026-09-13T16:03:27.087Z,REFUSED,REFUSED,REFUSED:QUOTE_PLAYER_NOT_ON_BOARD
1PM,2026_01_NYJ_TEN,Geno Smith,NYJ,Interceptions,qb/int,0.41,0.0,0.5,-125,-105,0.301,0.699,0.520305,0.479695,UNDER,21.9305,0.0,OBSERVED,ZERO_IF_ABSENT,WIN,2026-09-13T16:10:31.941044Z,2026-09-13T16:05:38.445Z,PARTIAL_PLAYER_COVERAGE,CONTAMINATED_QB3,
1PM,2026_01_NYJ_TEN,Geno Smith,NYJ,Pass Attempts,qb/att,17.258,20.0,30.5,-110,-120,0.277,0.723,0.489879,0.510121,UNDER,21.2879,24.0,OBSERVED,ZERO_IF_ABSENT,WIN,2026-09-13T16:10:31.941044Z,2026-09-13T16:05:38.445Z,PARTIAL_PLAYER_COVERAGE,CONTAMINATED_QB3,
1PM,2026_01_NYJ_TEN,Geno Smith,NYJ,Pass Completions,qb/cmp,11.813,13.0,19.5,-105,-125,0.33,0.67,0.479695,0.520305,UNDER,14.9695,19.0,OBSERVED,ZERO_IF_ABSENT,WIN,2026-09-13T16:10:31.941044Z,2026-09-13T16:05:38.445Z,PARTIAL_PLAYER_COVERAGE,CONTAMINATED_QB3,
1PM,2026_01_NYJ_TEN,Geno Smith,NYJ,Passing TDs,qb/ptd,0.766,0.0,0.5,-260,+180,0.428,0.572,0.669118,0.330882,UNDER,24.1118,0.0,OBSERVED,ZERO_IF_ABSENT,WIN,2026-09-13T16:10:31.941044Z,2026-09-13T16:05:38.445Z,PARTIAL_PLAYER_COVERAGE,CONTAMINATED_QB3,
1PM,2026_01_NYJ_TEN,Geno Smith,NYJ,Passing Yards,qb/pyds,126.8409,130.3478,210.5,-115,-115,0.283,0.717,0.5,0.5,UNDER,21.7,215.0,OBSERVED,ZERO_IF_ABSENT,LOSS,2026-09-13T16:10:31.941044Z,2026-09-13T16:05:38.445Z,PARTIAL_PLAYER_COVERAGE,CONTAMINATED_QB3,
1PM,2026_01_NYJ_TEN,Geno Smith,NYJ,Rushing Yards,,,,6.5,-115,-115,,,,,,,,,,,,2026-09-13T16:05:50.678Z,REFUSED,REFUSED,REFUSED:ESTIMAND_NOT_SCOREABLE | qb/ryds has no exact realised match
1PM,2026_01_NYJ_TEN,Gunnar Helm,TEN,Receiving Yards,,,,20.5,-120,-110,,,,,,,,,,,,2026-09-13T16:06:04.356Z,REFUSED,REFUSED,REFUSED:QUOTE_PLAYER_NOT_ON_BOARD
1PM,2026_01_NYJ_TEN,Gunnar Helm,TEN,Receptions,,,,2.5,+115,-145,,,,,,,,,,,,2026-09-13T16:03:27.087Z,REFUSED,REFUSED,REFUSED:QUOTE_PLAYER_NOT_ON_BOARD
1PM,2026_01_NYJ_TEN,Kenyon Sadiq,NYJ,Receiving Yards,,,,14.5,-110,-120,,,,,,,,,,,,2026-09-13T16:06:04.356Z,REFUSED,REFUSED,REFUSED:QUOTE_PLAYER_NOT_ON_BOARD
1PM,2026_01_NYJ_TEN,Kenyon Sadiq,NYJ,Receptions,,,,1.5,-110,-120,,,,,,,,,,,,2026-09-13T16:03:27.087Z,REFUSED,REFUSED,REFUSED:QUOTE_PLAYER_NOT_ON_BOARD
1PM,2026_01_NYJ_TEN,Mason Taylor,NYJ,Receiving Yards,,,,21.5,-115,-115,,,,,,,,,,,,2026-09-13T16:06:04.356Z,REFUSED,REFUSED,REFUSED:QUOTE_PLAYER_NOT_ON_BOARD
1PM,2026_01_NYJ_TEN,Mason Taylor,NYJ,Receptions,,,,2.5,+100,-130,,,,,,,,,,,,2026-09-13T16:03:27.087Z,REFUSED,REFUSED,REFUSED:QUOTE_PLAYER_NOT_ON_BOARD
1PM,2026_01_NYJ_TEN,Omar Cooper Jr.,NYJ,Receiving Yards,,,,14.5,-115,-115,,,,,,,,,,,,2026-09-13T16:06:04.356Z,REFUSED,REFUSED,REFUSED:QUOTE_PLAYER_NOT_ON_BOARD
1PM,2026_01_NYJ_TEN,Omar Cooper Jr.,NYJ,Receptions,,,,1.5,-110,-120,,,,,,,,,,,,2026-09-13T16:03:27.087Z,REFUSED,REFUSED,REFUSED:QUOTE_PLAYER_NOT_ON_BOARD
1PM,2026_01_NYJ_TEN,Tony Pollard,TEN,Receiving Yards,,,,9.5,-115,-115,,,,,,,,,,,,2026-09-13T16:06:04.356Z,REFUSED,REFUSED,REFUSED:QUOTE_PLAYER_NOT_ON_BOARD
1PM,2026_01_NYJ_TEN,Tony Pollard,TEN,Receptions,,,,1.5,-120,-110,,,,,,,,,,,,2026-09-13T16:03:27.087Z,REFUSED,REFUSED,REFUSED:QUOTE_PLAYER_NOT_ON_BOARD
1PM,2026_01_NYJ_TEN,Tony Pollard,TEN,Rushing Attempts,,,,13.5,-110,-120,,,,,,,,,,,,2026-09-13T16:05:50.678Z,REFUSED,REFUSED,REFUSED:QUOTE_PLAYER_NOT_ON_BOARD
1PM,2026_01_NYJ_TEN,Tony Pollard,TEN,Rushing Yards,,,,49.5,-115,-115,,,,,,,,,,,,2026-09-13T16:05:50.678Z,REFUSED,REFUSED,REFUSED:QUOTE_PLAYER_NOT_ON_BOARD
1PM,2026_01_NYJ_TEN,Tyjae Spears,TEN,Receiving Yards,,,,15.5,-115,-115,,,,,,,,,,,,2026-09-13T16:06:04.356Z,REFUSED,REFUSED,REFUSED:QUOTE_PLAYER_NOT_ON_BOARD
1PM,2026_01_NYJ_TEN,Tyjae Spears,TEN,Receptions,,,,2.5,-115,-115,,,,,,,,,,,,2026-09-13T16:03:27.087Z,REFUSED,REFUSED,REFUSED:QUOTE_PLAYER_NOT_ON_BOARD
1PM,2026_01_NYJ_TEN,Tyjae Spears,TEN,Rushing Attempts,,,,7.5,+100,-130,,,,,,,,,,,,2026-09-13T16:05:50.678Z,REFUSED,REFUSED,REFUSED:QUOTE_PLAYER_NOT_ON_BOARD
1PM,2026_01_NYJ_TEN,Tyjae Spears,TEN,Rushing Yards,,,,25.5,-120,-110,,,,,,,,,,,,2026-09-13T16:05:50.678Z,REFUSED,REFUSED,REFUSED:QUOTE_PLAYER_NOT_ON_BOARD
1PM,2026_01_NYJ_TEN,Wan'Dale Robinson,NYJ,Receiving Yards,,,,42.5,-115,-115,,,,,,,,,,,,2026-09-13T16:06:04.356Z,REFUSED,REFUSED,REFUSED:QUOTE_PLAYER_NOT_ON_BOARD
1PM,2026_01_NYJ_TEN,Wan'Dale Robinson,NYJ,Receptions,,,,4.5,-105,-125,,,,,,,,,,,,2026-09-13T16:03:27.087Z,REFUSED,REFUSED,REFUSED:QUOTE_PLAYER_NOT_ON_BOARD
1PM,2026_01_TB_CIN,Baker Mayfield,TB,Interceptions,qb/int,0.627,0.0,0.5,-120,-110,0.433,0.567,0.510121,0.489879,UNDER,7.7121,0.0,OBSERVED,ZERO_IF_ABSENT,WIN,2026-09-13T16:16:15.935964Z,2026-09-13T16:01:10Z,PARTIAL_PLAYER_COVERAGE,CONTAMINATED_QB3,
1PM,2026_01_TB_CIN,Baker Mayfield,TB,Pass Attempts,qb/att,29.804,30.0,31.5,-115,-115,0.44,0.56,0.5,0.5,UNDER,6.0,28.0,OBSERVED,ZERO_IF_ABSENT,WIN,2026-09-13T16:16:15.935964Z,2026-09-13T16:01:10Z,PARTIAL_PLAYER_COVERAGE,CONTAMINATED_QB3,
1PM,2026_01_TB_CIN,Baker Mayfield,TB,Pass Completions,qb/cmp,19.387,20.0,20.5,-120,-110,0.445,0.555,0.510121,0.489879,UNDER,6.5121,23.0,OBSERVED,ZERO_IF_ABSENT,LOSS,2026-09-13T16:16:15.935964Z,2026-09-13T16:01:10Z,PARTIAL_PLAYER_COVERAGE,CONTAMINATED_QB3,
1PM,2026_01_TB_CIN,Baker Mayfield,TB,Passing TDs,qb/ptd,1.272,1.0,1.5,-110,-120,0.356,0.644,0.489879,0.510121,UNDER,13.3879,0.0,OBSERVED,ZERO_IF_ABSENT,WIN,2026-09-13T16:16:15.935964Z,2026-09-13T16:01:10Z,PARTIAL_PLAYER_COVERAGE,CONTAMINATED_QB3,
1PM,2026_01_TB_CIN,Baker Mayfield,TB,Passing Yards,qb/pyds,204.3841,203.0833,233.5,-115,-115,0.378,0.622,0.5,0.5,UNDER,12.2,216.0,OBSERVED,ZERO_IF_ABSENT,WIN,2026-09-13T16:16:15.935964Z,2026-09-13T16:01:10Z,PARTIAL_PLAYER_COVERAGE,CONTAMINATED_QB3,
1PM,2026_01_TB_CIN,Baker Mayfield,TB,Rushing Attempts,,,,3.5,-105,-125,,,,,,,,,,,,2026-09-13T16:02:54Z,REFUSED,REFUSED,REFUSED:ESTIMAND_NOT_SCOREABLE | qb/rush_opp has no exact realised match
1PM,2026_01_TB_CIN,Baker Mayfield,TB,Rushing Yards,,,,16.5,-115,-115,,,,,,,,,,,,2026-09-13T16:04:38Z,REFUSED,REFUSED,REFUSED:ESTIMAND_NOT_SCOREABLE | qb/ryds has no exact realised match
1PM,2026_01_TB_CIN,Bucky Irving,TB,Receiving Yards,receiving/receiving_yards,20.454,13.0,13.5,-120,-110,0.497,0.503,0.510121,0.489879,UNDER,1.3121,48.0,OBSERVED,ZERO_IF_ABSENT,LOSS,2026-09-13T16:16:15.935964Z,2026-09-13T16:05:31Z,PARTIAL_PLAYER_COVERAGE,CLEAN,
1PM,2026_01_TB_CIN,Bucky Irving,TB,Receptions,receiving/receptions,2.304,2.0,1.5,-160,+125,0.583,0.417,0.580645,0.419355,OVER,0.2355,7.0,OBSERVED,ZERO_IF_ABSENT,WIN,2026-09-13T16:16:15.935964Z,2026-09-13T16:05:47Z,PARTIAL_PLAYER_COVERAGE,CLEAN,
1PM,2026_01_TB_CIN,Bucky Irving,TB,Rushing Attempts,rushing/carries,11.4199,10.8269,14.5,-120,-110,0.281,0.719,0.510121,0.489879,UNDER,22.9121,8.0,OBSERVED,ZERO_IF_ABSENT,WIN,2026-09-13T16:16:15.935964Z,2026-09-13T16:02:54Z,PARTIAL_PLAYER_COVERAGE,CLEAN,
1PM,2026_01_TB_CIN,Bucky Irving,TB,Rushing Yards,,,,60.5,-120,-110,,,,,,,,,,,,2026-09-13T16:04:38Z,REFUSED,REFUSED,REFUSED:MARKET_NOT_MAPPED | NOT_MODELLED: this engine has no non-quarterback rushing-yards metric. Carries are not yards.
1PM,2026_01_TB_CIN,Cade Otton,TB,Receiving Yards,receiving/receiving_yards,39.799,35.0,31.5,-120,-110,0.548,0.452,0.510121,0.489879,OVER,3.7879,26.0,OBSERVED,ZERO_IF_ABSENT,LOSS,2026-09-13T16:16:15.935964Z,2026-09-13T16:05:31Z,PARTIAL_PLAYER_COVERAGE,CLEAN,
1PM,2026_01_TB_CIN,Cade Otton,TB,Receptions,receiving/receptions,3.982,4.0,3.5,+105,-130,0.52,0.48,0.463243,0.536757,OVER,5.6757,3.0,OBSERVED,ZERO_IF_ABSENT,LOSS,2026-09-13T16:16:15.935964Z,2026-09-13T16:05:47Z,PARTIAL_PLAYER_COVERAGE,CLEAN,
1PM,2026_01_TB_CIN,Chase Brown,CIN,Receiving Yards,receiving/receiving_yards,22.987,17.0,24.5,-115,-115,0.38,0.62,0.5,0.5,UNDER,12.0,22.0,OBSERVED,ZERO_IF_ABSENT,WIN,2026-09-13T16:16:15.935964Z,2026-09-13T16:05:31Z,PARTIAL_PLAYER_COVERAGE,CLEAN,
1PM,2026_01_TB_CIN,Chase Brown,CIN,Receptions,receiving/receptions,3.384,3.0,3.5,-110,-120,0.429,0.571,0.489879,0.510121,UNDER,6.0879,5.0,OBSERVED,ZERO_IF_ABSENT,LOSS,2026-09-13T16:16:15.935964Z,2026-09-13T16:05:47Z,PARTIAL_PLAYER_COVERAGE,CLEAN,
1PM,2026_01_TB_CIN,Chase Brown,CIN,Rushing Attempts,rushing/carries,9.099,8.9816,14.5,-115,-115,0.16,0.84,0.5,0.5,UNDER,34.0,16.0,OBSERVED,ZERO_IF_ABSENT,LOSS,2026-09-13T16:16:15.935964Z,2026-09-13T16:02:54Z,PARTIAL_PLAYER_COVERAGE,CLEAN,
1PM,2026_01_TB_CIN,Chase Brown,CIN,Rushing Yards,,,,57.5,-115,-115,,,,,,,,,,,,2026-09-13T16:04:38Z,REFUSED,REFUSED,REFUSED:MARKET_NOT_MAPPED | NOT_MODELLED: this engine has no non-quarterback rushing-yards metric. Carries are not yards.
1PM,2026_01_TB_CIN,Chris Godwin Jr.,TB,Receiving Yards,receiving/receiving_yards,41.037,34.0,48.5,-115,-115,0.347,0.653,0.5,0.5,UNDER,15.3,40.0,OBSERVED,ZERO_IF_ABSENT,WIN,2026-09-13T16:16:15.935964Z,2026-09-13T16:05:31Z,PARTIAL_PLAYER_COVERAGE,CLEAN,
1PM,2026_01_TB_CIN,Chris Godwin Jr.,TB,Receptions,receiving/receptions,3.608,3.0,4.5,+105,-135,0.314,0.686,0.459209,0.540791,UNDER,14.5209,4.0,OBSERVED,ZERO_IF_ABSENT,WIN,2026-09-13T16:16:15.935964Z,2026-09-13T16:05:47Z,PARTIAL_PLAYER_COVERAGE,CLEAN,
1PM,2026_01_TB_CIN,Emeka Egbuka,TB,Receiving Yards,receiving/receiving_yards,41.502,34.0,56.5,-115,-115,0.275,0.725,0.5,0.5,UNDER,22.5,63.0,OBSERVED,ZERO_IF_ABSENT,LOSS,2026-09-13T16:16:15.935964Z,2026-09-13T16:05:31Z,PARTIAL_PLAYER_COVERAGE,CLEAN,
1PM,2026_01_TB_CIN,Emeka Egbuka,TB,Receptions,receiving/receptions,2.887,3.0,4.5,+100,-130,0.186,0.814,0.469388,0.530612,UNDER,28.3388,5.0,OBSERVED,ZERO_IF_ABSENT,LOSS,2026-09-13T16:16:15.935964Z,2026-09-13T16:05:47Z,PARTIAL_PLAYER_COVERAGE,CLEAN,
1PM,2026_01_TB_CIN,Erick All Jr.,CIN,Receiving Yards,,,,11.5,-110,-120,,,,,,,,,,,,2026-09-13T16:05:31Z,REFUSED,REFUSED,REFUSED:QUOTE_PLAYER_NOT_ON_BOARD
1PM,2026_01_TB_CIN,Erick All Jr.,CIN,Receptions,,,,1.5,-110,-120,,,,,,,,,,,,2026-09-13T16:05:47Z,REFUSED,REFUSED,REFUSED:QUOTE_PLAYER_NOT_ON_BOARD
1PM,2026_01_TB_CIN,Ja'Marr Chase,CIN,Receiving Yards,receiving/receiving_yards,75.218,70.5,87.5,-115,-115,0.375,0.625,0.5,0.5,UNDER,12.5,12.0,OBSERVED,ZERO_IF_ABSENT,WIN,2026-09-13T16:16:15.935964Z,2026-09-13T16:05:31Z,PARTIAL_PLAYER_COVERAGE,CLEAN,
1PM,2026_01_TB_CIN,Ja'Marr Chase,CIN,Receptions,receiving/receptions,5.745,6.0,7.5,+115,-150,0.305,0.695,0.436681,0.563319,UNDER,13.1681,2.0,OBSERVED,ZERO_IF_ABSENT,WIN,2026-09-13T16:16:15.935964Z,2026-09-13T16:05:47Z,PARTIAL_PLAYER_COVERAGE,CLEAN,
1PM,2026_01_TB_CIN,Joe Burrow,CIN,Interceptions,qb/int,0.625,0.0,0.5,+115,-160,0.447,0.553,0.430464,0.569536,OVER,1.6536,1.0,OBSERVED,ZERO_IF_ABSENT,WIN,2026-09-13T16:16:15.935964Z,2026-09-13T16:01:10Z,PARTIAL_PLAYER_COVERAGE,CONTAMINATED_QB3,
1PM,2026_01_TB_CIN,Joe Burrow,CIN,Pass Attempts,qb/att,33.387,36.0,34.5,-120,-110,0.556,0.444,0.510121,0.489879,OVER,4.5879,35.0,OBSERVED,ZERO_IF_ABSENT,WIN,2026-09-13T16:16:15.935964Z,2026-09-13T16:01:10Z,PARTIAL_PLAYER_COVERAGE,CONTAMINATED_QB3,
1PM,2026_01_TB_CIN,Joe Burrow,CIN,Pass Completions,qb/cmp,22.115,23.0,24.5,-120,-110,0.432,0.568,0.510121,0.489879,UNDER,7.8121,25.0,OBSERVED,ZERO_IF_ABSENT,LOSS,2026-09-13T16:16:15.935964Z,2026-09-13T16:01:10Z,PARTIAL_PLAYER_COVERAGE,CONTAMINATED_QB3,
1PM,2026_01_TB_CIN,Joe Burrow,CIN,Passing TDs,qb/ptd,1.52,1.0,2.5,+160,-220,0.218,0.782,0.358744,0.641256,UNDER,14.0744,1.0,OBSERVED,ZERO_IF_ABSENT,WIN,2026-09-13T16:16:15.935964Z,2026-09-13T16:01:10Z,PARTIAL_PLAYER_COVERAGE,CONTAMINATED_QB3,
1PM,2026_01_TB_CIN,Joe Burrow,CIN,Passing Yards,qb/pyds,242.8426,248.2353,270.5,-115,-115,0.402,0.598,0.5,0.5,UNDER,9.8,254.0,OBSERVED,ZERO_IF_ABSENT,WIN,2026-09-13T16:16:15.935964Z,2026-09-13T16:01:10Z,PARTIAL_PLAYER_COVERAGE,CONTAMINATED_QB3,
1PM,2026_01_TB_CIN,Joe Burrow,CIN,Rushing Attempts,,,,2.5,-130,+100,,,,,,,,,,,,2026-09-13T16:02:54Z,REFUSED,REFUSED,REFUSED:ESTIMAND_NOT_SCOREABLE | qb/rush_opp has no exact realised match
1PM,2026_01_TB_CIN,Joe Burrow,CIN,Rushing Yards,,,,8.5,-115,-115,,,,,,,,,,,,2026-09-13T16:04:38Z,REFUSED,REFUSED,REFUSED:ESTIMAND_NOT_SCOREABLE | qb/ryds has no exact realised match
1PM,2026_01_TB_CIN,Mike Gesicki,CIN,Receiving Yards,receiving/receiving_yards,21.66,15.0,21.5,-115,-115,0.393,0.607,0.5,0.5,UNDER,10.7,78.0,OBSERVED,ZERO_IF_ABSENT,LOSS,2026-09-13T16:16:15.935964Z,2026-09-13T16:05:31Z,PARTIAL_PLAYER_COVERAGE,CLEAN,
1PM,2026_01_TB_CIN,Mike Gesicki,CIN,Receptions,receiving/receptions,1.963,2.0,2.5,+125,-165,0.317,0.683,0.416503,0.583497,UNDER,9.9503,5.0,OBSERVED,ZERO_IF_ABSENT,LOSS,2026-09-13T16:16:15.935964Z,2026-09-13T16:05:47Z,PARTIAL_PLAYER_COVERAGE,CLEAN,
1PM,2026_01_TB_CIN,Samaje Perine,CIN,Receiving Yards,receiving/receiving_yards,9.208,0.0,7.5,-110,-120,0.346,0.654,0.489879,0.510121,UNDER,14.3879,30.0,OBSERVED,ZERO_IF_ABSENT,LOSS,2026-09-13T16:16:15.935964Z,2026-09-13T16:05:31Z,PARTIAL_PLAYER_COVERAGE,CLEAN,
1PM,2026_01_TB_CIN,Samaje Perine,CIN,Receptions,receiving/receptions,1.191,0.0,1.5,+145,-200,0.298,0.702,0.379747,0.620253,UNDER,8.1747,3.0,OBSERVED,ZERO_IF_ABSENT,LOSS,2026-09-13T16:16:15.935964Z,2026-09-13T16:05:47Z,PARTIAL_PLAYER_COVERAGE,CLEAN,
1PM,2026_01_TB_CIN,Samaje Perine,CIN,Rushing Yards,,,,18.5,-110,-120,,,,,,,,,,,,2026-09-13T16:04:38Z,REFUSED,REFUSED,REFUSED:MARKET_NOT_MAPPED | NOT_MODELLED: this engine has no non-quarterback rushing-yards metric. Carries are not yards.
1PM,2026_01_TB_CIN,Ted Hurst III,TB,Receptions,receiving/receptions,1.192,1.0,1.5,-150,+115,0.299,0.701,0.563319,0.436681,UNDER,26.4319,3.0,OBSERVED,ZERO_IF_ABSENT,LOSS,2026-09-13T16:16:15.935964Z,2026-09-13T16:05:47Z,PARTIAL_PLAYER_COVERAGE,CLEAN,
1PM,2026_01_TB_CIN,Tee Higgins,CIN,Receiving Yards,receiving/receiving_yards,51.313,45.0,62.5,-115,-115,0.326,0.674,0.5,0.5,UNDER,17.4,59.0,OBSERVED,ZERO_IF_ABSENT,WIN,2026-09-13T16:16:15.935964Z,2026-09-13T16:05:31Z,PARTIAL_PLAYER_COVERAGE,CLEAN,
1PM,2026_01_TB_CIN,Tee Higgins,CIN,Receptions,receiving/receptions,3.692,3.0,4.5,-135,+105,0.34,0.66,0.540791,0.459209,UNDER,20.0791,3.0,OBSERVED,ZERO_IF_ABSENT,WIN,2026-09-13T16:16:15.935964Z,2026-09-13T16:05:47Z,PARTIAL_PLAYER_COVERAGE,CLEAN,
1PM,UNRESOLVED_CLUB,Andrei Iosivas,unresolved,Receiving Yards,,,,13.5,-115,-115,,,,,,,,,,,,2026-09-13T16:05:31Z,REFUSED,REFUSED,"REFUSED:MARKET_QUOTE_TEAM_UNRESOLVED | the frozen snapshot records this quote with team ""unresolved"". The club is NOT inferred, because the join key is (player, team, market) and attributing it would be guessing an identity."
1PM,UNRESOLVED_CLUB,Andrei Iosivas,unresolved,Receptions,,,,1.5,+110,-140,,,,,,,,,,,,2026-09-13T16:05:47Z,REFUSED,REFUSED,"REFUSED:MARKET_QUOTE_TEAM_UNRESOLVED | the frozen snapshot records this quote with team ""unresolved"". The club is NOT inferred, because the join key is (player, team, market) and attributing it would be guessing an identity."
1PM,UNRESOLVED_CLUB,Kenneth Gainwell,unresolved,Receiving Yards,,,,21.5,-115,-115,,,,,,,,,,,,2026-09-13T16:05:31Z,REFUSED,REFUSED,"REFUSED:MARKET_QUOTE_TEAM_UNRESOLVED | the frozen snapshot records this quote with team ""unresolved"". The club is NOT inferred, because the join key is (player, team, market) and attributing it would be guessing an identity."
1PM,UNRESOLVED_CLUB,Kenneth Gainwell,unresolved,Receptions,,,,3.5,+120,-160,,,,,,,,,,,,2026-09-13T16:05:47Z,REFUSED,REFUSED,"REFUSED:MARKET_QUOTE_TEAM_UNRESOLVED | the frozen snapshot records this quote with team ""unresolved"". The club is NOT inferred, because the join key is (player, team, market) and attributing it would be guessing an identity."
1PM,UNRESOLVED_CLUB,Kenneth Gainwell,unresolved,Rushing Yards,,,,22.5,-115,-115,,,,,,,,,,,,2026-09-13T16:04:38Z,REFUSED,REFUSED,"REFUSED:MARKET_QUOTE_TEAM_UNRESOLVED | the frozen snapshot records this quote with team ""unresolved"". The club is NOT inferred, because the join key is (player, team, market) and attributing it would be guessing an identity."
