player,gsis_id,team,opponent,position,salary,injury_status,practice_status,availability,offensive_depth,special_teams,role,role_support,proj_snap_share,proj_carries,proj_targets,proj_receptions,proj_pass_yards,proj_rush_yards,proj_rec_yards,proj_pass_td,proj_rush_td,proj_rec_td,td_expectation,dk_mean,dk_floor_p10,dk_median,dk_ceiling_p90,dk_p95,dk_sd,p_zero,value_per_1k,current_season_avg,previous_season_avg,evidence_grade,uncertainty,opportunity_basis,review_verdict,conflict_codes,dk_delta,carries_delta,targets_delta,change_cause,change_evidence
Jaxson Dart,00-0040691,NYG,LA,dropbacks,5800.0,,,ACTIVE,1,,STARTER,ROLE_SUPPORTED,1.0,,,,167.509,,,1.0217,,,1.0217,16.4588,4.9,15.54,29.04,33.4,9.5438,0.0424,2.8377,11.0,,MEASURED,EVIDENCE_SUFFICIENT,,CLEARED,,0.0698,,,,
Davante Adams,00-0031381,LA,NYG,targets,5900.0,,Full Participation in Practice,ACTIVE,2,,STARTER,ROLE_SUPPORTED,0.54,,8.0894,5.1405,,,65.2807,,,0.388,0.388,14.6454,2.6,12.6,29.3,34.6,10.5618,0.0614,2.4823,6.0,,MEASURED,EVIDENCE_SUFFICIENT,,CLEARED_WITH_WARNING,RECEIVING_ROLE_RESTS_ON_RAW_SNAPS_ONLY,0.5171,,0.2333,,
Matthew Stafford,00-0026498,LA,NYG,dropbacks,6000.0,,,ACTIVE,1,,STARTER,ROLE_SUPPORTED,0.84,,,,206.2995,,,1.298,,,1.298,13.6242,4.52,12.74,24.08,27.7557,7.7976,0.0455,2.2707,2.0,,MEASURED,EVIDENCE_SUFFICIENT,,CLEARED,,-0.0706,,,,
Kyren Williams,00-0037840,LA,NYG,carries,6400.0,,,ACTIVE,1,PR2,STARTER,ROLE_SUPPORTED,0.64,11.7064,3.2396,2.4118,,50.5306,16.1085,,0.376,0.0963,0.4723,12.1934,2.6,10.9,23.2,27.4,8.2129,0.0658,1.9052,14.0,,MEASURED,EVIDENCE_SUFFICIENT,,CLEARED_WITH_WARNING,RECEIVING_ROLE_RESTS_ON_RAW_SNAPS_ONLY,0.2537,-0.4955,0.4065,,
Malik Nabers,00-0039337,NYG,LA,targets,6500.0,,,ACTIVE,1,,PRIMARY_ROTATION,ROLE_SUPPORTED,0.52,,5.4379,3.3889,,,39.8995,,,0.263,0.263,9.383,0.0,7.8,20.2,24.7,7.8916,0.1103,1.4435,9.0,,MEASURED,EVIDENCE_SUFFICIENT,,CLEARED_WITH_WARNING,RECEIVING_ROLE_RESTS_ON_RAW_SNAPS_ONLY,0.3509,,0.2083,,
Colby Parkinson,00-0036244,LA,NYG,targets,3100.0,,,ACTIVE,1,,STARTER,ROLE_SUPPORTED,0.77,,4.6418,3.3171,,,33.409,,,0.2492,0.2492,8.2405,0.0,6.6,17.6,21.8,7.1361,0.1019,2.6582,2.0,,MEASURED,EVIDENCE_SUFFICIENT,,CLEARED_WITH_WARNING,RECEIVING_ROLE_RESTS_ON_RAW_SNAPS_ONLY,-0.9488,,-0.5213,,
Tyrone Tracy Jr.,00-0039384,NYG,LA,carries,4400.0,,,ACTIVE,4,KR2,BACKUP,ROLE_SUPPORTED,0.03,6.6281,2.0455,1.5094,,28.228,11.6291,,0.2082,0.0586,0.2668,7.15,1.0,5.8,14.61,18.0,5.669,0.0626,1.625,2.0,,MEASURED,EVIDENCE_SUFFICIENT,,BLOCKING_REVIEW,RECEIVING_ROLE_RESTS_ON_RAW_SNAPS_ONLY;ROOM_OPPORTUNITY_ORDER_INVERTS_ROLE_ORDER,-1.9953,-1.4658,-0.6835,MODEL_UPDATE,DK moved -2.00 and nothing on this row changed; the engine did: V1_CANDIDATE_R9_W1P_GSVUCY -> V1_CANDIDATE_R9_W1P_GSVUCYS
Cam Skattebo,00-0040715,NYG,LA,carries,5900.0,,,ACTIVE,1,,STARTER,ROLE_SUPPORTED,0.61,7.2142,1.6515,1.2637,,30.9752,10.5008,,0.2245,0.047,0.2715,7.1154,0.3,5.8,15.2,18.5,5.8747,0.0946,1.206,18.0,,MEASURED,EVIDENCE_SUFFICIENT,,CLEARED_WITH_WARNING,RECEIVING_ROLE_RESTS_ON_RAW_SNAPS_ONLY,-0.2543,1.0698,-0.6411,,
Blake Corum,00-0039738,LA,NYG,carries,4900.0,,,ACTIVE,2,KR4,SECONDARY_ROTATION,ROLE_SUPPORTED,0.23,7.9218,1.182,0.8315,,34.3699,5.2764,,0.2439,0.0288,0.2727,6.5575,0.0,4.9,14.9,18.5,6.179,0.1286,1.3383,10.0,,MEASURED,EVIDENCE_SUFFICIENT,,CLEARED_WITH_WARNING,RECEIVING_ROLE_RESTS_ON_RAW_SNAPS_ONLY,0.4976,0.4141,0.1779,,
Isaiah Likely,00-0037838,NYG,LA,targets,4500.0,,,ACTIVE,1,,PRIMARY_ROTATION,ROLE_SUPPORTED,0.49,,3.0859,2.1546,,,24.6046,,,0.1679,0.1679,5.6684,0.0,4.1,13.2,16.705,5.595,0.1839,1.2596,8.0,,MEASURED,EVIDENCE_SUFFICIENT,,CLEARED_WITH_WARNING,RECEIVING_ROLE_RESTS_ON_RAW_SNAPS_ONLY,1.6847,,0.9081,MODEL_UPDATE,DK moved +1.68 and nothing on this row changed; the engine did: V1_CANDIDATE_R9_W1P_GSVUCY -> V1_CANDIDATE_R9_W1P_GSVUCYS
Xavier Smith,00-0038359,LA,NYG,targets,3000.0,,,ACTIVE,5,PR1,SECONDARY_ROTATION,ROLE_SUPPORTED,0.26,,2.316,1.7394,,,25.7821,,,0.1294,0.1294,5.3565,0.0,1.9,15.5,21.6,7.5667,0.3909,1.7855,COLD_START,,MEASURED,EVIDENCE_SUFFICIENT,,BLOCKING_REVIEW,RECEIVING_ROLE_RESTS_ON_RAW_SNAPS_ONLY;ROOM_OPPORTUNITY_ORDER_INVERTS_ROLE_ORDER,0.5291,,0.212,,
Malachi Fields,00-0041042,NYG,LA,targets,4100.0,,,ACTIVE,2,,STARTER,ROLE_SUPPORTED,0.72,,2.9802,1.9099,,,24.0723,,,0.1454,0.1454,5.2509,0.0,3.6,12.8,16.4,5.7155,0.244,1.2807,4.0,,MEASURED,EVIDENCE_SUFFICIENT,,CLEARED_WITH_WARNING,RECEIVING_ROLE_RESTS_ON_RAW_SNAPS_ONLY,0.4472,,0.2534,,
Theo Johnson,00-0039847,NYG,LA,targets,2600.0,,,ACTIVE,2,,PRIMARY_ROTATION,ROLE_SUPPORTED,0.46,,2.9219,1.8811,,,21.4151,,,0.1432,0.1432,4.9116,0.0,3.5,11.8,14.9,5.1753,0.2389,1.8891,1.0,,MEASURED,EVIDENCE_SUFFICIENT,,CLEARED_WITH_WARNING,RECEIVING_ROLE_RESTS_ON_RAW_SNAPS_ONLY,-1.0184,,-0.5706,MODEL_UPDATE,DK moved -1.02 and nothing on this row changed; the engine did: V1_CANDIDATE_R9_W1P_GSVUCY -> V1_CANDIDATE_R9_W1P_GSVUCYS
Darnell Mooney,00-0036309,NYG,LA,targets,3800.0,,,ACTIVE,3,,STARTER,ROLE_SUPPORTED,0.57,,2.9919,1.7331,,,22.4662,,,0.1318,0.1318,4.8556,0.0,3.2,12.0,15.6,5.4526,0.263,1.2778,2.0,,MEASURED,EVIDENCE_SUFFICIENT,,BLOCKING_REVIEW,RECEIVING_ROLE_RESTS_ON_RAW_SNAPS_ONLY;ROOM_OPPORTUNITY_ORDER_INVERTS_ROLE_ORDER,-0.4102,,-0.2315,,
Najee Harris,00-0036893,NYG,LA,carries,4000.0,,,ACTIVE,2,,ROLE_UNCERTAIN,ROLE_UNSUPPORTED,,4.8056,1.2599,0.9892,,20.8655,6.3916,,0.1491,0.0349,0.184,4.8478,0.0,3.5,11.5,14.3,4.7565,0.1368,1.212,COLD_START,,COLD_START,CURRENT_ROLE_COLD_START,,BLOCKING_REVIEW,COLD_START_CARRIES_MATERIAL_PROJECTION;RECEIVING_ROLE_RESTS_ON_RAW_SNAPS_ONLY;UNSUPPORTED_ROLE_PUBLISHED,-0.2621,-0.4438,0.0173,,
Devin Singletary,00-0035250,NYG,LA,carries,4100.0,,,ACTIVE,3,KR3,SECONDARY_ROTATION,ROLE_SUPPORTED,0.36,3.6935,1.3133,1.0445,,15.9051,6.9943,,0.116,0.0403,0.1563,4.2873,0.0,3.0,10.4,13.3,4.5274,0.1831,1.0457,10.0,,MEASURED,EVIDENCE_SUFFICIENT,,CLEARED_WITH_WARNING,RECEIVING_ROLE_RESTS_ON_RAW_SNAPS_ONLY,-0.0256,-0.6827,0.2667,,
Tyler Higbee,00-0033110,LA,NYG,targets,2900.0,,Did Not Participate In Practice,ACTIVE,2,,BACKUP,ROLE_SUPPORTED,0.2,,2.2795,1.591,,,15.9801,,,0.1201,0.1201,3.934,0.0,1.6,11.8,15.2,5.586,0.456,1.3566,2.0,,MEASURED,EVIDENCE_SUFFICIENT,,CLEARED_WITH_WARNING,RECEIVING_ROLE_RESTS_ON_RAW_SNAPS_ONLY,-0.8129,,-0.4833,,
Ronnie Rivers,00-0037557,LA,NYG,carries,4000.0,,,ACTIVE,3,KR2,BACKUP,ROLE_SUPPORTED,0.13,3.3232,1.0556,0.9564,,14.2513,5.8235,,0.1087,0.0406,0.1493,3.8848,0.0,2.0,10.8,14.3,5.0833,0.3124,0.9712,6.0,,MEASURED,EVIDENCE_SUFFICIENT,,CLEARED_WITH_WARNING,RECEIVING_ROLE_RESTS_ON_RAW_SNAPS_ONLY,0.4385,0.0751,0.2191,,
Davis Allen,00-0039074,LA,NYG,targets,2500.0,,,ACTIVE,4,,SECONDARY_ROTATION,ROLE_SUPPORTED,0.34,,1.9418,1.3598,,,11.8543,,,0.1039,0.1039,3.1739,0.0,1.5,9.5,12.3,4.5312,0.4376,1.2696,1.0,,MEASURED,EVIDENCE_SUFFICIENT,,BLOCKING_REVIEW,RECEIVING_ROLE_RESTS_ON_RAW_SNAPS_ONLY;ROOM_OPPORTUNITY_ORDER_INVERTS_ROLE_ORDER,0.0584,,0.0413,,
Tutu Atwell,00-0036849,LA,NYG,targets,3400.0,,,ACTIVE,6,,ROLE_UNCERTAIN,ROLE_UNSUPPORTED,,,1.5754,0.9296,,,13.6139,,,0.0726,0.0726,3.0801,0.0,0.3,9.91,14.4,5.4211,0.4693,0.9059,COLD_START,,COLD_START,CURRENT_ROLE_COLD_START,,BLOCKING_REVIEW,COLD_START_CARRIES_MATERIAL_PROJECTION;RECEIVING_ROLE_RESTS_ON_RAW_SNAPS_ONLY;ROOM_OPPORTUNITY_ORDER_INVERTS_ROLE_ORDER;UNSUPPORTED_ROLE_PUBLISHED,0.48,,0.2638,,
Konata Mumpfield,00-0040590,LA,NYG,targets,3000.0,,,ACTIVE,4,,SECONDARY_ROTATION,ROLE_SUPPORTED,0.26,,2.5594,1.2076,,,11.8109,,,0.0905,0.0905,2.9481,0.0,1.5,8.9,11.8,4.2438,0.4567,0.9827,1.0,,MEASURED,EVIDENCE_SUFFICIENT,,BLOCKING_REVIEW,RECEIVING_ROLE_RESTS_ON_RAW_SNAPS_ONLY;ROOM_OPPORTUNITY_ORDER_INVERTS_ROLE_ORDER,0.2357,,0.2225,,
Terrance Ferguson,00-0040737,LA,NYG,targets,2700.0,,,ACTIVE,3,,PRIMARY_ROTATION,ROLE_SUPPORTED,0.51,,1.7332,0.8672,,,16.0448,,,0.0625,0.0625,2.9091,0.0,0.0,9.2,12.6,4.8885,0.5453,1.0774,1.0,,MEASURED,EVIDENCE_SUFFICIENT,,CLEARED_WITH_WARNING,RECEIVING_ROLE_RESTS_ON_RAW_SNAPS_ONLY,-0.4859,,-0.2811,,
Patrick Ricard,00-0033376,NYG,LA,carries,4000.0,,,ACTIVE,,,FULLBACK,ROLE_UNSUPPORTED,0.54,2.3825,1.008,0.7262,,10.2595,5.1307,,0.0681,0.0271,0.0952,2.8443,0.0,1.6,7.7,10.2,3.5686,0.2511,0.7111,1.0,,MEASURED,CURRENT_GAME_ROLE_UNCERTAIN,,BLOCKING_REVIEW,RECEIVING_ROLE_RESTS_ON_RAW_SNAPS_ONLY;UNSUPPORTED_ROLE_PUBLISHED,1.564,1.5134,0.4544,MODEL_UPDATE,DK moved +1.56 and nothing on this row changed; the engine did: V1_CANDIDATE_R9_W1P_GSVUCY -> V1_CANDIDATE_R9_W1P_GSVUCYS
Odell Beckham Jr.,00-0031235,NYG,LA,targets,3000.0,,,ACTIVE,4,,BACKUP,ROLE_SUPPORTED,0.16,,1.4009,0.7614,,,10.1886,,,0.0587,0.0587,2.1785,0.0,0.0,7.2,9.905,3.8063,0.5601,0.7262,COLD_START,,MEASURED,EVIDENCE_SUFFICIENT,,CLEARED_WITH_WARNING,RECEIVING_ROLE_RESTS_ON_RAW_SNAPS_ONLY,0.0352,,0.0279,,
Stetson Bennett,00-0039107,LA,NYG,dropbacks,4000.0,,,ACTIVE,2,,BACKUP,ROLE_SUPPORTED,0.16,,,,19.9571,,,0.1227,,,0.1227,1.5131,0.0,0.0,4.6905,11.6202,4.6536,0.7726,0.3783,1.0,,MEASURED,EVIDENCE_SUFFICIENT,,CLEARED,,-0.0614,,,,
Max Klare,00-0041510,LA,NYG,targets,2500.0,,,ACTIVE,5,,ROLE_UNCERTAIN,ROLE_UNSUPPORTED,,,0.7242,0.5151,,,5.2725,,,0.0389,0.0389,1.2794,0.0,0.0,4.5,8.2,3.2431,0.7601,0.5118,COLD_START,,COLD_START,CURRENT_ROLE_COLD_START,,CLEARED,,-0.8604,,-0.4889,,
Jameis Winston,00-0031503,NYG,LA,dropbacks,4000.0,,,ACTIVE,2,,ROLE_UNCERTAIN,ROLE_UNSUPPORTED,,,,,16.162,,,0.0996,,,0.0996,1.1174,0.0,0.0,2.844,8.66,3.682,0.787,0.2793,COLD_START,,COLD_START,CURRENT_ROLE_COLD_START,,BLOCKING_REVIEW,COLD_START_CARRIES_MATERIAL_PROJECTION;UNSUPPORTED_ROLE_PUBLISHED,0.0364,,,,
Chris Manhertz,00-0031484,NYG,LA,targets,2500.0,,,ACTIVE,,,SECONDARY_ROTATION,ROLE_UNSUPPORTED,0.35,,0.0609,0.0409,,,0.3781,,,0.0035,0.0035,0.1036,0.0,0.0,0.0,0.0,0.8098,0.9651,0.0414,COLD_START,,MEASURED,CURRENT_GAME_ROLE_UNCERTAIN,,CLEARED,,0.0104,,0.0075,,
Cam Lampkin,00-0039780,LA,NYG,,SALARY_UNAVAILABLE,,,ACTIVE,,,,,,,,,,,,,,,,NOT_EMITTED,,,,,,,,COLD_START,,COLD_START,CURRENT_ROLE_COLD_START,,CLEARED,,,,,,
Emmanuel Forbes,00-0039151,LA,NYG,,SALARY_UNAVAILABLE,,,ACTIVE,,,,,0.0,,,,,,,,,,,NOT_EMITTED,,,,,,,,COLD_START,,MEASURED,CURRENT_GAME_ROLE_UNCERTAIN,,CLEARED,,,,,,
Jaylen McCollough,00-0039776,LA,NYG,,SALARY_UNAVAILABLE,,,ACTIVE,,,,,0.0,,,,,,,,,,,NOT_EMITTED,,,,,,,,COLD_START,,MEASURED,CURRENT_GAME_ROLE_UNCERTAIN,,CLEARED,,,,,,
Jaylen Watson,00-0037195,LA,NYG,,SALARY_UNAVAILABLE,,,ACTIVE,,,,,0.0,,,,,,,,,,,NOT_EMITTED,,,,,,,,COLD_START,,MEASURED,CURRENT_GAME_ROLE_UNCERTAIN,,CLEARED,,,,,,
Josh Wallace,00-0039772,LA,NYG,,SALARY_UNAVAILABLE,,,ACTIVE,,,,,0.0,,,,,,,,,,,NOT_EMITTED,,,,,,,,COLD_START,,MEASURED,CURRENT_GAME_ROLE_UNCERTAIN,,CLEARED,,,,,,
Kam Curl,00-0036349,LA,NYG,,SALARY_UNAVAILABLE,,Limited Participation in Practice,ACTIVE,,,,,0.0,,,,,,,,,,,NOT_EMITTED,,,,,,,,COLD_START,,MEASURED,CURRENT_GAME_ROLE_UNCERTAIN,,CLEARED,,,,,,
Kamren Kinchens,00-0039834,LA,NYG,,SALARY_UNAVAILABLE,Out,Did Not Participate In Practice,INACTIVE,,,,,0.0,,,,,,,,,,,NOT_EMITTED,,,,,,,,COLD_START,,MEASURED,CURRENT_GAME_ROLE_UNCERTAIN,,CLEARED,,,,,,
Nick Andersen,00-0041413,LA,NYG,,SALARY_UNAVAILABLE,,,ACTIVE,,,,,,,,,,,,,,,,NOT_EMITTED,,,,,,,,COLD_START,,COLD_START,CURRENT_ROLE_COLD_START,,CLEARED,,,,,,
Nyzier Fourqurean,00-0041416,LA,NYG,,SALARY_UNAVAILABLE,,,ACTIVE,,,,,,,,,,,,,,,,NOT_EMITTED,,,,,,,,COLD_START,,COLD_START,CURRENT_ROLE_COLD_START,,CLEARED,,,,,,
Quentin Lake,00-0037841,LA,NYG,,SALARY_UNAVAILABLE,,,ACTIVE,,,,,0.0,,,,,,,,,,,NOT_EMITTED,,,,,,,,COLD_START,,MEASURED,CURRENT_GAME_ROLE_UNCERTAIN,,CLEARED,,,,,,
Tanner Ingle,00-0038366,LA,NYG,,SALARY_UNAVAILABLE,,,ACTIVE,,,,,0.0,,,,,,,,,,,NOT_EMITTED,,,,,,,,COLD_START,,MEASURED,CURRENT_GAME_ROLE_UNCERTAIN,,CLEARED,,,,,,
Trent McDuffie,00-0037191,LA,NYG,,SALARY_UNAVAILABLE,,,ACTIVE,,,,,0.0,,,,,,,,,,,NOT_EMITTED,,,,,,,,COLD_START,,MEASURED,CURRENT_GAME_ROLE_UNCERTAIN,,CLEARED,,,,,,
Aaron Donald,00-0031388,LA,NYG,,SALARY_UNAVAILABLE,,Did Not Participate In Practice,ACTIVE,,,,,,,,,,,,,,,,NOT_EMITTED,,,,,,,,COLD_START,,COLD_START,CURRENT_ROLE_COLD_START,,CLEARED,,,,,,
Bill Norton,00-0040595,LA,NYG,,SALARY_UNAVAILABLE,,,ACTIVE,,,,,,,,,,,,,,,,NOT_EMITTED,,,,,,,,COLD_START,,COLD_START,CURRENT_ROLE_COLD_START,,CLEARED,,,,,,
Braden Fiske,00-0039734,LA,NYG,,SALARY_UNAVAILABLE,,,ACTIVE,,,,,0.0,,,,,,,,,,,NOT_EMITTED,,,,,,,,COLD_START,,MEASURED,CURRENT_GAME_ROLE_UNCERTAIN,,CLEARED,,,,,,
Jaxson Moi,00-0041428,LA,NYG,,SALARY_UNAVAILABLE,,,ACTIVE,,,,,,,,,,,,,,,,NOT_EMITTED,,,,,,,,COLD_START,,COLD_START,CURRENT_ROLE_COLD_START,,CLEARED,,,,,,
Kobie Turner,00-0039138,LA,NYG,,SALARY_UNAVAILABLE,,,ACTIVE,,,,,0.0,,,,,,,,,,,NOT_EMITTED,,,,,,,,COLD_START,,MEASURED,CURRENT_GAME_ROLE_UNCERTAIN,,CLEARED,,,,,,
Larrell Murchison,00-0036237,LA,NYG,,SALARY_UNAVAILABLE,,,ACTIVE,,,,,,,,,,,,,,,,NOT_EMITTED,,,,,,,,COLD_START,,COLD_START,CURRENT_ROLE_COLD_START,,CLEARED,,,,,,
Poona Ford,00-0034234,LA,NYG,,SALARY_UNAVAILABLE,,,ACTIVE,,,,,0.0,,,,,,,,,,,NOT_EMITTED,,,,,,,,COLD_START,,MEASURED,CURRENT_GAME_ROLE_UNCERTAIN,,CLEARED,,,,,,
Ty Hamilton,00-0040585,LA,NYG,,SALARY_UNAVAILABLE,,,ACTIVE,,,,,0.0,,,,,,,,,,,NOT_EMITTED,,,,,,,,COLD_START,,MEASURED,CURRENT_GAME_ROLE_UNCERTAIN,,CLEARED,,,,,,
Tyler Davis,00-0039749,LA,NYG,,SALARY_UNAVAILABLE,,,ACTIVE,,,,,0.0,,,,,,,,,,,NOT_EMITTED,,,,,,,,COLD_START,,MEASURED,CURRENT_GAME_ROLE_UNCERTAIN,,CLEARED,,,,,,
Harrison Mevis,00-0039498,LA,NYG,kicking,SALARY_UNAVAILABLE,,,ACTIVE,1,,SPECIALIST,ROLE_SUPPORTED,0.0,,,,,,,,,,,NOT_EMITTED,,,,,,,,COLD_START,,MEASURED,EVIDENCE_SUFFICIENT,,CLEARED,,,,,,
Byron Young,00-0039137,LA,NYG,,SALARY_UNAVAILABLE,,Did Not Participate In Practice,ACTIVE,,,,,0.0,,,,,,,,,,,NOT_EMITTED,,,,,,,,COLD_START,,MEASURED,CURRENT_GAME_ROLE_UNCERTAIN,,CLEARED,,,,,,
Daniel Rickert,00-0041587,LA,NYG,,SALARY_UNAVAILABLE,,,ACTIVE,,,,,,,,,,,,,,,,NOT_EMITTED,,,,,,,,COLD_START,,COLD_START,CURRENT_ROLE_COLD_START,,CLEARED,,,,,,
Darryl Peterson III,00-0041421,LA,NYG,,SALARY_UNAVAILABLE,,,ACTIVE,,,,,,,,,,,,,,,,NOT_EMITTED,,,,,,,,COLD_START,,COLD_START,CURRENT_ROLE_COLD_START,,CLEARED,,,,,,
Desjuan Johnson,00-0039061,LA,NYG,,SALARY_UNAVAILABLE,,,ACTIVE,,,,,0.0,,,,,,,,,,,NOT_EMITTED,,,,,,,,COLD_START,,MEASURED,CURRENT_GAME_ROLE_UNCERTAIN,,CLEARED,,,,,,
Eddie Walls III,00-0041429,LA,NYG,,SALARY_UNAVAILABLE,,,ACTIVE,,,,,,,,,,,,,,,,NOT_EMITTED,,,,,,,,COLD_START,,COLD_START,CURRENT_ROLE_COLD_START,,CLEARED,,,,,,
Elias Neal,00-0039775,LA,NYG,,SALARY_UNAVAILABLE,,,ACTIVE,,,,,,,,,,,,,,,,NOT_EMITTED,,,,,,,,COLD_START,,COLD_START,CURRENT_ROLE_COLD_START,,CLEARED,,,,,,
Grant Stuard,00-0036672,LA,NYG,,SALARY_UNAVAILABLE,,,ACTIVE,,,,,0.0,,,,,,,,,,,NOT_EMITTED,,,,,,,,COLD_START,,MEASURED,CURRENT_GAME_ROLE_UNCERTAIN,,CLEARED,,,,,,
Jamie Sheriff,00-0039944,LA,NYG,,SALARY_UNAVAILABLE,,,ACTIVE,,,,,,,,,,,,,,,,NOT_EMITTED,,,,,,,,COLD_START,,COLD_START,CURRENT_ROLE_COLD_START,,CLEARED,,,,,,
Josaiah Stewart,00-0040580,LA,NYG,,SALARY_UNAVAILABLE,,,ACTIVE,,,,,0.0,,,,,,,,,,,NOT_EMITTED,,,,,,,,COLD_START,,MEASURED,CURRENT_GAME_ROLE_UNCERTAIN,,CLEARED,,,,,,
Keir Thomas,00-0037057,LA,NYG,,SALARY_UNAVAILABLE,,,ACTIVE,,,,,,,,,,,,,,,,NOT_EMITTED,,,,,,,,COLD_START,,COLD_START,CURRENT_ROLE_COLD_START,,CLEARED,,,,,,
Myles Garrett,00-0033868,LA,NYG,,SALARY_UNAVAILABLE,,,ACTIVE,,,,,0.0,,,,,,,,,,,NOT_EMITTED,,,,,,,,COLD_START,,MEASURED,CURRENT_GAME_ROLE_UNCERTAIN,,CLEARED,,,,,,
Nate Landman,00-0037587,LA,NYG,,SALARY_UNAVAILABLE,,Limited Participation in Practice,ACTIVE,,,,,0.0,,,,,,,,,,,NOT_EMITTED,,,,,,,,COLD_START,,MEASURED,CURRENT_GAME_ROLE_UNCERTAIN,,CLEARED,,,,,,
Omar Speights,00-0039774,LA,NYG,,SALARY_UNAVAILABLE,,Full Participation in Practice,ACTIVE,,,,,0.0,,,,,,,,,,,NOT_EMITTED,,,,,,,,COLD_START,,MEASURED,CURRENT_GAME_ROLE_UNCERTAIN,,CLEARED,,,,,,
Shaun Dolac,00-0040613,LA,NYG,,SALARY_UNAVAILABLE,,,ACTIVE,,,,,0.0,,,,,,,,,,,NOT_EMITTED,,,,,,,,COLD_START,,MEASURED,CURRENT_GAME_ROLE_UNCERTAIN,,CLEARED,,,,,,
Wesley Bailey,00-0041404,LA,NYG,,SALARY_UNAVAILABLE,,,ACTIVE,,,,,0.0,,,,,,,,,,,NOT_EMITTED,,,,,,,,COLD_START,,MEASURED,CURRENT_GAME_ROLE_UNCERTAIN,,CLEARED,,,,,,
Joe Cardona,00-0032228,LA,NYG,,SALARY_UNAVAILABLE,,,ACTIVE,,LS1,,,,,,,,,,,,,,NOT_EMITTED,,,,,,,,COLD_START,,COLD_START,CURRENT_ROLE_COLD_START,,CLEARED,,,,,,
Alaric Jackson,00-0036603,LA,NYG,,SALARY_UNAVAILABLE,,Did Not Participate In Practice,ACTIVE,,,,,,,,,,,,,,,,NOT_EMITTED,,,,,,,,COLD_START,,COLD_START,CURRENT_ROLE_COLD_START,,CLEARED,,,,,,
Austin Blaske,00-0041425,LA,NYG,,SALARY_UNAVAILABLE,,,ACTIVE,,,,,,,,,,,,,,,,NOT_EMITTED,,,,,,,,COLD_START,,COLD_START,CURRENT_ROLE_COLD_START,,CLEARED,,,,,,
Beaux Limmer,00-0039753,LA,NYG,,SALARY_UNAVAILABLE,,,ACTIVE,,,,,,,,,,,,,,,,NOT_EMITTED,,,,,,,,COLD_START,,COLD_START,CURRENT_ROLE_COLD_START,,CLEARED,,,,,,
Bill Murray,00-0036093,LA,NYG,,SALARY_UNAVAILABLE,,,INACTIVE,,,,,,,,,,,,,,,,NOT_EMITTED,,,,,,,,COLD_START,,COLD_START,CURRENT_ROLE_COLD_START,,CLEARED,,,,,,
Blake Hance,00-0035355,LA,NYG,,SALARY_UNAVAILABLE,,,ACTIVE,,,,,,,,,,,,,,,,NOT_EMITTED,,,,,,,,COLD_START,,COLD_START,CURRENT_ROLE_COLD_START,,CLEARED,,,,,,
Coleman Shelton,00-0034114,LA,NYG,,SALARY_UNAVAILABLE,,,ACTIVE,,,,,,,,,,,,,,,,NOT_EMITTED,,,,,,,,COLD_START,,COLD_START,CURRENT_ROLE_COLD_START,,CLEARED,,,,,,
David Quessenberry,00-0030097,LA,NYG,,SALARY_UNAVAILABLE,,,ACTIVE,,,,,,,,,,,,,,,,NOT_EMITTED,,,,,,,,COLD_START,,COLD_START,CURRENT_ROLE_COLD_START,,CLEARED,,,,,,
Dylan McMahon,00-0039830,LA,NYG,,SALARY_UNAVAILABLE,,,ACTIVE,,,,,,,,,,,,,,,,NOT_EMITTED,,,,,,,,COLD_START,,COLD_START,CURRENT_ROLE_COLD_START,,CLEARED,,,,,,
Justin Dedich,00-0039784,LA,NYG,,SALARY_UNAVAILABLE,,,ACTIVE,,,,,,,,,,,,,,,,NOT_EMITTED,,,,,,,,COLD_START,,COLD_START,CURRENT_ROLE_COLD_START,,CLEARED,,,,,,
Keagen Trost,00-0041394,LA,NYG,,SALARY_UNAVAILABLE,,,ACTIVE,,,,,,,,,,,,,,,,NOT_EMITTED,,,,,,,,COLD_START,,COLD_START,CURRENT_ROLE_COLD_START,,CLEARED,,,,,,
Kevin Dotson,00-0036339,LA,NYG,,SALARY_UNAVAILABLE,,,ACTIVE,,,,,,,,,,,,,,,,NOT_EMITTED,,,,,,,,COLD_START,,COLD_START,CURRENT_ROLE_COLD_START,,CLEARED,,,,,,
Steve Avila,00-0039058,LA,NYG,,SALARY_UNAVAILABLE,,,ACTIVE,,,,,,,,,,,,,,,,NOT_EMITTED,,,,,,,,COLD_START,,COLD_START,CURRENT_ROLE_COLD_START,,CLEARED,,,,,,
Warren McClendon Jr.,00-0039077,LA,NYG,,SALARY_UNAVAILABLE,,,ACTIVE,,,,,,,,,,,,,,,,NOT_EMITTED,,,,,,,,COLD_START,,COLD_START,CURRENT_ROLE_COLD_START,,CLEARED,,,,,,
Ethan Evans,00-0039059,LA,NYG,,SALARY_UNAVAILABLE,,,ACTIVE,,H1,,,0.0,,,,,,,,,,,NOT_EMITTED,,,,,,,,COLD_START,,MEASURED,OFFENSIVE_DEPTH_UNKNOWN,,CLEARED,,,,,,
Jack Bouwmeester,00-0041560,LA,NYG,,SALARY_UNAVAILABLE,,,ACTIVE,,,,,,,,,,,,,,,,NOT_EMITTED,,,,,,,,COLD_START,,COLD_START,CURRENT_ROLE_COLD_START,,CLEARED,,,,,,
Matthew Caldwell,00-0041414,LA,NYG,dropbacks,SALARY_UNAVAILABLE,,,ACTIVE,4,,,,,,,,,,,,,,,NOT_EMITTED,,,,,,,,COLD_START,,COLD_START,CURRENT_ROLE_COLD_START,,CLEARED,,,,,,
Ty Simpson,00-0041568,LA,NYG,dropbacks,4000.0,,,INACTIVE,3,,ROLE_UNCERTAIN,ROLE_UNSUPPORTED,,,,,,,,,,,,NOT_EMITTED,,,,,,,,COLD_START,,COLD_START,CURRENT_ROLE_COLD_START,,CLEARED,,,,,,
Dean Connors,00-0041415,LA,NYG,carries,SALARY_UNAVAILABLE,,,ACTIVE,,,,,,,,,,,,,,,,NOT_EMITTED,,,,,,,,COLD_START,,COLD_START,CURRENT_ROLE_COLD_START,,CLEARED,,,,,,
Jordan Waters,00-0040601,LA,NYG,carries,SALARY_UNAVAILABLE,,,ACTIVE,,,,,,,,,,,,,,,,NOT_EMITTED,,,,,,,,COLD_START,,COLD_START,CURRENT_ROLE_COLD_START,,CLEARED,,,,,,
Dan Villari,00-0041422,LA,NYG,targets,SALARY_UNAVAILABLE,,,ACTIVE,,,,,,,,,,,,,,,,NOT_EMITTED,,,,,,,,COLD_START,,COLD_START,CURRENT_ROLE_COLD_START,,CLEARED,,,,,,
Alex Bachman,00-0035602,LA,NYG,targets,SALARY_UNAVAILABLE,,,ACTIVE,,,,,,,,,,,,,,,,NOT_EMITTED,,,,,,,,COLD_START,,COLD_START,CURRENT_ROLE_COLD_START,,CLEARED,,,,,,
Brennan Presley,00-0040597,LA,NYG,targets,SALARY_UNAVAILABLE,,,ACTIVE,,,,,,,,,,,,,,,,NOT_EMITTED,,,,,,,,COLD_START,,COLD_START,CURRENT_ROLE_COLD_START,,CLEARED,,,,,,
CJ Daniels,00-0041399,LA,NYG,targets,3000.0,,,INACTIVE,7,,ROLE_UNCERTAIN,ROLE_UNSUPPORTED,,,,,,,,,,,,NOT_EMITTED,,,,,,,,COLD_START,,COLD_START,CURRENT_ROLE_COLD_START,,CLEARED,,,,,,
Jordan Whittington,00-0039751,LA,NYG,targets,SALARY_UNAVAILABLE,Doubtful,Did Not Participate In Practice,INACTIVE,3,KR1,PRIMARY_ROTATION,ROLE_UNSUPPORTED,0.41,,,,,,,,,,,NOT_EMITTED,,,,,,,,1.0,,MEASURED,CURRENT_GAME_ROLE_UNCERTAIN,,CLEARED,,,,,,
Puka Nacua,00-0039075,LA,NYG,targets,7900.0,Questionable,Did Not Participate In Practice,INACTIVE,1,,STARTER,ROLE_SUPPORTED,0.7,,,,,,,,,,,NOT_EMITTED,,,,,,,,9.0,,MEASURED,EVIDENCE_SUFFICIENT,,CLEARED,,,,,,
Andru Phillips,00-0039821,NYG,LA,,SALARY_UNAVAILABLE,,,ACTIVE,,,,,0.0,,,,,,,,,,,NOT_EMITTED,,,,,,,,COLD_START,,MEASURED,CURRENT_GAME_ROLE_UNCERTAIN,,CLEARED,,,,,,
Ar'Darius Washington,00-0036587,NYG,LA,,SALARY_UNAVAILABLE,,,ACTIVE,,,,,0.0,,,,,,,,,,,NOT_EMITTED,,,,,,,,COLD_START,,MEASURED,CURRENT_GAME_ROLE_UNCERTAIN,,CLEARED,,,,,,
Colton Hood,00-0041462,NYG,LA,,SALARY_UNAVAILABLE,,,ACTIVE,,,,,0.0,,,,,,,,,,,NOT_EMITTED,,,,,,,,COLD_START,,MEASURED,CURRENT_GAME_ROLE_UNCERTAIN,,CLEARED,,,,,,
Deonte Banks,00-0039000,NYG,LA,,SALARY_UNAVAILABLE,Questionable,Did Not Participate In Practice,INACTIVE,,KR1,,,0.0,,,,,,,,,,,NOT_EMITTED,,,,,,,,COLD_START,,MEASURED,OFFENSIVE_DEPTH_UNKNOWN,,CLEARED,,,,,,
Elijah Campbell,00-0034248,NYG,LA,,SALARY_UNAVAILABLE,,,ACTIVE,,,,,0.0,,,,,,,,,,,NOT_EMITTED,,,,,,,,COLD_START,,MEASURED,CURRENT_GAME_ROLE_UNCERTAIN,,CLEARED,,,,,,
Elijah Jones,00-0039823,NYG,LA,,SALARY_UNAVAILABLE,,,ACTIVE,,,,,,,,,,,,,,,,NOT_EMITTED,,,,,,,,COLD_START,,COLD_START,CURRENT_ROLE_COLD_START,,CLEARED,,,,,,
Greg Newsome II,00-0036996,NYG,LA,,SALARY_UNAVAILABLE,,Full Participation in Practice,ACTIVE,,,,,0.0,,,,,,,,,,,NOT_EMITTED,,,,,,,,COLD_START,,MEASURED,CURRENT_GAME_ROLE_UNCERTAIN,,CLEARED,,,,,,
Jaden Robinson,00-0040450,NYG,LA,,SALARY_UNAVAILABLE,,,ACTIVE,,,,,,,,,,,,,,,,NOT_EMITTED,,,,,,,,COLD_START,,COLD_START,CURRENT_ROLE_COLD_START,,CLEARED,,,,,,
Jarrick Bernard-Converse,00-0038401,NYG,LA,,SALARY_UNAVAILABLE,,,ACTIVE,,,,,,,,,,,,,,,,NOT_EMITTED,,,,,,,,COLD_START,,COLD_START,CURRENT_ROLE_COLD_START,,CLEARED,,,,,,
Jason Pinnock,00-0036502,NYG,LA,,SALARY_UNAVAILABLE,,,INACTIVE,,,,,,,,,,,,,,,,NOT_EMITTED,,,,,,,,COLD_START,,COLD_START,CURRENT_ROLE_COLD_START,,CLEARED,,,,,,
Jevon Holland,00-0036998,NYG,LA,,SALARY_UNAVAILABLE,,,ACTIVE,,PR1,,,0.0,,,,,,,,,,,NOT_EMITTED,,,,,,,,COLD_START,,MEASURED,OFFENSIVE_DEPTH_UNKNOWN,,CLEARED,,,,,,
Korie Black,00-0040243,NYG,LA,,SALARY_UNAVAILABLE,,,ACTIVE,,,,,,,,,,,,,,,,NOT_EMITTED,,,,,,,,COLD_START,,COLD_START,CURRENT_ROLE_COLD_START,,CLEARED,,,,,,
Nic Jones,00-0038986,NYG,LA,,SALARY_UNAVAILABLE,,,ACTIVE,,,,,,,,,,,,,,,,NOT_EMITTED,,,,,,,,COLD_START,,COLD_START,CURRENT_ROLE_COLD_START,,CLEARED,,,,,,
Nikko Reed,00-0040471,NYG,LA,,SALARY_UNAVAILABLE,,,ACTIVE,,,,,,,,,,,,,,,,NOT_EMITTED,,,,,,,,COLD_START,,COLD_START,CURRENT_ROLE_COLD_START,,CLEARED,,,,,,
Paulson Adebo,00-0036937,NYG,LA,,SALARY_UNAVAILABLE,,Did Not Participate In Practice,ACTIVE,,,,,0.0,,,,,,,,,,,NOT_EMITTED,,,,,,,,COLD_START,,MEASURED,CURRENT_GAME_ROLE_UNCERTAIN,,CLEARED,,,,,,
Raheem Layne,00-0037468,NYG,LA,,SALARY_UNAVAILABLE,,,ACTIVE,,,,,,,,,,,,,,,,NOT_EMITTED,,,,,,,,COLD_START,,COLD_START,CURRENT_ROLE_COLD_START,,CLEARED,,,,,,
Rico Payton,00-0039620,NYG,LA,,SALARY_UNAVAILABLE,,,ACTIVE,,,,,,,,,,,,,,,,NOT_EMITTED,,,,,,,,COLD_START,,COLD_START,CURRENT_ROLE_COLD_START,,CLEARED,,,,,,
Thaddeus Dixon,00-0041142,NYG,LA,,SALARY_UNAVAILABLE,,,ACTIVE,,,,,,,,,,,,,,,,NOT_EMITTED,,,,,,,,COLD_START,,COLD_START,CURRENT_ROLE_COLD_START,,CLEARED,,,,,,
Tyler Nubin,00-0039861,NYG,LA,,SALARY_UNAVAILABLE,,,ACTIVE,,,,,0.0,,,,,,,,,,,NOT_EMITTED,,,,,,,,COLD_START,,MEASURED,CURRENT_GAME_ROLE_UNCERTAIN,,CLEARED,,,,,,
Basil Okoye,00-0039176,NYG,LA,,SALARY_UNAVAILABLE,,,ACTIVE,,,,,,,,,,,,,,,,NOT_EMITTED,,,,,,,,COLD_START,,COLD_START,CURRENT_ROLE_COLD_START,,CLEARED,,,,,,
Bobby Jamison-Travis,00-0041095,NYG,LA,,SALARY_UNAVAILABLE,,,INACTIVE,,,,,,,,,,,,,,,,NOT_EMITTED,,,,,,,,COLD_START,,COLD_START,CURRENT_ROLE_COLD_START,,CLEARED,,,,,,
Chauncey Golston,00-0036982,NYG,LA,,SALARY_UNAVAILABLE,,Full Participation in Practice,ACTIVE,,,,,0.0,,,,,,,,,,,NOT_EMITTED,,,,,,,,COLD_START,,MEASURED,CURRENT_GAME_ROLE_UNCERTAIN,,CLEARED,,,,,,
DJ Reader,00-0032424,NYG,LA,,SALARY_UNAVAILABLE,,,ACTIVE,,,,,0.0,,,,,,,,,,,NOT_EMITTED,,,,,,,,COLD_START,,MEASURED,CURRENT_GAME_ROLE_UNCERTAIN,,CLEARED,,,,,,
Darius Alexander,00-0040694,NYG,LA,,SALARY_UNAVAILABLE,,,INACTIVE,,,,,0.0,,,,,,,,,,,NOT_EMITTED,,,,,,,,COLD_START,,MEASURED,CURRENT_GAME_ROLE_UNCERTAIN,,CLEARED,,,,,,
Josh Tupou,00-0033347,NYG,LA,,SALARY_UNAVAILABLE,,,ACTIVE,,,,,,,,,,,,,,,,NOT_EMITTED,,,,,,,,COLD_START,,COLD_START,CURRENT_ROLE_COLD_START,,CLEARED,,,,,,
Roy Robertson-Harris,00-0032667,NYG,LA,,SALARY_UNAVAILABLE,,,ACTIVE,,,,,,,,,,,,,,,,NOT_EMITTED,,,,,,,,COLD_START,,COLD_START,CURRENT_ROLE_COLD_START,,CLEARED,,,,,,
Shelby Harris,00-0031270,NYG,LA,,SALARY_UNAVAILABLE,,,ACTIVE,,,,,0.0,,,,,,,,,,,NOT_EMITTED,,,,,,,,COLD_START,,MEASURED,CURRENT_GAME_ROLE_UNCERTAIN,,CLEARED,,,,,,
Dominic Zvada,00-0041145,NYG,LA,kicking,SALARY_UNAVAILABLE,,,ACTIVE,1,,SPECIALIST,ROLE_SUPPORTED,0.0,,,,,,,,,,,NOT_EMITTED,,,,,,,,COLD_START,,MEASURED,EVIDENCE_SUFFICIENT,,CLEARED,,,,,,
Abdul Carter,00-0040677,NYG,LA,,SALARY_UNAVAILABLE,,,ACTIVE,,,,,0.0,,,,,,,,,,,NOT_EMITTED,,,,,,,,COLD_START,,MEASURED,CURRENT_GAME_ROLE_UNCERTAIN,,CLEARED,,,,,,
Arvell Reese,00-0041509,NYG,LA,,SALARY_UNAVAILABLE,,,ACTIVE,,,,,0.0,,,,,,,,,,,NOT_EMITTED,,,,,,,,COLD_START,,MEASURED,CURRENT_GAME_ROLE_UNCERTAIN,,CLEARED,,,,,,
Brian Burns,00-0035713,NYG,LA,,SALARY_UNAVAILABLE,,,ACTIVE,,,,,0.0,,,,,,,,,,,NOT_EMITTED,,,,,,,,COLD_START,,MEASURED,CURRENT_GAME_ROLE_UNCERTAIN,,CLEARED,,,,,,
Chandler Martin,00-0040108,NYG,LA,,SALARY_UNAVAILABLE,,,ACTIVE,,,,,,,,,,,,,,,,NOT_EMITTED,,,,,,,,COLD_START,,COLD_START,CURRENT_ROLE_COLD_START,,CLEARED,,,,,,
Jack Kelly,00-0041102,NYG,LA,,SALARY_UNAVAILABLE,,,ACTIVE,,,,,0.0,,,,,,,,,,,NOT_EMITTED,,,,,,,,COLD_START,,MEASURED,CURRENT_GAME_ROLE_UNCERTAIN,,CLEARED,,,,,,
Kayvon Thibodeaux,00-0037611,NYG,LA,,SALARY_UNAVAILABLE,,,ACTIVE,,,,,0.0,,,,,,,,,,,NOT_EMITTED,,,,,,,,COLD_START,,MEASURED,CURRENT_GAME_ROLE_UNCERTAIN,,CLEARED,,,,,,
Malik Harrison,00-0036280,NYG,LA,,SALARY_UNAVAILABLE,,,ACTIVE,,,,,0.0,,,,,,,,,,,NOT_EMITTED,,,,,,,,COLD_START,,MEASURED,CURRENT_GAME_ROLE_UNCERTAIN,,CLEARED,,,,,,
Micah McFadden,00-0037259,NYG,LA,,SALARY_UNAVAILABLE,Questionable,Limited Participation in Practice,INACTIVE,,,,,0.0,,,,,,,,,,,NOT_EMITTED,,,,,,,,COLD_START,,MEASURED,CURRENT_GAME_ROLE_UNCERTAIN,,CLEARED,,,,,,
Trace Ford,00-0040434,NYG,LA,,SALARY_UNAVAILABLE,,,ACTIVE,,,,,,,,,,,,,,,,NOT_EMITTED,,,,,,,,COLD_START,,COLD_START,CURRENT_ROLE_COLD_START,,CLEARED,,,,,,
Tremaine Edmunds,00-0034673,NYG,LA,,SALARY_UNAVAILABLE,,,ACTIVE,,,,,0.0,,,,,,,,,,,NOT_EMITTED,,,,,,,,COLD_START,,MEASURED,CURRENT_GAME_ROLE_UNCERTAIN,,CLEARED,,,,,,
Zaire Barnes,00-0038399,NYG,LA,,SALARY_UNAVAILABLE,,,ACTIVE,,,,,0.0,,,,,,,,,,,NOT_EMITTED,,,,,,,,COLD_START,,MEASURED,CURRENT_GAME_ROLE_UNCERTAIN,,CLEARED,,,,,,
Ben Mann,00-0041143,NYG,LA,,SALARY_UNAVAILABLE,,,ACTIVE,,LS1,,,,,,,,,,,,,,NOT_EMITTED,,,,,,,,COLD_START,,COLD_START,CURRENT_ROLE_COLD_START,,CLEARED,,,,,,
Aaron Stinnie,00-0034668,NYG,LA,,SALARY_UNAVAILABLE,,,ACTIVE,,,,,,,,,,,,,,,,NOT_EMITTED,,,,,,,,COLD_START,,COLD_START,CURRENT_ROLE_COLD_START,,CLEARED,,,,,,
Andrew Thomas,00-0036386,NYG,LA,,SALARY_UNAVAILABLE,,Limited Participation in Practice,ACTIVE,,,,,,,,,,,,,,,,NOT_EMITTED,,,,,,,,COLD_START,,COLD_START,CURRENT_ROLE_COLD_START,,CLEARED,,,,,,
Bryan Hudson,00-0039446,NYG,LA,,SALARY_UNAVAILABLE,,,ACTIVE,,,,,,,,,,,,,,,,NOT_EMITTED,,,,,,,,COLD_START,,COLD_START,CURRENT_ROLE_COLD_START,,CLEARED,,,,,,
Darian Kinnard,00-0037194,NYG,LA,,SALARY_UNAVAILABLE,,,ACTIVE,,,,,,,,,,,,,,,,NOT_EMITTED,,,,,,,,COLD_START,,COLD_START,CURRENT_ROLE_COLD_START,,CLEARED,,,,,,
Francis Mauigoa,00-0041505,NYG,LA,,SALARY_UNAVAILABLE,,Full Participation in Practice,ACTIVE,,,,,,,,,,,,,,,,NOT_EMITTED,,,,,,,,COLD_START,,COLD_START,CURRENT_ROLE_COLD_START,,CLEARED,,,,,,
Geno VanDeMark,00-0041234,NYG,LA,,SALARY_UNAVAILABLE,,,ACTIVE,,,,,,,,,,,,,,,,NOT_EMITTED,,,,,,,,COLD_START,,COLD_START,CURRENT_ROLE_COLD_START,,CLEARED,,,,,,
J.C. Davis,00-0041101,NYG,LA,,SALARY_UNAVAILABLE,,,INACTIVE,,,,,,,,,,,,,,,,NOT_EMITTED,,,,,,,,COLD_START,,COLD_START,CURRENT_ROLE_COLD_START,,CLEARED,,,,,,
Jarrod Gray,00-0041578,NYG,LA,,SALARY_UNAVAILABLE,,,ACTIVE,,,,,,,,,,,,,,,,NOT_EMITTED,,,,,,,,COLD_START,,COLD_START,CURRENT_ROLE_COLD_START,,CLEARED,,,,,,
Jermaine Eluemunor,00-0033290,NYG,LA,,SALARY_UNAVAILABLE,,,ACTIVE,,,,,,,,,,,,,,,,NOT_EMITTED,,,,,,,,COLD_START,,COLD_START,CURRENT_ROLE_COLD_START,,CLEARED,,,,,,
John Michael Schmitz,00-0039019,NYG,LA,,SALARY_UNAVAILABLE,,,ACTIVE,,,,,,,,,,,,,,,,NOT_EMITTED,,,,,,,,COLD_START,,COLD_START,CURRENT_ROLE_COLD_START,,CLEARED,,,,,,
Jon Runyan,00-0036246,NYG,LA,,SALARY_UNAVAILABLE,,,ACTIVE,,,,,,,,,,,,,,,,NOT_EMITTED,,,,,,,,COLD_START,,COLD_START,CURRENT_ROLE_COLD_START,,CLEARED,,,,,,
Kingsley Eguakun,00-0039442,NYG,LA,,SALARY_UNAVAILABLE,,,ACTIVE,,,,,,,,,,,,,,,,NOT_EMITTED,,,,,,,,COLD_START,,COLD_START,CURRENT_ROLE_COLD_START,,CLEARED,,,,,,
Marcus Mbow,00-0040181,NYG,LA,,SALARY_UNAVAILABLE,,,ACTIVE,,,,,,,,,,,,,,,,NOT_EMITTED,,,,,,,,COLD_START,,COLD_START,CURRENT_ROLE_COLD_START,,CLEARED,,,,,,
Ryan Schernecke,00-0041144,NYG,LA,,SALARY_UNAVAILABLE,,,ACTIVE,,,,,,,,,,,,,,,,NOT_EMITTED,,,,,,,,COLD_START,,COLD_START,CURRENT_ROLE_COLD_START,,CLEARED,,,,,,
Jordan Stout,00-0038094,NYG,LA,,SALARY_UNAVAILABLE,,,ACTIVE,,H1,,,0.0,,,,,,,,,,,NOT_EMITTED,,,,,,,,COLD_START,,MEASURED,OFFENSIVE_DEPTH_UNKNOWN,,CLEARED,,,,,,
Jake Haener,00-0038998,NYG,LA,dropbacks,SALARY_UNAVAILABLE,,,ACTIVE,,,,,,,,,,,,,,,,NOT_EMITTED,,,,,,,,COLD_START,,COLD_START,CURRENT_ROLE_COLD_START,,CLEARED,,,,,,
Grant Finley,00-0041585,NYG,LA,carries,SALARY_UNAVAILABLE,,,ACTIVE,,,,,,,,,,,,,,,,NOT_EMITTED,,,,,,,,COLD_START,,COLD_START,CURRENT_ROLE_COLD_START,,CLEARED,,,,,,
Phil Mafah,00-0040021,NYG,LA,carries,SALARY_UNAVAILABLE,,,ACTIVE,,,,,,,,,,,,,,,,NOT_EMITTED,,,,,,,,COLD_START,,COLD_START,CURRENT_ROLE_COLD_START,,CLEARED,,,,,,
Thomas Fidone II,00-0040225,NYG,LA,targets,2500.0,,,INACTIVE,4,,ROLE_UNCERTAIN,ROLE_UNSUPPORTED,,,,,,,,,,,,NOT_EMITTED,,,,,,,,COLD_START,,COLD_START,CURRENT_ROLE_COLD_START,,CLEARED,,,,,,
Braxton Berrios,00-0034419,NYG,LA,targets,SALARY_UNAVAILABLE,,,ACTIVE,,,,,0.17,,,,,,,,,,,NOT_EMITTED,,,,,,,,COLD_START,,MEASURED,CURRENT_GAME_ROLE_UNCERTAIN,,CLEARED,,,,,,
Calvin Austin III,00-0037837,NYG,LA,targets,SALARY_UNAVAILABLE,,,ACTIVE,5,PR2,,,,,,,,,,,,,,NOT_EMITTED,,,,,,,,COLD_START,,COLD_START,CURRENT_ROLE_COLD_START,,CLEARED,,,,,,
Charlie Jones,00-0038576,NYG,LA,targets,SALARY_UNAVAILABLE,,,ACTIVE,,,,,,,,,,,,,,,,NOT_EMITTED,,,,,,,,COLD_START,,COLD_START,CURRENT_ROLE_COLD_START,,CLEARED,,,,,,
Dalen Cambre,00-0040431,NYG,LA,targets,SALARY_UNAVAILABLE,,,ACTIVE,,,,,,,,,,,,,,,,NOT_EMITTED,,,,,,,,COLD_START,,COLD_START,CURRENT_ROLE_COLD_START,,CLEARED,,,,,,
Gunner Olszewski,00-0035645,NYG,LA,targets,SALARY_UNAVAILABLE,,,ACTIVE,6,PR3,,,,,,,,,,,,,,NOT_EMITTED,,,,,,,,COLD_START,,COLD_START,CURRENT_ROLE_COLD_START,,CLEARED,,,,,,
Jalin Hyatt,00-0038938,NYG,LA,targets,SALARY_UNAVAILABLE,,,ACTIVE,,,,,,,,,,,,,,,,NOT_EMITTED,,,,,,,,COLD_START,,COLD_START,CURRENT_ROLE_COLD_START,,CLEARED,,,,,,
