contest_id,captain,team,pos,n,share
196438543,CeeDee Lamb,DAL,WR,33,0.22
196438543,Javonte Williams,DAL,RB,25,0.167
196438543,Bucky Irving,TB,RB,17,0.113
196438543,Dak Prescott,DAL,QB,15,0.1
196438543,Emeka Egbuka,TB,WR,12,0.08
196438543,George Pickens,DAL,WR,10,0.067
196438543,Jalon Daniels,TB,QB,10,0.067
196438543,Cade Otton,TB,TE,8,0.053
196438543,Brandon Aubrey,DAL,K,7,0.047
196438543,Buccaneers,TB,DST,6,0.04
196438543,Jake Ferguson,DAL,TE,3,0.02
196438543,Chris Godwin Jr.,TB,WR,3,0.02
196438543,Chase McLaughlin,TB,K,1,0.007
196438555,CeeDee Lamb,DAL,WR,6,0.3
196438555,Javonte Williams,DAL,RB,6,0.3
196438555,Jalon Daniels,TB,QB,2,0.1
196438555,Dak Prescott,DAL,QB,1,0.05
196438555,Cade Otton,TB,TE,1,0.05
196438555,Bucky Irving,TB,RB,1,0.05
196438555,George Pickens,DAL,WR,1,0.05
196438555,Brandon Aubrey,DAL,K,1,0.05
196438555,Emeka Egbuka,TB,WR,1,0.05
196438556,CeeDee Lamb,DAL,WR,6,0.3
196438556,Javonte Williams,DAL,RB,6,0.3
196438556,Jalon Daniels,TB,QB,2,0.1
196438556,Dak Prescott,DAL,QB,1,0.05
196438556,Cade Otton,TB,TE,1,0.05
196438556,Bucky Irving,TB,RB,1,0.05
196438556,George Pickens,DAL,WR,1,0.05
196438556,Brandon Aubrey,DAL,K,1,0.05
196438556,Emeka Egbuka,TB,WR,1,0.05
