task_id,objective,dependencies,required_sources,implementation_outline,output_artifacts,acceptance_criteria,validation_plan,blocked_product_scopes,research_uncertainty
T-01,"Content-addressed raw capture store with sha256, retrieved_at_utc, published_at_status and parser_version for every source",none,all registry sources,Implement raw_capture schema 3.1; capture CLI; storage layout raw/YYYY/MM/DD/<sha>.<ext>; parser registry,"raw store, capture log parquet",every downstream record references a capture_id; zero records without hash,replay a week of captures and verify hash stability,all scopes until done,low
T-02,"Daily self-archive of nflverse rosters, weekly rosters, injuries, depth charts, snap counts, pbp, stats with size and sha256 change log",T-01,"nflverse_rosters, nflverse_weekly_rosters, nflverse_injuries, nflverse_depth_charts, nflverse_snap_counts, nflverse_pbp, nflverse_stats_player",cron at 07:30 UTC and 05:00 UTC Thu for stat corrections; store bytes; diff row counts and hashes,vintage table per asset,each asset has one vintage per day with hash; stat-correction diffs logged,compare Wed and Thu pbp vintages for one week,backtests needing vintages,low
T-03,"Inactives capture pipeline: NFL.com weekly article plus club posts at T minus 100 to T minus 60 minutes, then gamebook reconciliation",T-01,"nfl_inactives_article, club_inactives, nfl_gamebook",extend REPO capture standard in external-research/inactives/; schedule per kickoff window; parse names to gsis_id with identity_resolution records,player_state_at_cut updates; reconciliation report,G-I-1 pass; reconciliation mismatch rate reported,gamebook starters and inactives vs captured list for every game in a week,F1 to F5 live,medium (name resolution)
T-04,"Transactions and reserve-list event capture with retrieval timestamps and rules engine for IR, PUP, NFI, suspension, elevation and reversion","T-01, T-07","nfl_transactions, cba_art33, nfl_emergency_qb, club sites",investigate NFL.com transactions JSON endpoint (E-01); encode CBA Article 33 Section 5 limits and 4pm reversion; emergency QB rule,roster_event table; rules test suite,every roster event typed; rule tests pass,replay 2026 weeks 1 to 2 events against weekly rosters,F1 to F5 backtests using Tier 2,high (source structure UNKNOWN)
T-05,"Weather archive: forecasts at T minus 96, 72, 48, 24, 6 hours per stadium plus observed post-game",T-01,"open_meteo_hist_forecast, open_meteo_hist, noaa_isd, meteostat_hourly, nfldata_datasets (roof, surface)",stadium table with lat lon; scheduled pulls; weather_at_cut schema 3.9; is_proxy flag,weather_at_cut parquet,every outdoor game has all horizons from archive start,compare T minus 6 forecast with observed for a month,F3 for outdoor games when weather is a live input,medium (license terms UNKNOWN)
T-06,Release manifest and seed derivation,T-01,none,manifest schema 3.4; seed_root = sha256(manifest); numpy SeedSequence spawning per world block,manifest json per release,identical manifest reproduces identical world_player_stats hash,rerun a release twice,all scopes,low
T-07,Football identity graph keyed by gsis_id with alias table,T-01,"nflverse_players, nflverse_rosters, dp_ff_playerids, nflverse_draft_picks","load players.parquet; build alias variants (suffix, accent fold, football_name); team and position history from roster vintages",identity_football parquet; alias parquet,G-II-1 100 percent coverage of pbp players for the cut,weekly coverage report,F1 to F5,low
T-08,Salary and market identity axis with confidence classes and refusal states,T-07,"DK and FD salary files (uploaded_attachments), dk_contest_csv",identity_resolution schema 3.3; deterministic matcher; audit log; blocks_scopes,identity_resolution parquet per slate,G-II-2 reported; no football state modified by salary failures,hand-labeled set from Week 1 salary files,D1 to D5 only,medium
T-09,"Availability model: P(active) and limitation multiplier from game status, practice pattern, injury type, team, position, role","T-02, T-03, T-04","nflverse_injuries, nfl_injury_policy, player_state_at_cut","hierarchical logistic, forward-chain fit; deterministic handling of IR, PUP, NFI, suspension",availability parquet per release; model card,G-XIV-1 reliability by status; G-XIV-2 mixtures present,chronological origins 2022 to 2025 with final-report-only label,F2 onward,medium (FINAL_REPORT_ONLY limitation)
T-10,Two-stage participation model: appearance hurdle and beta snap share with EWMA prior and change-point reset,"T-07, T-09","nflverse_snap_counts, nflverse_depth_charts, nflverse_pbp",stage 1 logistic; stage 2 beta regression; CUSUM change-point; pfr_id to gsis_id bridge,snap share posterior per player-week,"G-III-1, G-III-2",forward-chain 2022 to 2025 vs persistence baseline,F2 onward,medium
T-11,"Depth-aware cold-start priors from depth rank, draft capital and room composition","T-07, T-10","nflverse_depth_charts, nflverse_draft_picks, nfldata_datasets",empirical Bayes prior; exclude career columns; n0 derived per Section 4.2,"prior table by position, depth rank, draft bucket",G-IV-1 leakage check; error vs depth-only baseline,2025 to 2026 rookies chronologically,F2 for rookies and new-team players,high (thin data)
T-12,Role state model with latent states and transition model; HMM challenger,"T-10, T-11","snap counts, depth charts, availability",state enum; transition covariates including teammate availability and coaching change; HMM from REPO methodology as challenger,role posterior per player-week,G-V-1 log loss vs persistence,forward-chain,F2 onward,high
T-13,Absence and redistribution learning by position and role pair,"T-10, T-12","snap counts, pbp, player_state_at_cut",estimate concentration shifts under known pre-cut absences; NO_ANALOGUE state,redistribution effects table,G-VIII-1,weeks with pre-cut known absences only,"F2, F3",high
T-14,"Team latent rates: pace, neutral pass rate, situational modifiers, opponent-adjusted with forward-chain shrinkage","T-02, T-06","nflverse_pbp, nfldata_datasets (coaches)",extend REPO OAS1 forward-chain approach; random walks by week; coach random effect,team rate posteriors,"G-VI-1, G-VI-2, G-XIII-1",chronological 2019 to 2025,F1 onward,medium
T-15,Dirichlet-multinomial allocation of targets and carries by field zone,"T-10, T-12, T-14","pbp, snap counts",concentration vector from role and share; red-zone split; exact sum invariant,allocation parameters per team-week,"G-VII-1, G-VII-2",forward-chain vs share-proportional baseline,F2 onward,medium
T-16,Per-opportunity efficiency distributions with hierarchical shrinkage; matchup and weather covariates as optional modules,"T-05, T-14","pbp, pfr_advstats_pass, nflverse_ftn_charting",per-play yardage and TD components; opponent adjustment; module flags,efficiency posteriors,G-IX-1; G-XII-1 for matchup module,CRPS vs position mean,F3,medium
T-17,"Drive-level simulator (Option B) with play-count sub-model, clock, score state, kneel-downs, garbage time, overtime module","T-14, T-15, T-16",pbp,"Numba kernel over (world, play); emit per-play events; accounting by construction","world_player_stats, world_team_stats",G-X-1 exact; G-X-2; G-X-3,"team totals, drives, plays PIT on 2024 to 2025 origins","F1 to F5, P, D",high
T-18,Kicker module: FG attempt emergence and make probability with kicker random effects and environment terms,"T-17, T-05","pbp, clark_johnson_stimpson reference",logistic re-estimation forward-chain; reference coefficients as sanity only,kicker parameters,G-XXIII-1,reliability by distance bucket,F4,low
T-19,"DST module: sacks, turnovers, return TDs, safeties, blocked kicks, points allowed from opponent world score",T-17,"pbp, dk_rules_json",event emission rates per play; bracket scoring,dst world stats,"G-XXII-1, G-XXII-2",PIT and bracket reliability,"F5, D1, D2",medium
T-20,"Uncertainty decomposition: nested parameter, scenario and world sampling with variance components and MC SE",T-17,none,law of total variance; report per output,uncertainty columns,"G-XV-1, G-XV-2",synthetic checks plus release audits,all exposed outputs,low
T-21,"Validation library: CRPS, log score, PIT, randomized PIT, CEP tests, block bootstrap clustered by game and team-week",T-06,"Gneiting 2007, Wei and Held 2014, REPO methodology/simulation_calibration.md",pure functions with tests; gate_result schema 3.8,gate_result records,unit tests on known distributions,simulation study for power,all statistical gates,low
T-22,Gate threshold and sample-size derivation per family and per gate following Section 4.2,T-21,none,"estimand, product risk, dependence, power; store derivations",gate definitions with derivations,every gate has documented derivation; none fixed by fiat,review by independent validator,all scopes,medium
T-23,Chronological backtest harness with rolling origins and leakage linter on manifests,"T-06, T-21",all,origin loop; published_at greater than cut fails; feature manifest linter rejecting market columns and model-derived columns without exemption,backtest reports,G-XVII-1; linter zero exceptions,inject a leaked column and confirm failure,all scopes,low
T-24,"Prospective log: freeze releases before kickoff, score after, accumulate weeks",T-23,all,release freeze at cut; scoring job after gamebooks; ledger,prospective ledger,weeks counted only when frozen before kickoff,audit timestamps,DEPLOYABLE verdicts,low
T-25,"Prop functionals from worlds with push handling, alternate lines, MC SE and family calibration (distributional first)","T-17, T-21","world_player_stats, Hard Rock capture files as evaluation data","P_over, P_under, P_push; PIT quantile mapping per family; post-hoc event calibration as diagnostic",prop_probability records,"G-XVIII-1, G-XVIII-2, G-XIX-1, G-XIX-2",forward-chain calibration origins,P1,medium
T-26,Market comparison and SGP joint probabilities as evaluation layer,T-25,"Hard Rock captures, OddsJam no-vig formula reference",de-vig; score differences; joint indicator means with MC SE,comparison tables,"G-XX-1, G-XX-2, G-XXI-1",weekly,"P1, P2 verdicts (NO_SUPPORTED_EDGE logic)",low
T-27,DFS scoring transform per world with versioned DK rules; Classic and Showdown,"T-17, T-08",dk_rules_json,apply constants and bonuses per world; captain multiplier; rules_version hash,dfs world points,G-XXIV-1 match to contest CSV points,historical contests,"D1, D2",low
T-28,"Ownership, field generation and duplication with contest CSV labels",T-27,"dk_contest_csv, Haugh and Singal, REPO DFS report",Dirichlet-multinomial field; stack propensities; duplication via field probability,field samples; duplication estimates,"G-XXV-1, G-XXVI-1, G-XXVII-1",held-out contests chronologically,"D3, D4",medium (label access)
T-29,Contest simulation and portfolio objective,T-28,contest payout tables,joint scoring of our lineups and field on the same worlds; ROI distributions,contest sim outputs,G-XXVIII-1,entered contests PIT,D5,medium
T-30,"Verdict-first UX and observability: gate dashboard, freshness, reason codes, evidence timestamps, uncertainty decomposition","T-21, T-24","gate_result, release_manifest",render from records only; no prose overrides,dashboard,"every displayed projection shows verdict, reason codes and evidence list",usability review against Part XLVI list,N1 to N3,low
T-31,Weather run availability log: record initialisation time and first-seen time per Open-Meteo model for four weeks; derive L_model; capture licence text,T-03,"open_meteo_single_runs, open_meteo_previous_runs, Open-Meteo model-updates page","hourly poller writing (model, run_init, first_seen) rows; compute latency distribution per model; store licence capture",weather_run_latency.parquet; licence capture,L_model estimated with interval per model; licence recorded in registry,compare admitted runs against poller log on held-out weeks,F1 (WEATHER_PROXY until done),medium
T-32,"Coherence-preserving calibration by world reweighting (Block XIX): family PIT maps forward-chain, raking to targets with weight-ratio cap, ESS floor, diagnostic post-hoc calibration","T-13, T-15",past release PIT records,fit family maps on origins before evaluation origin; IPF over families; record weight vector hash in manifest; CALIBRATION_INFEASIBLE when cap or ESS violated,world_weights.parquet; calibration_state per family,G-XIX-1 to G-XIX-4 evaluated with intervals,prospective PIT after reweighting per family,"P1.*, P2, D1 to D5",medium
T-33,DST scoring-event attribution: tag every scoring play with scoring_unit and conceding_unit_on_field; implement DK enumerated-set points-allowed functional; reconcile to contest CSV DST points,"T-13, T-17",DraftKings RulesAndScoring.json capture (hashed),"emit world_scoring_events; compute dst_points_allowed_dk; unit test on pick-six, fumble-return TD, safety, offense-recovers-fumble cases",world_scoring_events table; DK point recompute,G-XXII-3 and G-XXIV-1 exact,historical contest CSV reconciliation,"F5, D1, D2",low
T-34,"Nested Monte Carlo variance estimator and draw-count controller (Block XV): ANOVA components over param, scenario and world levels; common random numbers for differences; report MC SE per exposed row",T-13,none,"CORRECTED: MC variance of the grand mean is s_M^2/M ALONE (unbiased; the parameter-level means already contain lower-level noise). Variance components for the expand-which-level controller come from expected mean squares: sigma_N^2 = MS_N, sigma_K^2 = (MS_K - MS_N)/N, sigma_M^2 = (MS_M - MS_K)/(K N). Predictive variance and Monte Carlo error are reported as separate quantities. Reference implementation and synthetic validation: nested_mc.py, test_nested_mc.py",mc_error columns; variance component report,G-XV-1 to G-XV-3,synthetic tests with known variance components,"F1 to F5, P1.*, P2, D5, N3",low
T-35,"Uncertainty of the FITTED world-weight vector (Block XIX), which the self-normalised interval conditions away","T-32, T-34",past release PIT records,"block-bootstrap the raking fit over calibration origins, clustered by week; refit weights per bootstrap replicate; propagate into the exposed-quantity interval; compare against the conditional interval to size the understatement",weight_uncertainty report; widened intervals per exposed row,the unconditional interval is reported wherever weights are fitted; the conditional-only interval is never exposed without a label,synthetic weights with known target noise; then prospective origins,"P1.*, P2, D1 to D5 intervals",high
T-36,Offer-level EV evaluation separated from family-level market validation,"T-25, T-26, T-34",Hard Rock captures (evaluation only),"offer_edge.evaluate_offer: price, line, side, settlement and push rule, observation timestamp, staleness bound, EV interval inheriting the probability MC SE. No sportsbook quantity flows upstream into the football model",offer_edge records with their own verdict domain,"a DEPLOYABLE family can still contain an EV_INCLUDES_ZERO offer, and an offer can never promote a scope","synthetic prices; then captured boards, evaluation only",none (downstream of P1),low
