scope_id,scope_name,scope_kind,depends_on_scopes,required_gates,blocking_reason_codes,non_blocking_reason_codes,market_comparison_gate
F1,team totals and game worlds,FOOTBALL,,G-I-1;G-I-2;G-II-1;G-IV-1;G-VI-2;G-X-1;G-X-3;G-XV-1;G-XV-2;G-XVI-1;G-XVII-1;G-XVII-2;G-XX-1;G-XXXVII-1;G-XXXVIII-1;G-XXXV-1;G-VI-1;G-X-2;G-X-4;G-XI-1;G-XI-2;G-XIV-1;G-XIV-2;G-XV-3,RELEASE_UNPROVEN;NO_OUTPUT;STALE_INPUT;GAMEDAY_STATUS_UNKNOWN;CONFLICT_UNRESOLVED;WEATHER_PROXY,IDENTITY_UNRESOLVED;MARKET_INTERVAL_INCLUDES_ZERO,
F2,"player volume (snaps, targets, carries)",FOOTBALL,F1,G-III-1;G-III-2;G-V-1;G-VII-1;G-VII-2;G-VIII-1,RELEASE_UNPROVEN;NO_OUTPUT;STALE_INPUT;GAMEDAY_STATUS_UNKNOWN;CONFLICT_UNRESOLVED;NO_ANALOGUE;ROUTES_PROXY,IDENTITY_UNRESOLVED;MARKET_INTERVAL_INCLUDES_ZERO,
F3,player yardage and TD distributions,FOOTBALL,F2,G-IX-1;G-XVIII-2,RELEASE_UNPROVEN;NO_OUTPUT;STALE_INPUT;GAMEDAY_STATUS_UNKNOWN;CONFLICT_UNRESOLVED;NO_ANALOGUE,IDENTITY_UNRESOLVED;MARKET_INTERVAL_INCLUDES_ZERO,
F4,kicker,FOOTBALL,F1,G-XXIII-1,RELEASE_UNPROVEN;NO_OUTPUT;STALE_INPUT;GAMEDAY_STATUS_UNKNOWN;CONFLICT_UNRESOLVED,IDENTITY_UNRESOLVED;MARKET_INTERVAL_INCLUDES_ZERO,
F5,DST events and DK points allowed,FOOTBALL,F1,G-XXII-1;G-XXII-2;G-XXII-3,RELEASE_UNPROVEN;NO_OUTPUT;STALE_INPUT;GAMEDAY_STATUS_UNKNOWN;CONFLICT_UNRESOLVED,IDENTITY_UNRESOLVED;MARKET_INTERVAL_INCLUDES_ZERO,
P1.passing_yards,prop family passing_yards,BETTING,F3,G-XVIII-1;G-XVIII-3;G-XIX-1;G-XIX-2;G-XIX-3;G-XIX-4;G-XX-2,RELEASE_UNPROVEN;NO_OUTPUT;STALE_INPUT;GAMEDAY_STATUS_UNKNOWN;CONFLICT_UNRESOLVED;CALIBRATION_INFEASIBLE,IDENTITY_UNRESOLVED,G-XX-2
P1.passing_attempts,prop family passing_attempts,BETTING,F2,G-XVIII-1;G-XVIII-3;G-XIX-1;G-XIX-2;G-XIX-3;G-XIX-4;G-XX-2,RELEASE_UNPROVEN;NO_OUTPUT;STALE_INPUT;GAMEDAY_STATUS_UNKNOWN;CONFLICT_UNRESOLVED;CALIBRATION_INFEASIBLE,IDENTITY_UNRESOLVED,G-XX-2
P1.completions,prop family completions,BETTING,F3,G-XVIII-1;G-XVIII-3;G-XIX-1;G-XIX-2;G-XIX-3;G-XIX-4;G-XX-2,RELEASE_UNPROVEN;NO_OUTPUT;STALE_INPUT;GAMEDAY_STATUS_UNKNOWN;CONFLICT_UNRESOLVED;CALIBRATION_INFEASIBLE,IDENTITY_UNRESOLVED,G-XX-2
P1.passing_td,prop family passing_td,BETTING,F3,G-XVIII-1;G-XVIII-3;G-XIX-1;G-XIX-2;G-XIX-3;G-XIX-4;G-XX-2,RELEASE_UNPROVEN;NO_OUTPUT;STALE_INPUT;GAMEDAY_STATUS_UNKNOWN;CONFLICT_UNRESOLVED;CALIBRATION_INFEASIBLE,IDENTITY_UNRESOLVED,G-XX-2
P1.interceptions,prop family interceptions,BETTING,F3,G-XVIII-1;G-XVIII-3;G-XIX-1;G-XIX-2;G-XIX-3;G-XIX-4;G-XX-2,RELEASE_UNPROVEN;NO_OUTPUT;STALE_INPUT;GAMEDAY_STATUS_UNKNOWN;CONFLICT_UNRESOLVED;CALIBRATION_INFEASIBLE,IDENTITY_UNRESOLVED,G-XX-2
P1.rushing_attempts,prop family rushing_attempts,BETTING,F2,G-XVIII-1;G-XVIII-3;G-XIX-1;G-XIX-2;G-XIX-3;G-XIX-4;G-XX-2,RELEASE_UNPROVEN;NO_OUTPUT;STALE_INPUT;GAMEDAY_STATUS_UNKNOWN;CONFLICT_UNRESOLVED;CALIBRATION_INFEASIBLE,IDENTITY_UNRESOLVED,G-XX-2
P1.rushing_yards,prop family rushing_yards,BETTING,F3,G-XVIII-1;G-XVIII-3;G-XIX-1;G-XIX-2;G-XIX-3;G-XIX-4;G-XX-2,RELEASE_UNPROVEN;NO_OUTPUT;STALE_INPUT;GAMEDAY_STATUS_UNKNOWN;CONFLICT_UNRESOLVED;CALIBRATION_INFEASIBLE,IDENTITY_UNRESOLVED,G-XX-2
P1.receptions,prop family receptions,BETTING,F3,G-XVIII-1;G-XVIII-3;G-XIX-1;G-XIX-2;G-XIX-3;G-XIX-4;G-XX-2,RELEASE_UNPROVEN;NO_OUTPUT;STALE_INPUT;GAMEDAY_STATUS_UNKNOWN;CONFLICT_UNRESOLVED;CALIBRATION_INFEASIBLE,IDENTITY_UNRESOLVED,G-XX-2
P1.receiving_yards,prop family receiving_yards,BETTING,F3,G-XVIII-1;G-XVIII-3;G-XIX-1;G-XIX-2;G-XIX-3;G-XIX-4;G-XX-2,RELEASE_UNPROVEN;NO_OUTPUT;STALE_INPUT;GAMEDAY_STATUS_UNKNOWN;CONFLICT_UNRESOLVED;CALIBRATION_INFEASIBLE,IDENTITY_UNRESOLVED,G-XX-2
P1.targets,prop family targets,BETTING,F2,G-XVIII-1;G-XVIII-3;G-XIX-1;G-XIX-2;G-XIX-3;G-XIX-4;G-XX-2,RELEASE_UNPROVEN;NO_OUTPUT;STALE_INPUT;GAMEDAY_STATUS_UNKNOWN;CONFLICT_UNRESOLVED;CALIBRATION_INFEASIBLE,IDENTITY_UNRESOLVED,G-XX-2
P1.longest_reception,prop family longest_reception,BETTING,F3,G-XVIII-1;G-XVIII-3;G-XIX-1;G-XIX-2;G-XIX-3;G-XIX-4;G-XX-2,RELEASE_UNPROVEN;NO_OUTPUT;STALE_INPUT;GAMEDAY_STATUS_UNKNOWN;CONFLICT_UNRESOLVED;CALIBRATION_INFEASIBLE,IDENTITY_UNRESOLVED,G-XX-2
P1.anytime_td,prop family anytime_td,BETTING,F3,G-XVIII-1;G-XVIII-3;G-XIX-1;G-XIX-2;G-XIX-3;G-XIX-4;G-XX-2,RELEASE_UNPROVEN;NO_OUTPUT;STALE_INPUT;GAMEDAY_STATUS_UNKNOWN;CONFLICT_UNRESOLVED;CALIBRATION_INFEASIBLE,IDENTITY_UNRESOLVED,G-XX-2
P1.kicking_points,prop family kicking_points,BETTING,F4,G-XVIII-1;G-XVIII-3;G-XIX-1;G-XIX-2;G-XIX-3;G-XIX-4;G-XX-2,RELEASE_UNPROVEN;NO_OUTPUT;STALE_INPUT;GAMEDAY_STATUS_UNKNOWN;CONFLICT_UNRESOLVED;CALIBRATION_INFEASIBLE,IDENTITY_UNRESOLVED,G-XX-2
P2,SGP joints (legs selected per ticket),BETTING,P1.*,G-XXI-1;G-XVIII-1;G-XX-2,RELEASE_UNPROVEN;NO_OUTPUT;STALE_INPUT;GAMEDAY_STATUS_UNKNOWN;CONFLICT_UNRESOLVED;CALIBRATION_INFEASIBLE,IDENTITY_UNRESOLVED,G-XX-2
D1,Classic DFS projections,DFS,F3;F4;F5,G-II-2;G-XXIV-1;G-XXV-2;G-XXXI-1;G-XVIII-1,RELEASE_UNPROVEN;NO_OUTPUT;STALE_INPUT;GAMEDAY_STATUS_UNKNOWN;CONFLICT_UNRESOLVED;IDENTITY_UNRESOLVED;CALIBRATION_INFEASIBLE,,
D2,Showdown projections,DFS,F3;F4;F5,G-II-2;G-XXX-1;G-XXV-2;G-XVIII-1,RELEASE_UNPROVEN;NO_OUTPUT;STALE_INPUT;GAMEDAY_STATUS_UNKNOWN;CONFLICT_UNRESOLVED;IDENTITY_UNRESOLVED;CALIBRATION_INFEASIBLE,,
D3,ownership (Classic),DFS,D1,G-XXV-1,RELEASE_UNPROVEN;NO_OUTPUT;STALE_INPUT;GAMEDAY_STATUS_UNKNOWN;CONFLICT_UNRESOLVED;IDENTITY_UNRESOLVED;CALIBRATION_INFEASIBLE,,
D4,field and duplication (Classic),DFS,D3,G-XXVI-1;G-XXVII-1,RELEASE_UNPROVEN;NO_OUTPUT;STALE_INPUT;GAMEDAY_STATUS_UNKNOWN;CONFLICT_UNRESOLVED;IDENTITY_UNRESOLVED;CALIBRATION_INFEASIBLE,,
D5,contest simulation and portfolio (Classic),DFS,D4,G-XXVIII-1;G-XXIX-1;G-XXIX-2;G-XXXVII-2,RELEASE_UNPROVEN;NO_OUTPUT;STALE_INPUT;GAMEDAY_STATUS_UNKNOWN;CONFLICT_UNRESOLVED;IDENTITY_UNRESOLVED;CALIBRATION_INFEASIBLE,,G-XXIX-2
N1,research dashboards,NON_BETTING,F1,G-XLVI-1,RELEASE_UNPROVEN;NO_OUTPUT,IDENTITY_UNRESOLVED;MARKET_INTERVAL_INCLUDES_ZERO;STALE_INPUT,
N2,evidence and state viewer,NON_BETTING,,G-I-1;G-I-2;G-XLVI-1;G-I-3,,IDENTITY_UNRESOLVED;MARKET_INTERVAL_INCLUDES_ZERO;STALE_INPUT;GAMEDAY_STATUS_UNKNOWN,
N3,explainability views,NON_BETTING,F3,G-XLVI-1;G-X-3,RELEASE_UNPROVEN;NO_OUTPUT;STALE_INPUT;GAMEDAY_STATUS_UNKNOWN;CONFLICT_UNRESOLVED,IDENTITY_UNRESOLVED;MARKET_INTERVAL_INCLUDES_ZERO,
D3.showdown,ownership (Showdown),DFS,D2,G-XXV-1,RELEASE_UNPROVEN;NO_OUTPUT;STALE_INPUT;GAMEDAY_STATUS_UNKNOWN;CONFLICT_UNRESOLVED;IDENTITY_UNRESOLVED;CALIBRATION_INFEASIBLE,,
D4.showdown,field and duplication (Showdown),DFS,D3.showdown,G-XXVI-1;G-XXVII-1,RELEASE_UNPROVEN;NO_OUTPUT;STALE_INPUT;GAMEDAY_STATUS_UNKNOWN;CONFLICT_UNRESOLVED;IDENTITY_UNRESOLVED;CALIBRATION_INFEASIBLE,,
D5.showdown,contest simulation and portfolio (Showdown),DFS,D4.showdown,G-XXVIII-1;G-XXIX-1;G-XXIX-2;G-XXXVII-2;G-XXX-1,RELEASE_UNPROVEN;NO_OUTPUT;STALE_INPUT;GAMEDAY_STATUS_UNKNOWN;CONFLICT_UNRESOLVED;IDENTITY_UNRESOLVED;CALIBRATION_INFEASIBLE,,G-XXIX-2
