player,team,pos,our_mean,our_median,our_p90,our_pass_att,our_carries,our_targets,our_td,our_role,depth_rank,designation,fc_flex,fc_ceiling,fc_pdepth,diff_ours_minus_fc,triage,NOT_IN_FC_FILE
George Pickens,DAL,WR,11.7,10.36,21.51,0,0.0,6.3,0.32,SECONDARY,,,17.97,35.97,WR2,-6.27,ROLE_OR_VOLUME,False
Bucky Irving,TB,RB,16.5,15.48,26.96,0,16.0,4.1,0.59,ALPHA,,,10.31,24.71,RB1,6.19,ROLE_OR_VOLUME,False
CeeDee Lamb,DAL,WR,28.28,27.43,43.15,0,0.6,12.2,0.64,ALPHA,,,22.11,42.51,WR1,6.17,ROLE_OR_VOLUME,False
Emeka Egbuka,TB,WR,11.99,10.94,21.56,0,0.2,7.7,0.39,ALPHA,,,7.64,24.44,WR1,4.35,ROLE_OR_VOLUME,False
Kenny Gainwell,TB,RB,4.57,3.74,9.27,0.0,3.0,2.4,0.2,SECONDARY,,,8.92,21.92,RB2,-4.35,ROLE_OR_VOLUME,False
Cade Otton,TB,TE,11.57,10.57,20.02,0,1.4,7.0,0.26,ALPHA,,,7.28,19.28,TE1,4.29,ROLE_OR_VOLUME,False
Ryan Flournoy,DAL,WR,5.43,4.53,11.17,0,0.0,3.2,0.21,ROTATIONAL,,,9.31,22.31,WR3,-3.88,ROLE_OR_VOLUME,False
KaVontae Turpin,DAL,WR,1.12,0.0,3.64,0,0.3,0.5,0.07,FRINGE,,,4.53,13.33,WR4,-3.41,ROLE_OR_VOLUME,False
Tyler Goodson,DAL,RB,4.43,3.23,9.62,0,4.9,1.3,0.19,SECONDARY,,,1.13,8.13,RB2,3.3,ROLE_OR_VOLUME,False
Payne Durham,TB,TE,2.73,1.89,6.57,0,0.0,1.6,0.09,SECONDARY,,,0.0,0.0,TE2,2.73,,False
Tez Johnson,TB,WR,1.07,0.0,3.43,0,0.1,0.6,0.04,FRINGE,,,3.73,15.33,WR4,-2.66,,False
Brevyn Spann-Ford,DAL,TE,2.54,1.56,6.32,0,0.0,1.5,0.06,SECONDARY,,,0.0,0.0,TE2,2.54,,False
Brandon Aubrey,DAL,K,9.25,9.0,16.0,0,0,0,0,FRINGE,,,11.23,21.43,K1,-1.98,,False
Jalon Daniels,TB,QB,13.99,13.26,22.61,34.9,3.4,0.0,1.48,SECONDARY,,,12.11,25.71,QB1,1.88,,False
Chris Godwin Jr.,TB,WR,8.54,7.55,15.57,0,0.4,4.6,0.18,SECONDARY,,,6.86,0.0,WR2,1.68,,False
Ted Hurst III,TB,WR,3.95,2.91,8.71,0,0.1,2.4,0.13,ROTATIONAL,,,5.59,0.0,WR3,-1.64,,False
Chase McLaughlin,TB,K,7.98,8.0,14.0,0,0,0,0,FRINGE,,,6.51,16.11,K1,1.47,,False
Sean Tucker,TB,RB,1.42,0.23,6.0,0,1.2,0.2,0.13,ROTATIONAL,,,0.0,0.0,RB3,1.42,,False
Buccaneers,TB,DST,4.31,3.56,10.68,0,0,0,0,ALPHA,,,3.03,14.83,DST1,1.28,,False
Emari Demercado,DAL,RB,1.08,0.17,3.2,0,1.0,0.3,0.03,ROTATIONAL,,,0.0,0.0,,1.08,,False
Jake Ferguson,DAL,TE,10.08,9.21,18.03,0,0.0,5.5,0.37,ALPHA,,,9.44,21.44,TE1,0.64,,False
Cowboys,DAL,DST,3.91,3.56,8.14,0,0,0,0,ALPHA,,,3.49,16.89,DST1,0.42,,False
Luke Schoonmaker,DAL,TE,0.39,0.0,1.32,0,0.0,0.2,0.01,ROTATIONAL,,,0.0,0.0,TE3,0.39,,False
CJ Dippre,TB,TE,0.25,0.0,1.03,0.0,0.0,0.2,0.01,FRINGE,,,0.0,0.0,,0.25,,False
Jonathan Mingo,DAL,WR,0.24,0.0,0.56,0,0.0,0.1,0.01,FRINGE,,,0.0,0.0,WR5,0.24,,False
Kameron Johnson,TB,WR,0.21,0.0,0.27,0,0.0,0.1,0.01,FRINGE,,,0.0,0.0,WR5,0.21,,False
Josh Williams,TB,RB,0.18,0.0,0.28,0,0.2,0.1,0.01,FRINGE,,,0.0,0.0,,0.18,,False
Dak Prescott,DAL,QB,22.45,22.06,33.16,38.7,3.1,0.0,2.0,ALPHA,,,22.6,40.4,QB1,-0.15,,False
Brett Rypien,TB,QB,0.11,0.0,0.25,0.4,0.0,0.0,0.01,ROTATIONAL,,,0.0,0.0,,0.11,,False
Sam Howell,DAL,QB,0.08,0.0,0.01,0.1,0.0,0.0,0.01,SECONDARY,,,0.0,0.0,QB2,0.08,,False
Hunter Luepke,DAL,RB,0.06,0.0,0.0,0,0.0,0.0,0.0,FRINGE,,,0.0,0.0,FB1,0.06,,False
Javonte Williams,DAL,RB,18.73,17.74,29.68,0,15.5,4.7,0.9,ALPHA,,,18.76,32.76,RB1,-0.03,,False
Jordan Hudson,DAL,WR,0.03,0.0,0.0,0,0.0,0.0,0.0,FRINGE,,,0.0,0.0,,0.03,,False
James Mitchell,DAL,TE,0.03,0.0,0.0,0.0,0.0,0.0,0.0,FRINGE,,,0.0,0.0,,0.03,,False
Garrett Greene,TB,WR,0.02,0.0,0.0,0,0.0,0.0,0.0,FRINGE,,,0.0,0.0,,0.02,,False
Eric Rivers Jr.,TB,WR,0.02,0.0,0.0,0,0.0,0.0,0.0,FRINGE,,,0.0,0.0,,0.02,,False
David Sills V,TB,WR,0.02,0.0,0.0,0,0.0,0.0,0.0,FRINGE,,,0.0,0.0,,0.02,,False
Anthony Smith,DAL,WR,0.02,0.0,0.0,0,0.0,0.0,0.0,FRINGE,,,0.0,0.0,,0.02,,False
Michael Trigg,DAL,TE,0.02,0.0,0.0,0.0,0.0,0.0,0.0,FRINGE,,,0.0,0.0,,0.02,,False
Princeton Fant,DAL,TE,0.02,0.0,0.0,0.0,0.0,0.0,0.0,FRINGE,,,0.0,0.0,,0.02,,False
DJ Rogers,DAL,TE,0.02,0.0,0.0,0.0,0.0,0.0,0.0,FRINGE,,,0.0,0.0,,0.02,,False
Ko Kieft,TB,TE,0.02,0.0,0.0,0.0,0.0,0.0,0.0,FRINGE,,,0.0,0.0,TE3,0.02,,False
Bauer Sharp,TB,TE,0.02,0.0,0.0,0.0,0.0,0.0,0.0,FRINGE,,,0.0,0.0,TE4,0.02,,False
Dean Patterson IV,TB,WR,0.01,0.0,0.0,0,0.0,0.0,0.0,FRINGE,,,0.0,0.0,,0.01,,False
Baker Mayfield,TB,QB,,,,0,0,0,0,,,REPORTED_INACTIVE_HIGH_CONFIDENCE,0.0,0.0,,,,False
Easton Stick,TB,QB,0.0,0.0,0.0,0.0,0.0,0.0,0.0,FRINGE,,,0.0,0.0,QB2,0.0,,False
Joe Milton III,DAL,QB,0.0,0.0,0.0,0,0.0,0,0,ROTATIONAL,,,0.0,0.0,,0.0,,False
Israel Abanikanda,DAL,RB,0.0,0.0,0.0,0,0.0,0.0,0.0,FRINGE,,,0.0,0.0,,0.0,,False
Malik Davis,DAL,RB,0.0,0.0,0.0,0,0.0,0.0,0.0,FRINGE,,,0.0,0.0,,0.0,,False
Jalen McMillan,TB,WR,0.0,0.0,0.0,0,0.0,0.0,0.0,FRINGE,,,0.0,0.0,,0.0,,False
Camden Brown,DAL,WR,,,,0,0,0,0,,,REPORTED_INACTIVE_HIGH_CONFIDENCE,0.0,0.0,,,,False
Evan Deckers,TB,TE,,,,0,0,0,0,,,,0.0,0.0,,,,False
