contest_id,player,team,pos,n,share
196438543,Dak Prescott,DAL,QB,75,0.5
196438543,CeeDee Lamb,DAL,WR,75,0.5
196438543,George Pickens,DAL,WR,75,0.5
196438543,Javonte Williams,DAL,RB,75,0.5
196438543,Brandon Aubrey,DAL,K,74,0.493
196438543,Jalon Daniels,TB,QB,73,0.487
196438543,Bucky Irving,TB,RB,55,0.367
196438543,Kenny Gainwell,TB,RB,53,0.353
196438543,Ryan Flournoy,DAL,WR,52,0.347
196438543,Jake Ferguson,DAL,TE,48,0.32
196438543,Ted Hurst III,TB,WR,38,0.253
196438543,Cade Otton,TB,TE,37,0.247
196438543,KaVontae Turpin,DAL,WR,32,0.213
196438543,Chase McLaughlin,TB,K,30,0.2
196438543,Chris Godwin Jr.,TB,WR,29,0.193
196438543,Tez Johnson,TB,WR,27,0.18
196438543,Buccaneers,TB,DST,23,0.153
196438543,Emeka Egbuka,TB,WR,21,0.14
196438543,Cowboys,DAL,DST,7,0.047
196438543,Bauer Sharp,TB,TE,1,0.007
196438555,Dak Prescott,DAL,QB,10,0.5
196438555,Brandon Aubrey,DAL,K,10,0.5
196438555,CeeDee Lamb,DAL,WR,10,0.5
196438555,George Pickens,DAL,WR,10,0.5
196438555,Ryan Flournoy,DAL,WR,10,0.5
196438555,Javonte Williams,DAL,RB,10,0.5
196438555,Kenny Gainwell,TB,RB,8,0.4
196438555,Jalon Daniels,TB,QB,8,0.4
196438555,Jake Ferguson,DAL,TE,7,0.35
196438555,KaVontae Turpin,DAL,WR,6,0.3
196438555,Bucky Irving,TB,RB,6,0.3
196438555,Cade Otton,TB,TE,5,0.25
196438555,Ted Hurst III,TB,WR,5,0.25
196438555,Chase McLaughlin,TB,K,4,0.2
196438555,Buccaneers,TB,DST,4,0.2
196438555,Chris Godwin Jr.,TB,WR,3,0.15
196438555,Tez Johnson,TB,WR,2,0.1
196438555,Emeka Egbuka,TB,WR,1,0.05
196438555,Cowboys,DAL,DST,1,0.05
196438556,Dak Prescott,DAL,QB,10,0.5
196438556,Brandon Aubrey,DAL,K,10,0.5
196438556,CeeDee Lamb,DAL,WR,10,0.5
196438556,George Pickens,DAL,WR,10,0.5
196438556,Ryan Flournoy,DAL,WR,10,0.5
196438556,Javonte Williams,DAL,RB,10,0.5
196438556,Kenny Gainwell,TB,RB,8,0.4
196438556,Jalon Daniels,TB,QB,8,0.4
196438556,Jake Ferguson,DAL,TE,7,0.35
196438556,KaVontae Turpin,DAL,WR,6,0.3
196438556,Bucky Irving,TB,RB,6,0.3
196438556,Cade Otton,TB,TE,5,0.25
196438556,Ted Hurst III,TB,WR,5,0.25
196438556,Chase McLaughlin,TB,K,4,0.2
196438556,Buccaneers,TB,DST,4,0.2
196438556,Chris Godwin Jr.,TB,WR,3,0.15
196438556,Tez Johnson,TB,WR,2,0.1
196438556,Emeka Egbuka,TB,WR,1,0.05
196438556,Cowboys,DAL,DST,1,0.05
