player,team,market,side,model_mean,model_median,hardrock_line,over_odds,under_odds,projection_minus_line,projection_minus_line_pct,model_p_over_at_exact_line,model_p_under_at_exact_line,hardrock_novig_p_over,hardrock_novig_p_under,selected_side,model_market_probability_gap_pp,forecast_stage,model_written_at,market_retrieved_at,data_status,refusal_reason
Cam Skattebo,NYG,Rushing Attempts,OVER_UNDER,5.4505,5.1022,11.5,-120,-110,-6.0495,-52.6046,0.045,0.955,0.510121,0.489879,UNDER,46.5121,PRE_INACTIVES,2026-09-13T21:25:35Z,2026-09-13T21:17:56.513Z,PRE_INACTIVES_AVAILABILITY_UNRESOLVED,
Cam Skattebo,NYG,Receiving Yards,OVER_UNDER,15.034,12.0,15.5,-120,-110,-0.466,-3.0065,0.402,0.598,0.510121,0.489879,UNDER,10.8121,PRE_INACTIVES,2026-09-13T21:25:35Z,2026-09-13T21:18:32.257Z,PRE_INACTIVES_AVAILABILITY_UNRESOLVED,
Cam Skattebo,NYG,Receptions,OVER_UNDER,1.816,1.0,2.5,+110,-145,-0.684,-27.36,0.285,0.715,0.44586,0.55414,UNDER,16.086,PRE_INACTIVES,2026-09-13T21:25:35Z,2026-09-13T21:18:45.343Z,PRE_INACTIVES_AVAILABILITY_UNRESOLVED,
Javonte Williams,DAL,Rushing Attempts,OVER_UNDER,7.3794,7.4407,17.5,-120,-110,-10.1206,-57.8317,0.075,0.925,0.510121,0.489879,UNDER,43.5121,PRE_INACTIVES,2026-09-13T21:25:35Z,2026-09-13T21:17:56.513Z,PRE_INACTIVES_AVAILABILITY_UNRESOLVED,
Javonte Williams,DAL,Receiving Yards,OVER_UNDER,7.456,0.0,10.5,-115,-115,-3.044,-28.9905,0.257,0.743,0.5,0.5,UNDER,24.3,PRE_INACTIVES,2026-09-13T21:25:35Z,2026-09-13T21:18:32.257Z,PRE_INACTIVES_AVAILABILITY_UNRESOLVED,
Javonte Williams,DAL,Receptions,OVER_UNDER,1.293,0.0,2.5,+135,-185,-1.207,-48.28,0.201,0.799,0.395971,0.604029,UNDER,19.4971,PRE_INACTIVES,2026-09-13T21:25:35Z,2026-09-13T21:18:45.343Z,PRE_INACTIVES_AVAILABILITY_UNRESOLVED,
Malik Nabers,NYG,Receiving Yards,OVER_UNDER,37.417,31.0,57.5,-115,-115,-20.083,-34.927,0.226,0.774,0.5,0.5,UNDER,27.4,PRE_INACTIVES,2026-09-13T21:25:35Z,2026-09-13T21:18:32.257Z,PRE_INACTIVES_AVAILABILITY_UNRESOLVED,
Malik Nabers,NYG,Receptions,OVER_UNDER,3.288,3.0,4.5,-155,+120,-1.212,-26.9333,0.263,0.737,0.572148,0.427852,UNDER,30.9148,PRE_INACTIVES,2026-09-13T21:25:35Z,2026-09-13T21:18:45.343Z,PRE_INACTIVES_AVAILABILITY_UNRESOLVED,
CeeDee Lamb,DAL,Receiving Yards,OVER_UNDER,58.19,51.0,77.5,-115,-115,-19.31,-24.9161,0.286,0.714,0.5,0.5,UNDER,21.4,PRE_INACTIVES,2026-09-13T21:25:35Z,2026-09-13T21:18:32.257Z,PRE_INACTIVES_AVAILABILITY_UNRESOLVED,
CeeDee Lamb,DAL,Receptions,OVER_UNDER,4.46,4.0,5.5,-160,+120,-1.04,-18.9091,0.338,0.662,0.575163,0.424837,UNDER,23.7163,PRE_INACTIVES,2026-09-13T21:25:35Z,2026-09-13T21:18:45.343Z,PRE_INACTIVES_AVAILABILITY_UNRESOLVED,
George Pickens,DAL,Receiving Yards,OVER_UNDER,61.637,51.0,68.5,-115,-115,-6.863,-10.019,0.394,0.606,0.5,0.5,UNDER,10.6,PRE_INACTIVES,2026-09-13T21:25:35Z,2026-09-13T21:18:32.257Z,PRE_INACTIVES_AVAILABILITY_UNRESOLVED,
George Pickens,DAL,Receptions,OVER_UNDER,3.855,4.0,4.5,-155,+120,-0.645,-14.3333,0.376,0.624,0.572148,0.427852,UNDER,19.6148,PRE_INACTIVES,2026-09-13T21:25:35Z,2026-09-13T21:18:45.343Z,PRE_INACTIVES_AVAILABILITY_UNRESOLVED,
Darnell Mooney,NYG,Receiving Yards,OVER_UNDER,22.824,16.0,22.5,-115,-115,0.324,1.44,0.379,0.621,0.5,0.5,UNDER,12.1,PRE_INACTIVES,2026-09-13T21:25:35Z,2026-09-13T21:18:32.257Z,PRE_INACTIVES_AVAILABILITY_UNRESOLVED,
Darnell Mooney,NYG,Receptions,OVER_UNDER,1.749,1.0,1.5,-125,-105,0.249,16.6,0.496,0.504,0.520305,0.479695,UNDER,2.4305,PRE_INACTIVES,2026-09-13T21:25:35Z,2026-09-13T21:18:45.343Z,PRE_INACTIVES_AVAILABILITY_UNRESOLVED,
Ryan Flournoy,DAL,Receiving Yards,OVER_UNDER,38.523,29.0,25.5,-115,-115,13.023,51.0706,0.529,0.471,0.5,0.5,OVER,2.9,PRE_INACTIVES,2026-09-13T21:25:35Z,2026-09-13T21:18:32.257Z,PRE_INACTIVES_AVAILABILITY_UNRESOLVED,
Ryan Flournoy,DAL,Receptions,OVER_UNDER,3.208,3.0,2.5,+120,-155,0.708,28.32,0.536,0.464,0.427852,0.572148,OVER,10.8148,PRE_INACTIVES,2026-09-13T21:25:35Z,2026-09-13T21:18:45.343Z,PRE_INACTIVES_AVAILABILITY_UNRESOLVED,
KaVontae Turpin,DAL,Receiving Yards,OVER_UNDER,13.329,0.0,8.5,-110,-120,4.829,56.8118,0.294,0.706,0.489879,0.510121,UNDER,19.5879,PRE_INACTIVES,2026-09-13T21:25:35Z,2026-09-13T21:18:32.257Z,PRE_INACTIVES_AVAILABILITY_UNRESOLVED,
KaVontae Turpin,DAL,Receptions,OVER_UNDER,0.975,0.0,1.5,+175,-250,-0.525,-35.0,0.235,0.765,0.337349,0.662651,UNDER,10.2349,PRE_INACTIVES,2026-09-13T21:25:35Z,2026-09-13T21:18:45.343Z,PRE_INACTIVES_AVAILABILITY_UNRESOLVED,
Odell Beckham Jr.,NYG,Receiving Yards,OVER_UNDER,9.501,0.0,13.5,-115,-115,-3.999,-29.6222,0.255,0.745,0.5,0.5,UNDER,24.5,PRE_INACTIVES,2026-09-13T21:25:35Z,2026-09-13T21:18:32.257Z,PRE_INACTIVES_AVAILABILITY_UNRESOLVED,
Odell Beckham Jr.,NYG,Receptions,OVER_UNDER,0.709,0.0,1.5,+130,-170,-0.791,-52.7333,0.18,0.82,0.408472,0.591528,UNDER,22.8472,PRE_INACTIVES,2026-09-13T21:25:35Z,2026-09-13T21:18:45.343Z,PRE_INACTIVES_AVAILABILITY_UNRESOLVED,
Malachi Fields,NYG,Receiving Yards,OVER_UNDER,9.358,0.0,24.5,-115,-115,-15.142,-61.8041,0.139,0.861,0.5,0.5,UNDER,36.1,PRE_INACTIVES,2026-09-13T21:25:35Z,2026-09-13T21:18:32.257Z,PRE_INACTIVES_AVAILABILITY_UNRESOLVED,
Malachi Fields,NYG,Receptions,OVER_UNDER,0.778,0.0,2.5,+125,-160,-1.722,-68.88,0.087,0.913,0.419355,0.580645,UNDER,33.2355,PRE_INACTIVES,2026-09-13T21:25:35Z,2026-09-13T21:18:45.343Z,PRE_INACTIVES_AVAILABILITY_UNRESOLVED,
Theo Johnson,NYG,Receiving Yards,OVER_UNDER,25.526,21.0,15.5,-115,-115,10.026,64.6839,0.575,0.425,0.5,0.5,OVER,7.5,PRE_INACTIVES,2026-09-13T21:25:35Z,2026-09-13T21:18:32.257Z,PRE_INACTIVES_AVAILABILITY_UNRESOLVED,
Theo Johnson,NYG,Receptions,OVER_UNDER,2.343,2.0,1.5,-120,-110,0.843,56.2,0.629,0.371,0.510121,0.489879,OVER,11.8879,PRE_INACTIVES,2026-09-13T21:25:35Z,2026-09-13T21:18:45.343Z,PRE_INACTIVES_AVAILABILITY_UNRESOLVED,
Jake Ferguson,DAL,Receiving Yards,OVER_UNDER,25.178,20.0,29.5,-120,-110,-4.322,-14.6508,0.353,0.647,0.510121,0.489879,UNDER,15.7121,PRE_INACTIVES,2026-09-13T21:25:35Z,2026-09-13T21:18:32.257Z,PRE_INACTIVES_AVAILABILITY_UNRESOLVED,
Jake Ferguson,DAL,Receptions,OVER_UNDER,2.911,3.0,3.5,-120,-110,-0.589,-16.8286,0.351,0.649,0.510121,0.489879,UNDER,15.9121,PRE_INACTIVES,2026-09-13T21:25:35Z,2026-09-13T21:18:45.343Z,PRE_INACTIVES_AVAILABILITY_UNRESOLVED,
Isaiah Likely,NYG,Receiving Yards,OVER_UNDER,16.291,9.0,39.5,-115,-115,-23.209,-58.757,0.144,0.856,0.5,0.5,UNDER,35.6,PRE_INACTIVES,2026-09-13T21:25:35Z,2026-09-13T21:18:32.257Z,PRE_INACTIVES_AVAILABILITY_UNRESOLVED,
Isaiah Likely,NYG,Receptions,OVER_UNDER,1.348,1.0,3.5,-110,-120,-2.152,-61.4857,0.084,0.916,0.489879,0.510121,UNDER,40.5879,PRE_INACTIVES,2026-09-13T21:25:35Z,2026-09-13T21:18:45.343Z,PRE_INACTIVES_AVAILABILITY_UNRESOLVED,
Jaxson Dart,NYG,Passing TDs,OVER_UNDER,,,1.5,+135,-180,,,,,,,,,PRE_INACTIVES,,2026-09-13T21:17:25.723Z,REFUSED,"REFUSED:CONTAMINATING_DEFECT | QB_INACTIVE_NOT_CONSUMED,QB_AVAILABILITY_UNRESOLVED_PRE_INACTIVES,QB3_WEEK1_SEASON_BOUNDARY; stage=PRE_INACTIVES; qb_inactive_ownership_enforced=False; failed_conditions=[official_inactive_evidence_ingested,evidence_tied_to_this_game_and_team,no_unresolved_identity]; qb3_rooms: DAL=DISAGREE (season opener); NYG=AGREE (season opener)"
Jaxson Dart,NYG,Interceptions,OVER_UNDER,,,0.5,+100,-130,,,,,,,,,PRE_INACTIVES,,2026-09-13T21:17:25.723Z,REFUSED,"REFUSED:CONTAMINATING_DEFECT | QB_INACTIVE_NOT_CONSUMED,QB_AVAILABILITY_UNRESOLVED_PRE_INACTIVES,QB3_WEEK1_SEASON_BOUNDARY; stage=PRE_INACTIVES; qb_inactive_ownership_enforced=False; failed_conditions=[official_inactive_evidence_ingested,evidence_tied_to_this_game_and_team,no_unresolved_identity]; qb3_rooms: DAL=DISAGREE (season opener); NYG=AGREE (season opener)"
Jaxson Dart,NYG,Pass Completions,OVER_UNDER,,,18.5,-125,-105,,,,,,,,,PRE_INACTIVES,,2026-09-13T21:17:25.723Z,REFUSED,"REFUSED:CONTAMINATING_DEFECT | QB_INACTIVE_NOT_CONSUMED,QB_AVAILABILITY_UNRESOLVED_PRE_INACTIVES,QB3_WEEK1_SEASON_BOUNDARY; stage=PRE_INACTIVES; qb_inactive_ownership_enforced=False; failed_conditions=[official_inactive_evidence_ingested,evidence_tied_to_this_game_and_team,no_unresolved_identity]; qb3_rooms: DAL=DISAGREE (season opener); NYG=AGREE (season opener)"
Jaxson Dart,NYG,Pass Attempts,OVER_UNDER,,,29.5,-115,-115,,,,,,,,,PRE_INACTIVES,,2026-09-13T21:17:25.723Z,REFUSED,"REFUSED:CONTAMINATING_DEFECT | QB_INACTIVE_NOT_CONSUMED,QB_AVAILABILITY_UNRESOLVED_PRE_INACTIVES,QB3_WEEK1_SEASON_BOUNDARY; stage=PRE_INACTIVES; qb_inactive_ownership_enforced=False; failed_conditions=[official_inactive_evidence_ingested,evidence_tied_to_this_game_and_team,no_unresolved_identity]; qb3_rooms: DAL=DISAGREE (season opener); NYG=AGREE (season opener)"
Jaxson Dart,NYG,Passing Yards,OVER_UNDER,,,211.5,-120,-110,,,,,,,,,PRE_INACTIVES,,2026-09-13T21:17:36.271Z,REFUSED,"REFUSED:CONTAMINATING_DEFECT | QB_INACTIVE_NOT_CONSUMED,QB_AVAILABILITY_UNRESOLVED_PRE_INACTIVES,QB3_WEEK1_SEASON_BOUNDARY; stage=PRE_INACTIVES; qb_inactive_ownership_enforced=False; failed_conditions=[official_inactive_evidence_ingested,evidence_tied_to_this_game_and_team,no_unresolved_identity]; qb3_rooms: DAL=DISAGREE (season opener); NYG=AGREE (season opener)"
Jaxson Dart,NYG,Rushing Attempts,OVER_UNDER,,,6.5,-110,-120,,,,,,,,,PRE_INACTIVES,,2026-09-13T21:17:56.513Z,REFUSED,"REFUSED:CONTAMINATING_DEFECT | QB_INACTIVE_NOT_CONSUMED,QB_AVAILABILITY_UNRESOLVED_PRE_INACTIVES,QB3_WEEK1_SEASON_BOUNDARY; stage=PRE_INACTIVES; qb_inactive_ownership_enforced=False; failed_conditions=[official_inactive_evidence_ingested,evidence_tied_to_this_game_and_team,no_unresolved_identity]; qb3_rooms: DAL=DISAGREE (season opener); NYG=AGREE (season opener)"
Jaxson Dart,NYG,Rushing Yards,OVER_UNDER,,,32.5,-110,-120,,,,,,,,,PRE_INACTIVES,,2026-09-13T21:18:04.291Z,REFUSED,"REFUSED:CONTAMINATING_DEFECT | QB_INACTIVE_NOT_CONSUMED,QB_AVAILABILITY_UNRESOLVED_PRE_INACTIVES,QB3_WEEK1_SEASON_BOUNDARY; stage=PRE_INACTIVES; qb_inactive_ownership_enforced=False; failed_conditions=[official_inactive_evidence_ingested,evidence_tied_to_this_game_and_team,no_unresolved_identity]; qb3_rooms: DAL=DISAGREE (season opener); NYG=AGREE (season opener)"
Dak Prescott,DAL,Passing TDs,OVER_UNDER,,,1.5,-155,+120,,,,,,,,,PRE_INACTIVES,,2026-09-13T21:17:25.723Z,REFUSED,"REFUSED:CONTAMINATING_DEFECT | QB_INACTIVE_NOT_CONSUMED,QB_AVAILABILITY_UNRESOLVED_PRE_INACTIVES,QB3_WEEK1_SEASON_BOUNDARY; stage=PRE_INACTIVES; qb_inactive_ownership_enforced=False; failed_conditions=[official_inactive_evidence_ingested,evidence_tied_to_this_game_and_team,no_unresolved_identity]; qb3_rooms: DAL=DISAGREE (season opener); NYG=AGREE (season opener)"
Dak Prescott,DAL,Interceptions,OVER_UNDER,,,0.5,-110,-120,,,,,,,,,PRE_INACTIVES,,2026-09-13T21:17:25.723Z,REFUSED,"REFUSED:CONTAMINATING_DEFECT | QB_INACTIVE_NOT_CONSUMED,QB_AVAILABILITY_UNRESOLVED_PRE_INACTIVES,QB3_WEEK1_SEASON_BOUNDARY; stage=PRE_INACTIVES; qb_inactive_ownership_enforced=False; failed_conditions=[official_inactive_evidence_ingested,evidence_tied_to_this_game_and_team,no_unresolved_identity]; qb3_rooms: DAL=DISAGREE (season opener); NYG=AGREE (season opener)"
Dak Prescott,DAL,Pass Completions,OVER_UNDER,,,23.5,+105,-135,,,,,,,,,PRE_INACTIVES,,2026-09-13T21:17:25.723Z,REFUSED,"REFUSED:CONTAMINATING_DEFECT | QB_INACTIVE_NOT_CONSUMED,QB_AVAILABILITY_UNRESOLVED_PRE_INACTIVES,QB3_WEEK1_SEASON_BOUNDARY; stage=PRE_INACTIVES; qb_inactive_ownership_enforced=False; failed_conditions=[official_inactive_evidence_ingested,evidence_tied_to_this_game_and_team,no_unresolved_identity]; qb3_rooms: DAL=DISAGREE (season opener); NYG=AGREE (season opener)"
Dak Prescott,DAL,Pass Attempts,OVER_UNDER,,,33.5,-120,-110,,,,,,,,,PRE_INACTIVES,,2026-09-13T21:17:25.723Z,REFUSED,"REFUSED:CONTAMINATING_DEFECT | QB_INACTIVE_NOT_CONSUMED,QB_AVAILABILITY_UNRESOLVED_PRE_INACTIVES,QB3_WEEK1_SEASON_BOUNDARY; stage=PRE_INACTIVES; qb_inactive_ownership_enforced=False; failed_conditions=[official_inactive_evidence_ingested,evidence_tied_to_this_game_and_team,no_unresolved_identity]; qb3_rooms: DAL=DISAGREE (season opener); NYG=AGREE (season opener)"
Dak Prescott,DAL,Passing Yards,OVER_UNDER,,,263.5,-115,-115,,,,,,,,,PRE_INACTIVES,,2026-09-13T21:17:36.271Z,REFUSED,"REFUSED:CONTAMINATING_DEFECT | QB_INACTIVE_NOT_CONSUMED,QB_AVAILABILITY_UNRESOLVED_PRE_INACTIVES,QB3_WEEK1_SEASON_BOUNDARY; stage=PRE_INACTIVES; qb_inactive_ownership_enforced=False; failed_conditions=[official_inactive_evidence_ingested,evidence_tied_to_this_game_and_team,no_unresolved_identity]; qb3_rooms: DAL=DISAGREE (season opener); NYG=AGREE (season opener)"
Dak Prescott,DAL,Rushing Attempts,OVER_UNDER,,,2.5,-130,+100,,,,,,,,,PRE_INACTIVES,,2026-09-13T21:17:56.513Z,REFUSED,"REFUSED:CONTAMINATING_DEFECT | QB_INACTIVE_NOT_CONSUMED,QB_AVAILABILITY_UNRESOLVED_PRE_INACTIVES,QB3_WEEK1_SEASON_BOUNDARY; stage=PRE_INACTIVES; qb_inactive_ownership_enforced=False; failed_conditions=[official_inactive_evidence_ingested,evidence_tied_to_this_game_and_team,no_unresolved_identity]; qb3_rooms: DAL=DISAGREE (season opener); NYG=AGREE (season opener)"
Dak Prescott,DAL,Rushing Yards,OVER_UNDER,,,8.5,-110,-120,,,,,,,,,PRE_INACTIVES,,2026-09-13T21:18:04.291Z,REFUSED,"REFUSED:CONTAMINATING_DEFECT | QB_INACTIVE_NOT_CONSUMED,QB_AVAILABILITY_UNRESOLVED_PRE_INACTIVES,QB3_WEEK1_SEASON_BOUNDARY; stage=PRE_INACTIVES; qb_inactive_ownership_enforced=False; failed_conditions=[official_inactive_evidence_ingested,evidence_tied_to_this_game_and_team,no_unresolved_identity]; qb3_rooms: DAL=DISAGREE (season opener); NYG=AGREE (season opener)"
Cam Skattebo,NYG,Rushing Yards,OVER_UNDER,,,50.5,-115,-115,,,,,,,,,PRE_INACTIVES,,2026-09-13T21:18:04.291Z,REFUSED,REFUSED:MARKET_NOT_MAPPED | NOT_MODELLED: this engine has no non-quarterback rushing-yards metric. Carries are not yards.
Najee Harris,NYG,Rushing Yards,OVER_UNDER,,,17.5,-120,-110,,,,,,,,,PRE_INACTIVES,,2026-09-13T21:18:04.291Z,REFUSED,REFUSED:MARKET_NOT_MAPPED | NOT_MODELLED: this engine has no non-quarterback rushing-yards metric. Carries are not yards.
Javonte Williams,DAL,Rushing Yards,OVER_UNDER,,,75.5,-115,-115,,,,,,,,,PRE_INACTIVES,,2026-09-13T21:18:04.291Z,REFUSED,REFUSED:MARKET_NOT_MAPPED | NOT_MODELLED: this engine has no non-quarterback rushing-yards metric. Carries are not yards.
KaVontae Turpin,DAL,Rushing Yards,OVER_UNDER,,,5.5,-105,-125,,,,,,,,,PRE_INACTIVES,,2026-09-13T21:18:04.291Z,REFUSED,REFUSED:MARKET_NOT_MAPPED | NOT_MODELLED: this engine has no non-quarterback rushing-yards metric. Carries are not yards.
