player,team,position,role,metric,mean,median,q10,q25,q50,q75,q90,sd,p_opportunity_ge_1,forecast_stage,model_health,data_completeness,upstream_blockers,n_draws,written_at,run_id
Jaxson Dart,NYG,QB,QB1,qb/att,24.4775,25.0,12.0,19.0,25.0,31.0,37.0,10.4631,0.9304,PRE_INACTIVES,CONTAMINATED_QB3,PARTIAL_PLAYER_COVERAGE,QB3_WEEK1_SEASON_BOUNDARY;QB3_PARTICIPATION_MIXING,8000,2026-09-13T23:12:33Z,3dddf9f62c9260b0
Jaxson Dart,NYG,QB,QB1,qb/cmp,15.3499,16.0,7.0,11.0,16.0,20.0,24.0,7.0101,0.9304,PRE_INACTIVES,CONTAMINATED_QB3,PARTIAL_PLAYER_COVERAGE,QB3_WEEK1_SEASON_BOUNDARY;QB3_PARTICIPATION_MIXING,8000,2026-09-13T23:12:33Z,3dddf9f62c9260b0
Jaxson Dart,NYG,QB,QB1,qb/db,29.2411,31.0,15.0,23.0,31.0,37.0,43.0,12.2551,0.9304,PRE_INACTIVES,CONTAMINATED_QB3,PARTIAL_PLAYER_COVERAGE,QB3_WEEK1_SEASON_BOUNDARY;QB3_PARTICIPATION_MIXING,8000,2026-09-13T23:12:33Z,3dddf9f62c9260b0
Jaxson Dart,NYG,QB,QB1,qb/int,0.4231,0.0,0.0,0.0,0.0,1.0,1.0,0.6661,0.9304,PRE_INACTIVES,CONTAMINATED_QB3,PARTIAL_PLAYER_COVERAGE,QB3_WEEK1_SEASON_BOUNDARY;QB3_PARTICIPATION_MIXING,8000,2026-09-13T23:12:33Z,3dddf9f62c9260b0
Jaxson Dart,NYG,QB,QB1,qb/pyds,159.959,159.0,56.1059,108.0,159.0,213.0,265.0,81.4561,0.9304,PRE_INACTIVES,CONTAMINATED_QB3,PARTIAL_PLAYER_COVERAGE,QB3_WEEK1_SEASON_BOUNDARY;QB3_PARTICIPATION_MIXING,8000,2026-09-13T23:12:33Z,3dddf9f62c9260b0
Jaxson Dart,NYG,QB,QB1,qb/rush_opp,4.9224,5.0,1.0,3.0,5.0,7.0,9.0,2.9628,0.9304,PRE_INACTIVES,CONTAMINATED_QB3,PARTIAL_PLAYER_COVERAGE,QB3_WEEK1_SEASON_BOUNDARY;QB3_PARTICIPATION_MIXING,8000,2026-09-13T23:12:33Z,3dddf9f62c9260b0
Jaxson Dart,NYG,QB,QB1,qb/sacks,2.3325,2.0,0.0,1.0,2.0,3.0,5.0,1.7563,0.9304,PRE_INACTIVES,CONTAMINATED_QB3,PARTIAL_PLAYER_COVERAGE,QB3_WEEK1_SEASON_BOUNDARY;QB3_PARTICIPATION_MIXING,8000,2026-09-13T23:12:33Z,3dddf9f62c9260b0
Jaxson Dart,NYG,QB,QB1,qb/scr,2.4311,2.0,0.0,1.0,2.0,4.0,5.0,1.7986,0.9304,PRE_INACTIVES,CONTAMINATED_QB3,PARTIAL_PLAYER_COVERAGE,QB3_WEEK1_SEASON_BOUNDARY;QB3_PARTICIPATION_MIXING,8000,2026-09-13T23:12:33Z,3dddf9f62c9260b0
Joe Milton III,DAL,QB,,qb/att,19.576,23.0,0.0,0.0,23.0,34.0,41.0,17.182,0.6305,PRE_INACTIVES,CONTAMINATED_QB3,PARTIAL_PLAYER_COVERAGE,QB3_WEEK1_SEASON_BOUNDARY;QB3_PARTICIPATION_MIXING,8000,2026-09-13T23:12:33Z,3dddf9f62c9260b0
Joe Milton III,DAL,QB,,qb/cmp,12.5482,14.0,0.0,0.0,14.0,22.0,27.0,11.286,0.6305,PRE_INACTIVES,CONTAMINATED_QB3,PARTIAL_PLAYER_COVERAGE,QB3_WEEK1_SEASON_BOUNDARY;QB3_PARTICIPATION_MIXING,8000,2026-09-13T23:12:33Z,3dddf9f62c9260b0
Joe Milton III,DAL,QB,,qb/db,21.6747,25.0,0.0,0.0,25.0,37.0,44.0,18.9643,0.6305,PRE_INACTIVES,CONTAMINATED_QB3,PARTIAL_PLAYER_COVERAGE,QB3_WEEK1_SEASON_BOUNDARY;QB3_PARTICIPATION_MIXING,8000,2026-09-13T23:12:33Z,3dddf9f62c9260b0
Joe Milton III,DAL,QB,,qb/int,0.6248,0.0,0.0,0.0,0.0,1.0,2.0,0.9465,0.6305,PRE_INACTIVES,CONTAMINATED_QB3,PARTIAL_PLAYER_COVERAGE,QB3_WEEK1_SEASON_BOUNDARY;QB3_PARTICIPATION_MIXING,8000,2026-09-13T23:12:33Z,3dddf9f62c9260b0
Joe Milton III,DAL,QB,,qb/pyds,141.6983,150.9128,0.0,0.0,150.9128,244.8306,317.0,132.2936,0.6305,PRE_INACTIVES,CONTAMINATED_QB3,PARTIAL_PLAYER_COVERAGE,QB3_WEEK1_SEASON_BOUNDARY;QB3_PARTICIPATION_MIXING,8000,2026-09-13T23:12:33Z,3dddf9f62c9260b0
Joe Milton III,DAL,QB,,qb/rush_opp,3.3609,3.0,0.0,0.0,3.0,6.0,8.0,3.4371,0.6305,PRE_INACTIVES,CONTAMINATED_QB3,PARTIAL_PLAYER_COVERAGE,QB3_WEEK1_SEASON_BOUNDARY;QB3_PARTICIPATION_MIXING,8000,2026-09-13T23:12:33Z,3dddf9f62c9260b0
Joe Milton III,DAL,QB,,qb/sacks,0.5984,0.0,0.0,0.0,0.0,1.0,2.0,0.9174,0.6305,PRE_INACTIVES,CONTAMINATED_QB3,PARTIAL_PLAYER_COVERAGE,QB3_WEEK1_SEASON_BOUNDARY;QB3_PARTICIPATION_MIXING,8000,2026-09-13T23:12:33Z,3dddf9f62c9260b0
Joe Milton III,DAL,QB,,qb/scr,1.5004,1.0,0.0,0.0,1.0,3.0,4.0,1.7582,0.6305,PRE_INACTIVES,CONTAMINATED_QB3,PARTIAL_PLAYER_COVERAGE,QB3_WEEK1_SEASON_BOUNDARY;QB3_PARTICIPATION_MIXING,8000,2026-09-13T23:12:33Z,3dddf9f62c9260b0
Dak Prescott,DAL,QB,QB1,qb/att,15.3205,7.0,0.0,0.0,7.0,31.0,39.0,16.8568,0.53,PRE_INACTIVES,CONTAMINATED_QB3,PARTIAL_PLAYER_COVERAGE,QB3_WEEK1_SEASON_BOUNDARY;QB3_PARTICIPATION_MIXING,8000,2026-09-13T23:12:33Z,3dddf9f62c9260b0
Dak Prescott,DAL,QB,QB1,qb/cmp,9.8468,4.0,0.0,0.0,4.0,20.0,25.0,11.0443,0.53,PRE_INACTIVES,CONTAMINATED_QB3,PARTIAL_PLAYER_COVERAGE,QB3_WEEK1_SEASON_BOUNDARY;QB3_PARTICIPATION_MIXING,8000,2026-09-13T23:12:33Z,3dddf9f62c9260b0
Dak Prescott,DAL,QB,QB1,qb/db,16.7986,8.0,0.0,0.0,8.0,34.0,43.0,18.45,0.53,PRE_INACTIVES,CONTAMINATED_QB3,PARTIAL_PLAYER_COVERAGE,QB3_WEEK1_SEASON_BOUNDARY;QB3_PARTICIPATION_MIXING,8000,2026-09-13T23:12:33Z,3dddf9f62c9260b0
Dak Prescott,DAL,QB,QB1,qb/int,0.3219,0.0,0.0,0.0,0.0,0.0,1.0,0.6531,0.53,PRE_INACTIVES,CONTAMINATED_QB3,PARTIAL_PLAYER_COVERAGE,QB3_WEEK1_SEASON_BOUNDARY;QB3_PARTICIPATION_MIXING,8000,2026-09-13T23:12:33Z,3dddf9f62c9260b0
Dak Prescott,DAL,QB,QB1,qb/pyds,111.2688,50.0147,0.0,0.0,50.0147,218.7831,299.0,128.1443,0.53,PRE_INACTIVES,CONTAMINATED_QB3,PARTIAL_PLAYER_COVERAGE,QB3_WEEK1_SEASON_BOUNDARY;QB3_PARTICIPATION_MIXING,8000,2026-09-13T23:12:33Z,3dddf9f62c9260b0
Dak Prescott,DAL,QB,QB1,qb/rush_opp,1.065,0.0,0.0,0.0,0.0,2.0,3.0,1.5577,0.53,PRE_INACTIVES,CONTAMINATED_QB3,PARTIAL_PLAYER_COVERAGE,QB3_WEEK1_SEASON_BOUNDARY;QB3_PARTICIPATION_MIXING,8000,2026-09-13T23:12:33Z,3dddf9f62c9260b0
Dak Prescott,DAL,QB,QB1,qb/sacks,0.8641,0.0,0.0,0.0,0.0,1.0,3.0,1.3143,0.53,PRE_INACTIVES,CONTAMINATED_QB3,PARTIAL_PLAYER_COVERAGE,QB3_WEEK1_SEASON_BOUNDARY;QB3_PARTICIPATION_MIXING,8000,2026-09-13T23:12:33Z,3dddf9f62c9260b0
Dak Prescott,DAL,QB,QB1,qb/scr,0.614,0.0,0.0,0.0,0.0,1.0,2.0,1.0325,0.53,PRE_INACTIVES,CONTAMINATED_QB3,PARTIAL_PLAYER_COVERAGE,QB3_WEEK1_SEASON_BOUNDARY;QB3_PARTICIPATION_MIXING,8000,2026-09-13T23:12:33Z,3dddf9f62c9260b0
Jameis Winston,NYG,QB,QB2,qb/att,2.2615,0.0,0.0,0.0,0.0,0.0,8.0,6.0576,0.2481,PRE_INACTIVES,CONTAMINATED_QB3,PARTIAL_PLAYER_COVERAGE,QB3_WEEK1_SEASON_BOUNDARY;QB3_PARTICIPATION_MIXING,8000,2026-09-13T23:12:33Z,3dddf9f62c9260b0
Jameis Winston,NYG,QB,QB2,qb/cmp,1.3987,0.0,0.0,0.0,0.0,0.0,5.0,3.8517,0.2481,PRE_INACTIVES,CONTAMINATED_QB3,PARTIAL_PLAYER_COVERAGE,QB3_WEEK1_SEASON_BOUNDARY;QB3_PARTICIPATION_MIXING,8000,2026-09-13T23:12:33Z,3dddf9f62c9260b0
Jameis Winston,NYG,QB,QB2,qb/db,2.5401,0.0,0.0,0.0,0.0,0.0,9.0,6.7771,0.2481,PRE_INACTIVES,CONTAMINATED_QB3,PARTIAL_PLAYER_COVERAGE,QB3_WEEK1_SEASON_BOUNDARY;QB3_PARTICIPATION_MIXING,8000,2026-09-13T23:12:33Z,3dddf9f62c9260b0
Jameis Winston,NYG,QB,QB2,qb/int,0.0775,0.0,0.0,0.0,0.0,0.0,0.0,0.3546,0.2481,PRE_INACTIVES,CONTAMINATED_QB3,PARTIAL_PLAYER_COVERAGE,QB3_WEEK1_SEASON_BOUNDARY;QB3_PARTICIPATION_MIXING,8000,2026-09-13T23:12:33Z,3dddf9f62c9260b0
Jameis Winston,NYG,QB,QB2,qb/pyds,14.8669,0.0,0.0,0.0,0.0,0.0,49.9053,41.2543,0.2481,PRE_INACTIVES,CONTAMINATED_QB3,PARTIAL_PLAYER_COVERAGE,QB3_WEEK1_SEASON_BOUNDARY;QB3_PARTICIPATION_MIXING,8000,2026-09-13T23:12:33Z,3dddf9f62c9260b0
Jameis Winston,NYG,QB,QB2,qb/rush_opp,0.1822,0.0,0.0,0.0,0.0,0.0,1.0,0.6299,0.2481,PRE_INACTIVES,CONTAMINATED_QB3,PARTIAL_PLAYER_COVERAGE,QB3_WEEK1_SEASON_BOUNDARY;QB3_PARTICIPATION_MIXING,8000,2026-09-13T23:12:33Z,3dddf9f62c9260b0
Jameis Winston,NYG,QB,QB2,qb/sacks,0.1797,0.0,0.0,0.0,0.0,0.0,1.0,0.6285,0.2481,PRE_INACTIVES,CONTAMINATED_QB3,PARTIAL_PLAYER_COVERAGE,QB3_WEEK1_SEASON_BOUNDARY;QB3_PARTICIPATION_MIXING,8000,2026-09-13T23:12:33Z,3dddf9f62c9260b0
Jameis Winston,NYG,QB,QB2,qb/scr,0.0989,0.0,0.0,0.0,0.0,0.0,0.0,0.4054,0.2481,PRE_INACTIVES,CONTAMINATED_QB3,PARTIAL_PLAYER_COVERAGE,QB3_WEEK1_SEASON_BOUNDARY;QB3_PARTICIPATION_MIXING,8000,2026-09-13T23:12:33Z,3dddf9f62c9260b0
Sam Howell,DAL,QB,QB2,qb/att,1.8711,0.0,0.0,0.0,0.0,4.0,4.1,2.9633,0.4869,PRE_INACTIVES,CONTAMINATED_QB3,PARTIAL_PLAYER_COVERAGE,QB3_WEEK1_SEASON_BOUNDARY;QB3_PARTICIPATION_MIXING,8000,2026-09-13T23:12:33Z,3dddf9f62c9260b0
Sam Howell,DAL,QB,QB2,qb/cmp,1.187,0.0,0.0,0.0,0.0,2.0,4.0,2.1076,0.4869,PRE_INACTIVES,CONTAMINATED_QB3,PARTIAL_PLAYER_COVERAGE,QB3_WEEK1_SEASON_BOUNDARY;QB3_PARTICIPATION_MIXING,8000,2026-09-13T23:12:33Z,3dddf9f62c9260b0
Sam Howell,DAL,QB,QB2,qb/db,2.1804,0.0,0.0,0.0,0.0,4.0,5.0,3.4067,0.4869,PRE_INACTIVES,CONTAMINATED_QB3,PARTIAL_PLAYER_COVERAGE,QB3_WEEK1_SEASON_BOUNDARY;QB3_PARTICIPATION_MIXING,8000,2026-09-13T23:12:33Z,3dddf9f62c9260b0
Sam Howell,DAL,QB,QB2,qb/int,0.0679,0.0,0.0,0.0,0.0,0.0,0.0,0.2688,0.4869,PRE_INACTIVES,CONTAMINATED_QB3,PARTIAL_PLAYER_COVERAGE,QB3_WEEK1_SEASON_BOUNDARY;QB3_PARTICIPATION_MIXING,8000,2026-09-13T23:12:33Z,3dddf9f62c9260b0
Sam Howell,DAL,QB,QB2,qb/pyds,13.6063,0.0,0.0,0.0,0.0,24.7128,35.1145,22.0141,0.4869,PRE_INACTIVES,CONTAMINATED_QB3,PARTIAL_PLAYER_COVERAGE,QB3_WEEK1_SEASON_BOUNDARY;QB3_PARTICIPATION_MIXING,8000,2026-09-13T23:12:33Z,3dddf9f62c9260b0
Sam Howell,DAL,QB,QB2,qb/rush_opp,0.1532,0.0,0.0,0.0,0.0,0.0,1.0,0.4492,0.4869,PRE_INACTIVES,CONTAMINATED_QB3,PARTIAL_PLAYER_COVERAGE,QB3_WEEK1_SEASON_BOUNDARY;QB3_PARTICIPATION_MIXING,8000,2026-09-13T23:12:33Z,3dddf9f62c9260b0
Sam Howell,DAL,QB,QB2,qb/sacks,0.2062,0.0,0.0,0.0,0.0,0.0,1.0,0.5392,0.4869,PRE_INACTIVES,CONTAMINATED_QB3,PARTIAL_PLAYER_COVERAGE,QB3_WEEK1_SEASON_BOUNDARY;QB3_PARTICIPATION_MIXING,8000,2026-09-13T23:12:33Z,3dddf9f62c9260b0
Sam Howell,DAL,QB,QB2,qb/scr,0.103,0.0,0.0,0.0,0.0,0.0,0.0,0.3516,0.4869,PRE_INACTIVES,CONTAMINATED_QB3,PARTIAL_PLAYER_COVERAGE,QB3_WEEK1_SEASON_BOUNDARY;QB3_PARTICIPATION_MIXING,8000,2026-09-13T23:12:33Z,3dddf9f62c9260b0
Jake Haener,NYG,QB,,qb/att,0.841,0.0,0.0,0.0,0.0,0.0,3.0,2.2779,0.2355,PRE_INACTIVES,CONTAMINATED_QB3,PARTIAL_PLAYER_COVERAGE,QB3_WEEK1_SEASON_BOUNDARY;QB3_PARTICIPATION_MIXING,8000,2026-09-13T23:12:33Z,3dddf9f62c9260b0
Jake Haener,NYG,QB,,qb/cmp,0.5275,0.0,0.0,0.0,0.0,0.0,2.0,1.5979,0.2355,PRE_INACTIVES,CONTAMINATED_QB3,PARTIAL_PLAYER_COVERAGE,QB3_WEEK1_SEASON_BOUNDARY;QB3_PARTICIPATION_MIXING,8000,2026-09-13T23:12:33Z,3dddf9f62c9260b0
Jake Haener,NYG,QB,,qb/db,1.0209,0.0,0.0,0.0,0.0,0.0,3.0,2.7346,0.2355,PRE_INACTIVES,CONTAMINATED_QB3,PARTIAL_PLAYER_COVERAGE,QB3_WEEK1_SEASON_BOUNDARY;QB3_PARTICIPATION_MIXING,8000,2026-09-13T23:12:33Z,3dddf9f62c9260b0
Jake Haener,NYG,QB,,qb/int,0.0251,0.0,0.0,0.0,0.0,0.0,0.0,0.1703,0.2355,PRE_INACTIVES,CONTAMINATED_QB3,PARTIAL_PLAYER_COVERAGE,QB3_WEEK1_SEASON_BOUNDARY;QB3_PARTICIPATION_MIXING,8000,2026-09-13T23:12:33Z,3dddf9f62c9260b0
Jake Haener,NYG,QB,,qb/pyds,5.5003,0.0,0.0,0.0,0.0,0.0,17.125,15.4525,0.2355,PRE_INACTIVES,CONTAMINATED_QB3,PARTIAL_PLAYER_COVERAGE,QB3_WEEK1_SEASON_BOUNDARY;QB3_PARTICIPATION_MIXING,8000,2026-09-13T23:12:33Z,3dddf9f62c9260b0
Jake Haener,NYG,QB,,qb/rush_opp,0.0975,0.0,0.0,0.0,0.0,0.0,0.0,0.3985,0.2355,PRE_INACTIVES,CONTAMINATED_QB3,PARTIAL_PLAYER_COVERAGE,QB3_WEEK1_SEASON_BOUNDARY;QB3_PARTICIPATION_MIXING,8000,2026-09-13T23:12:33Z,3dddf9f62c9260b0
Jake Haener,NYG,QB,,qb/sacks,0.1,0.0,0.0,0.0,0.0,0.0,0.0,0.4065,0.2355,PRE_INACTIVES,CONTAMINATED_QB3,PARTIAL_PLAYER_COVERAGE,QB3_WEEK1_SEASON_BOUNDARY;QB3_PARTICIPATION_MIXING,8000,2026-09-13T23:12:33Z,3dddf9f62c9260b0
Jake Haener,NYG,QB,,qb/scr,0.0799,0.0,0.0,0.0,0.0,0.0,0.0,0.3486,0.2355,PRE_INACTIVES,CONTAMINATED_QB3,PARTIAL_PLAYER_COVERAGE,QB3_WEEK1_SEASON_BOUNDARY;QB3_PARTICIPATION_MIXING,8000,2026-09-13T23:12:33Z,3dddf9f62c9260b0
Tyrone Tracy Jr.,NYG,RB,RB3,receiving/receptions,1.7837,1.0,0.0,0.0,1.0,3.0,4.0,1.7065,0.7859,PRE_INACTIVES,CLEAN,PARTIAL_PLAYER_COVERAGE,,8000,2026-09-13T23:12:33Z,3dddf9f62c9260b0
Tyrone Tracy Jr.,NYG,RB,RB3,receiving/targets,2.423,2.0,0.0,1.0,2.0,4.0,5.0,2.1383,0.7859,PRE_INACTIVES,CLEAN,PARTIAL_PLAYER_COVERAGE,,8000,2026-09-13T23:12:33Z,3dddf9f62c9260b0
Tyrone Tracy Jr.,NYG,RB,RB3,rushing/carries,6.1198,5.8963,0.0,3.8133,5.8963,8.2968,10.8149,3.7914,0.8869,PRE_INACTIVES,MODEL_HEALTH_WARNING,PARTIAL_PLAYER_COVERAGE,CARRY_ALLOCATION_HEALTH_WARNING,8000,2026-09-13T23:12:33Z,3dddf9f62c9260b0
Cam Skattebo,NYG,RB,RB1,receiving/receptions,1.7599,1.0,0.0,0.0,1.0,3.0,4.0,1.6384,0.8154,PRE_INACTIVES,CLEAN,PARTIAL_PLAYER_COVERAGE,,8000,2026-09-13T23:12:33Z,3dddf9f62c9260b0
Cam Skattebo,NYG,RB,RB1,receiving/targets,2.3151,2.0,0.0,1.0,2.0,3.0,5.0,1.997,0.8154,PRE_INACTIVES,CLEAN,PARTIAL_PLAYER_COVERAGE,,8000,2026-09-13T23:12:33Z,3dddf9f62c9260b0
Cam Skattebo,NYG,RB,RB1,rushing/carries,5.4841,5.0142,1.8824,3.3226,5.0142,7.1707,9.5932,3.3442,0.9409,PRE_INACTIVES,MODEL_HEALTH_WARNING,PARTIAL_PLAYER_COVERAGE,CARRY_ALLOCATION_HEALTH_WARNING,8000,2026-09-13T23:12:33Z,3dddf9f62c9260b0
Najee Harris,NYG,RB,RB2,receiving/receptions,0.987,1.0,0.0,0.0,1.0,2.0,3.0,1.2962,0.5847,PRE_INACTIVES,CLEAN,PARTIAL_PLAYER_COVERAGE,,8000,2026-09-13T23:12:33Z,3dddf9f62c9260b0
Najee Harris,NYG,RB,RB2,receiving/targets,1.2732,1.0,0.0,0.0,1.0,2.0,3.0,1.5585,0.5847,PRE_INACTIVES,CLEAN,PARTIAL_PLAYER_COVERAGE,,8000,2026-09-13T23:12:33Z,3dddf9f62c9260b0
Najee Harris,NYG,RB,RB2,rushing/carries,4.791,4.3197,1.4661,2.8151,4.3197,6.3241,8.6246,2.9967,0.9291,PRE_INACTIVES,MODEL_HEALTH_WARNING,PARTIAL_PLAYER_COVERAGE,CARRY_ALLOCATION_HEALTH_WARNING,8000,2026-09-13T23:12:33Z,3dddf9f62c9260b0
Javonte Williams,DAL,RB,RB1,receiving/receptions,1.314,0.0,0.0,0.0,0.0,2.0,4.0,1.9242,0.5132,PRE_INACTIVES,CLEAN,PARTIAL_PLAYER_COVERAGE,,8000,2026-09-13T23:12:33Z,3dddf9f62c9260b0
Javonte Williams,DAL,RB,RB1,receiving/targets,1.7326,1.0,0.0,0.0,1.0,3.0,5.0,2.4245,0.5132,PRE_INACTIVES,CLEAN,PARTIAL_PLAYER_COVERAGE,,8000,2026-09-13T23:12:33Z,3dddf9f62c9260b0
Javonte Williams,DAL,RB,RB1,rushing/carries,7.4201,7.683,0.0,0.0,7.683,12.025,15.9036,6.5644,0.663,PRE_INACTIVES,MODEL_HEALTH_WARNING,PARTIAL_PLAYER_COVERAGE,CARRY_ALLOCATION_HEALTH_WARNING,8000,2026-09-13T23:12:33Z,3dddf9f62c9260b0
Israel Abanikanda,DAL,RB,RB3,receiving/receptions,1.2263,1.0,0.0,0.0,1.0,2.0,3.0,1.6622,0.5972,PRE_INACTIVES,CLEAN,PARTIAL_PLAYER_COVERAGE,,8000,2026-09-13T23:12:33Z,3dddf9f62c9260b0
Israel Abanikanda,DAL,RB,RB3,receiving/targets,1.7674,1.0,0.0,0.0,1.0,3.0,5.0,2.2409,0.5972,PRE_INACTIVES,CLEAN,PARTIAL_PLAYER_COVERAGE,,8000,2026-09-13T23:12:33Z,3dddf9f62c9260b0
Israel Abanikanda,DAL,RB,RB3,rushing/carries,4.7913,3.2787,0.0,1.0326,3.2787,6.3904,12.2255,5.3052,0.7521,PRE_INACTIVES,MODEL_HEALTH_WARNING,PARTIAL_PLAYER_COVERAGE,CARRY_ALLOCATION_HEALTH_WARNING,8000,2026-09-13T23:12:33Z,3dddf9f62c9260b0
Emari Demercado,DAL,RB,RB2,receiving/receptions,0.9414,0.0,0.0,0.0,0.0,1.0,3.0,1.6203,0.4239,PRE_INACTIVES,CLEAN,PARTIAL_PLAYER_COVERAGE,,8000,2026-09-13T23:12:33Z,3dddf9f62c9260b0
Emari Demercado,DAL,RB,RB2,receiving/targets,1.296,0.0,0.0,0.0,0.0,2.0,4.0,2.1037,0.4239,PRE_INACTIVES,CLEAN,PARTIAL_PLAYER_COVERAGE,,8000,2026-09-13T23:12:33Z,3dddf9f62c9260b0
Emari Demercado,DAL,RB,RB2,rushing/carries,3.5165,1.9319,0.0,0.0,1.9319,5.3705,9.7705,4.7485,0.5424,PRE_INACTIVES,MODEL_HEALTH_WARNING,PARTIAL_PLAYER_COVERAGE,CARRY_ALLOCATION_HEALTH_WARNING,8000,2026-09-13T23:12:33Z,3dddf9f62c9260b0
Hunter Luepke,DAL,RB,FB1,receiving/receptions,0.8709,0.0,0.0,0.0,0.0,1.0,3.0,1.5933,0.383,PRE_INACTIVES,CLEAN,PARTIAL_PLAYER_COVERAGE,,8000,2026-09-13T23:12:33Z,3dddf9f62c9260b0
Hunter Luepke,DAL,RB,FB1,receiving/targets,1.0938,0.0,0.0,0.0,0.0,2.0,4.0,1.9345,0.383,PRE_INACTIVES,CLEAN,PARTIAL_PLAYER_COVERAGE,,8000,2026-09-13T23:12:33Z,3dddf9f62c9260b0
Hunter Luepke,DAL,RB,FB1,rushing/carries,1.812,0.0,0.0,0.0,0.0,2.2465,5.6164,3.3911,0.3711,PRE_INACTIVES,MODEL_HEALTH_WARNING,PARTIAL_PLAYER_COVERAGE,CARRY_ALLOCATION_HEALTH_WARNING,8000,2026-09-13T23:12:33Z,3dddf9f62c9260b0
Devin Singletary,NYG,RB,RB4,receiving/receptions,0.6914,0.0,0.0,0.0,0.0,1.0,2.0,1.1546,0.4118,PRE_INACTIVES,CLEAN,PARTIAL_PLAYER_COVERAGE,,8000,2026-09-13T23:12:33Z,3dddf9f62c9260b0
Devin Singletary,NYG,RB,RB4,receiving/targets,0.8729,0.0,0.0,0.0,0.0,1.0,3.0,1.3839,0.4118,PRE_INACTIVES,CLEAN,PARTIAL_PLAYER_COVERAGE,,8000,2026-09-13T23:12:33Z,3dddf9f62c9260b0
Devin Singletary,NYG,RB,RB4,rushing/carries,2.9928,2.7123,0.0,0.0,2.7123,4.6403,6.6334,2.8008,0.6847,PRE_INACTIVES,MODEL_HEALTH_WARNING,PARTIAL_PLAYER_COVERAGE,CARRY_ALLOCATION_HEALTH_WARNING,8000,2026-09-13T23:12:33Z,3dddf9f62c9260b0
Patrick Ricard,NYG,RB,FB1,receiving/receptions,0.3801,0.0,0.0,0.0,0.0,0.0,1.0,0.8359,0.2819,PRE_INACTIVES,CLEAN,PARTIAL_PLAYER_COVERAGE,,8000,2026-09-13T23:12:33Z,3dddf9f62c9260b0
Patrick Ricard,NYG,RB,FB1,receiving/targets,0.5327,0.0,0.0,0.0,0.0,1.0,2.0,1.0776,0.2819,PRE_INACTIVES,CLEAN,PARTIAL_PLAYER_COVERAGE,,8000,2026-09-13T23:12:33Z,3dddf9f62c9260b0
Patrick Ricard,NYG,RB,FB1,rushing/carries,0.7268,0.0,0.0,0.0,0.0,0.8728,2.5238,1.4254,0.2323,PRE_INACTIVES,MODEL_HEALTH_WARNING,PARTIAL_PLAYER_COVERAGE,CARRY_ALLOCATION_HEALTH_WARNING,8000,2026-09-13T23:12:33Z,3dddf9f62c9260b0
CeeDee Lamb,DAL,WR,WR1,receiving/receptions,4.6486,4.0,0.0,2.0,4.0,7.0,9.0,3.3922,0.8714,PRE_INACTIVES,CLEAN,PARTIAL_PLAYER_COVERAGE,,8000,2026-09-13T23:12:33Z,3dddf9f62c9260b0
CeeDee Lamb,DAL,WR,WR1,receiving/targets,6.8066,7.0,0.0,4.0,7.0,10.0,13.0,4.6596,0.8714,PRE_INACTIVES,CLEAN,PARTIAL_PLAYER_COVERAGE,,8000,2026-09-13T23:12:33Z,3dddf9f62c9260b0
Malik Nabers,NYG,WR,WR1,receiving/receptions,3.3595,3.0,0.0,2.0,3.0,5.0,7.0,2.3635,0.9339,PRE_INACTIVES,CLEAN,PARTIAL_PLAYER_COVERAGE,,8000,2026-09-13T23:12:33Z,3dddf9f62c9260b0
Malik Nabers,NYG,WR,WR1,receiving/targets,5.3751,5.0,1.0,3.0,5.0,7.0,10.0,3.2969,0.9339,PRE_INACTIVES,CLEAN,PARTIAL_PLAYER_COVERAGE,,8000,2026-09-13T23:12:33Z,3dddf9f62c9260b0
Darnell Mooney,NYG,WR,WR3,receiving/receptions,1.7239,1.0,0.0,0.0,1.0,3.0,4.0,1.6467,0.8326,PRE_INACTIVES,CLEAN,PARTIAL_PLAYER_COVERAGE,,8000,2026-09-13T23:12:33Z,3dddf9f62c9260b0
Darnell Mooney,NYG,WR,WR3,receiving/targets,2.9941,3.0,0.0,1.0,3.0,4.0,6.0,2.4515,0.8326,PRE_INACTIVES,CLEAN,PARTIAL_PLAYER_COVERAGE,,8000,2026-09-13T23:12:33Z,3dddf9f62c9260b0
George Pickens,DAL,WR,WR2,receiving/receptions,3.5881,3.0,0.0,0.0,3.0,6.0,8.0,3.1823,0.7619,PRE_INACTIVES,CLEAN,PARTIAL_PLAYER_COVERAGE,,8000,2026-09-13T23:12:33Z,3dddf9f62c9260b0
George Pickens,DAL,WR,WR2,receiving/targets,5.7524,6.0,0.0,1.0,6.0,9.0,12.0,4.7573,0.7619,PRE_INACTIVES,CLEAN,PARTIAL_PLAYER_COVERAGE,,8000,2026-09-13T23:12:33Z,3dddf9f62c9260b0
Ryan Flournoy,DAL,WR,WR3,receiving/receptions,3.3034,3.0,0.0,1.0,3.0,5.0,7.0,2.9092,0.8171,PRE_INACTIVES,CLEAN,PARTIAL_PLAYER_COVERAGE,,8000,2026-09-13T23:12:33Z,3dddf9f62c9260b0
Ryan Flournoy,DAL,WR,WR3,receiving/targets,4.6835,4.0,0.0,2.0,4.0,7.0,10.0,3.8939,0.8171,PRE_INACTIVES,CLEAN,PARTIAL_PLAYER_COVERAGE,,8000,2026-09-13T23:12:33Z,3dddf9f62c9260b0
KaVontae Turpin,DAL,WR,WR4,receiving/receptions,0.9203,0.0,0.0,0.0,0.0,1.0,3.0,1.6775,0.3967,PRE_INACTIVES,CLEAN,PARTIAL_PLAYER_COVERAGE,,8000,2026-09-13T23:12:33Z,3dddf9f62c9260b0
KaVontae Turpin,DAL,WR,WR4,receiving/targets,1.4606,0.0,0.0,0.0,0.0,2.0,5.0,2.4923,0.3967,PRE_INACTIVES,CLEAN,PARTIAL_PLAYER_COVERAGE,,8000,2026-09-13T23:12:33Z,3dddf9f62c9260b0
Camden Brown,DAL,WR,WR6,receiving/receptions,1.5955,1.0,0.0,0.0,1.0,2.0,4.0,2.0353,0.6573,PRE_INACTIVES,CLEAN,PARTIAL_PLAYER_COVERAGE,,8000,2026-09-13T23:12:33Z,3dddf9f62c9260b0
Camden Brown,DAL,WR,WR6,receiving/targets,2.5266,2.0,0.0,0.0,2.0,4.0,7.0,2.983,0.6573,PRE_INACTIVES,CLEAN,PARTIAL_PLAYER_COVERAGE,,8000,2026-09-13T23:12:33Z,3dddf9f62c9260b0
Odell Beckham Jr.,NYG,WR,WR4,receiving/receptions,0.7401,0.0,0.0,0.0,0.0,1.0,2.0,1.1016,0.56,PRE_INACTIVES,CLEAN,PARTIAL_PLAYER_COVERAGE,,8000,2026-09-13T23:12:33Z,3dddf9f62c9260b0
Odell Beckham Jr.,NYG,WR,WR4,receiving/targets,1.3689,1.0,0.0,0.0,1.0,2.0,4.0,1.7368,0.56,PRE_INACTIVES,CLEAN,PARTIAL_PLAYER_COVERAGE,,8000,2026-09-13T23:12:33Z,3dddf9f62c9260b0
Malachi Fields,NYG,WR,WR2,receiving/receptions,0.8367,0.0,0.0,0.0,0.0,1.0,2.0,1.2518,0.5426,PRE_INACTIVES,CLEAN,PARTIAL_PLAYER_COVERAGE,,8000,2026-09-13T23:12:33Z,3dddf9f62c9260b0
Malachi Fields,NYG,WR,WR2,receiving/targets,1.3313,1.0,0.0,0.0,1.0,2.0,4.0,1.7721,0.5426,PRE_INACTIVES,CLEAN,PARTIAL_PLAYER_COVERAGE,,8000,2026-09-13T23:12:33Z,3dddf9f62c9260b0
Jonathan Mingo,DAL,WR,WR5,receiving/receptions,0.582,0.0,0.0,0.0,0.0,1.0,2.0,1.1911,0.3575,PRE_INACTIVES,CLEAN,PARTIAL_PLAYER_COVERAGE,,8000,2026-09-13T23:12:33Z,3dddf9f62c9260b0
Jonathan Mingo,DAL,WR,WR5,receiving/targets,1.2012,0.0,0.0,0.0,0.0,2.0,4.0,2.2038,0.3575,PRE_INACTIVES,CLEAN,PARTIAL_PLAYER_COVERAGE,,8000,2026-09-13T23:12:33Z,3dddf9f62c9260b0
Braxton Berrios,NYG,WR,WR6,receiving/receptions,0.761,0.0,0.0,0.0,0.0,1.0,2.0,1.209,0.4849,PRE_INACTIVES,CLEAN,PARTIAL_PLAYER_COVERAGE,,8000,2026-09-13T23:12:33Z,3dddf9f62c9260b0
Braxton Berrios,NYG,WR,WR6,receiving/targets,1.1347,0.0,0.0,0.0,0.0,2.0,3.0,1.6309,0.4849,PRE_INACTIVES,CLEAN,PARTIAL_PLAYER_COVERAGE,,8000,2026-09-13T23:12:33Z,3dddf9f62c9260b0
Parris Campbell,DAL,WR,,receiving/receptions,0.2818,0.0,0.0,0.0,0.0,0.0,0.0,1.0603,0.1091,PRE_INACTIVES,CLEAN,PARTIAL_PLAYER_COVERAGE,,8000,2026-09-13T23:12:33Z,3dddf9f62c9260b0
Parris Campbell,DAL,WR,,receiving/targets,0.4146,0.0,0.0,0.0,0.0,0.0,1.0,1.4849,0.1091,PRE_INACTIVES,CLEAN,PARTIAL_PLAYER_COVERAGE,,8000,2026-09-13T23:12:33Z,3dddf9f62c9260b0
Dalen Cambre,NYG,WR,WR5,receiving/receptions,0.2112,0.0,0.0,0.0,0.0,0.0,1.0,0.675,0.1532,PRE_INACTIVES,CLEAN,PARTIAL_PLAYER_COVERAGE,,8000,2026-09-13T23:12:33Z,3dddf9f62c9260b0
Dalen Cambre,NYG,WR,WR5,receiving/targets,0.337,0.0,0.0,0.0,0.0,0.0,1.0,0.9812,0.1532,PRE_INACTIVES,CLEAN,PARTIAL_PLAYER_COVERAGE,,8000,2026-09-13T23:12:33Z,3dddf9f62c9260b0
Darius Slayton,NYG,WR,,receiving/receptions,0.1182,0.0,0.0,0.0,0.0,0.0,0.0,0.5874,0.0621,PRE_INACTIVES,CLEAN,PARTIAL_PLAYER_COVERAGE,,8000,2026-09-13T23:12:33Z,3dddf9f62c9260b0
Darius Slayton,NYG,WR,,receiving/targets,0.2111,0.0,0.0,0.0,0.0,0.0,0.0,0.9573,0.0621,PRE_INACTIVES,CLEAN,PARTIAL_PLAYER_COVERAGE,,8000,2026-09-13T23:12:33Z,3dddf9f62c9260b0
Theo Johnson,NYG,TE,TE2,receiving/receptions,2.2095,2.0,0.0,1.0,2.0,3.0,5.0,1.7821,0.9054,PRE_INACTIVES,CLEAN,PARTIAL_PLAYER_COVERAGE,,8000,2026-09-13T23:12:33Z,3dddf9f62c9260b0
Theo Johnson,NYG,TE,TE2,receiving/targets,3.4789,3.0,1.0,2.0,3.0,5.0,7.0,2.4247,0.9054,PRE_INACTIVES,CLEAN,PARTIAL_PLAYER_COVERAGE,,8000,2026-09-13T23:12:33Z,3dddf9f62c9260b0
Jake Ferguson,DAL,TE,TE1,receiving/receptions,2.9266,2.0,0.0,1.0,2.0,4.0,6.0,2.595,0.8224,PRE_INACTIVES,CLEAN,PARTIAL_PLAYER_COVERAGE,,8000,2026-09-13T23:12:33Z,3dddf9f62c9260b0
Jake Ferguson,DAL,TE,TE1,receiving/targets,3.9926,4.0,0.0,1.0,4.0,6.0,9.0,3.3465,0.8224,PRE_INACTIVES,CLEAN,PARTIAL_PLAYER_COVERAGE,,8000,2026-09-13T23:12:33Z,3dddf9f62c9260b0
Isaiah Likely,NYG,TE,TE1,receiving/receptions,1.3779,1.0,0.0,0.0,1.0,2.0,3.0,1.5078,0.7294,PRE_INACTIVES,CLEAN,PARTIAL_PLAYER_COVERAGE,,8000,2026-09-13T23:12:33Z,3dddf9f62c9260b0
Isaiah Likely,NYG,TE,TE1,receiving/targets,1.9955,2.0,0.0,0.0,2.0,3.0,5.0,1.9373,0.7294,PRE_INACTIVES,CLEAN,PARTIAL_PLAYER_COVERAGE,,8000,2026-09-13T23:12:33Z,3dddf9f62c9260b0
Brevyn Spann-Ford,DAL,TE,TE2,receiving/receptions,0.9229,0.0,0.0,0.0,0.0,1.0,3.0,1.5293,0.4662,PRE_INACTIVES,CLEAN,PARTIAL_PLAYER_COVERAGE,,8000,2026-09-13T23:12:33Z,3dddf9f62c9260b0
Brevyn Spann-Ford,DAL,TE,TE2,receiving/targets,1.3779,0.0,0.0,0.0,0.0,2.0,4.0,2.136,0.4662,PRE_INACTIVES,CLEAN,PARTIAL_PLAYER_COVERAGE,,8000,2026-09-13T23:12:33Z,3dddf9f62c9260b0
Luke Schoonmaker,DAL,TE,TE3,receiving/receptions,0.4604,0.0,0.0,0.0,0.0,0.0,2.0,1.1286,0.2481,PRE_INACTIVES,CLEAN,PARTIAL_PLAYER_COVERAGE,,8000,2026-09-13T23:12:33Z,3dddf9f62c9260b0
Luke Schoonmaker,DAL,TE,TE3,receiving/targets,0.7056,0.0,0.0,0.0,0.0,0.0,3.0,1.6261,0.2481,PRE_INACTIVES,CLEAN,PARTIAL_PLAYER_COVERAGE,,8000,2026-09-13T23:12:33Z,3dddf9f62c9260b0
Thomas Fidone II,NYG,TE,TE4,receiving/receptions,0.3285,0.0,0.0,0.0,0.0,0.0,1.0,0.812,0.2376,PRE_INACTIVES,CLEAN,PARTIAL_PLAYER_COVERAGE,,8000,2026-09-13T23:12:33Z,3dddf9f62c9260b0
Thomas Fidone II,NYG,TE,TE4,receiving/targets,0.4637,0.0,0.0,0.0,0.0,0.0,2.0,1.0522,0.2376,PRE_INACTIVES,CLEAN,PARTIAL_PLAYER_COVERAGE,,8000,2026-09-13T23:12:33Z,3dddf9f62c9260b0
Chris Manhertz,NYG,TE,,receiving/receptions,0.0074,0.0,0.0,0.0,0.0,0.0,0.0,0.1846,0.004,PRE_INACTIVES,CLEAN,PARTIAL_PLAYER_COVERAGE,,8000,2026-09-13T23:12:33Z,3dddf9f62c9260b0
Chris Manhertz,NYG,TE,,receiving/targets,0.0094,0.0,0.0,0.0,0.0,0.0,0.0,0.2259,0.004,PRE_INACTIVES,CLEAN,PARTIAL_PLAYER_COVERAGE,,8000,2026-09-13T23:12:33Z,3dddf9f62c9260b0
