rank,player,team,metric,mean,p10_p90,model_health,confidence_score,p_opportunity_ge_1,upstream_blockers
1,Malik Nabers,NYG,receiving/targets,5.3751,1.0-10.0,CLEAN,0.8575,0.9339,
2,Malik Nabers,NYG,receiving/receptions,3.3595,0.0-7.0,CLEAN,0.8421,0.9339,
3,Theo Johnson,NYG,receiving/targets,3.4789,1.0-7.0,CLEAN,0.8381,0.9054,
4,CeeDee Lamb,DAL,receiving/targets,6.8066,0.0-13.0,CLEAN,0.8352,0.8714,
5,CeeDee Lamb,DAL,receiving/receptions,4.6486,0.0-9.0,CLEAN,0.8343,0.8714,
6,Cam Skattebo,NYG,receiving/targets,2.3151,0.0-5.0,CLEAN,0.8197,0.8154,
7,Tyrone Tracy Jr.,NYG,receiving/targets,2.423,0.0-5.0,CLEAN,0.8188,0.7859,
8,Theo Johnson,NYG,receiving/receptions,2.2095,0.0-5.0,CLEAN,0.8179,0.9054,
9,Cam Skattebo,NYG,receiving/receptions,1.7599,0.0-4.0,CLEAN,0.8155,0.8154,
10,Tyrone Tracy Jr.,NYG,receiving/receptions,1.7837,0.0-4.0,CLEAN,0.8121,0.7859,
11,Darnell Mooney,NYG,receiving/targets,2.9941,0.0-6.0,CLEAN,0.8082,0.8326,
12,Jake Ferguson,DAL,receiving/receptions,2.9266,0.0-6.0,CLEAN,0.7999,0.8224,
13,Ryan Flournoy,DAL,receiving/receptions,3.3034,0.0-7.0,CLEAN,0.7978,0.8171,
14,Ryan Flournoy,DAL,receiving/targets,4.6835,0.0-10.0,CLEAN,0.7972,0.8171,
15,Darnell Mooney,NYG,receiving/receptions,1.7239,0.0-4.0,CLEAN,0.7963,0.8326,
16,Jake Ferguson,DAL,receiving/targets,3.9926,0.0-9.0,CLEAN,0.7922,0.8224,
17,George Pickens,DAL,receiving/targets,5.7524,0.0-12.0,CLEAN,0.7858,0.7619,
18,George Pickens,DAL,receiving/receptions,3.5881,0.0-8.0,CLEAN,0.7804,0.7619,
19,Isaiah Likely,NYG,receiving/receptions,1.3779,0.0-3.0,CLEAN,0.7599,0.7294,
20,Najee Harris,NYG,receiving/targets,1.2732,0.0-3.0,CLEAN,0.7505,0.5847,
21,Isaiah Likely,NYG,receiving/targets,1.9955,0.0-5.0,CLEAN,0.7476,0.7294,
22,Israel Abanikanda,DAL,receiving/receptions,1.2263,0.0-3.0,CLEAN,0.7319,0.5972,
23,Camden Brown,DAL,receiving/receptions,1.5955,0.0-4.0,CLEAN,0.731,0.6573,
24,Najee Harris,NYG,receiving/receptions,0.987,0.0-3.0,CLEAN,0.7249,0.5847,
25,Camden Brown,DAL,receiving/targets,2.5266,0.0-7.0,CLEAN,0.7211,0.6573,
26,Israel Abanikanda,DAL,receiving/targets,1.7674,0.0-5.0,CLEAN,0.7176,0.5972,
27,Javonte Williams,DAL,receiving/targets,1.7326,0.0-5.0,CLEAN,0.7056,0.5132,
28,Malachi Fields,NYG,receiving/receptions,0.8367,0.0-2.0,CLEAN,0.7035,0.5426,
29,Javonte Williams,DAL,receiving/receptions,1.314,0.0-4.0,CLEAN,0.6997,0.5132,
30,Odell Beckham Jr.,NYG,receiving/receptions,0.7401,0.0-2.0,CLEAN,0.6963,0.56,
31,Odell Beckham Jr.,NYG,receiving/targets,1.3689,0.0-4.0,CLEAN,0.688,0.56,
32,Parris Campbell,DAL,receiving/receptions,0.2818,0.0-0.0,CLEAN,0.6824,0.1091,
33,Malachi Fields,NYG,receiving/targets,1.3313,0.0-4.0,CLEAN,0.6805,0.5426,
34,Braxton Berrios,NYG,receiving/receptions,0.761,0.0-2.0,CLEAN,0.6797,0.4849,
35,Braxton Berrios,NYG,receiving/targets,1.1347,0.0-3.0,CLEAN,0.6791,0.4849,
36,Darius Slayton,NYG,receiving/receptions,0.1182,0.0-0.0,CLEAN,0.6701,0.0621,
37,Darius Slayton,NYG,receiving/targets,0.2111,0.0-0.0,CLEAN,0.6701,0.0621,
38,Brevyn Spann-Ford,DAL,receiving/targets,1.3779,0.0-4.0,CLEAN,0.6666,0.4662,
39,Devin Singletary,NYG,receiving/receptions,0.6914,0.0-2.0,CLEAN,0.6612,0.4118,
40,Emari Demercado,DAL,receiving/targets,1.296,0.0-4.0,CLEAN,0.6592,0.4239,
41,Emari Demercado,DAL,receiving/receptions,0.9414,0.0-3.0,CLEAN,0.6554,0.4239,
42,Chris Manhertz,NYG,receiving/receptions,0.0074,0.0-0.0,CLEAN,0.655,0.004,
43,Chris Manhertz,NYG,receiving/targets,0.0094,0.0-0.0,CLEAN,0.655,0.004,
44,Brevyn Spann-Ford,DAL,receiving/receptions,0.9229,0.0-3.0,CLEAN,0.6536,0.4662,
45,Devin Singletary,NYG,receiving/targets,0.8729,0.0-3.0,CLEAN,0.6408,0.4118,
46,KaVontae Turpin,DAL,receiving/receptions,0.9203,0.0-3.0,CLEAN,0.6383,0.3967,
47,Patrick Ricard,NYG,receiving/receptions,0.3801,0.0-1.0,CLEAN,0.6369,0.2819,
48,Hunter Luepke,DAL,receiving/receptions,0.8709,0.0-3.0,CLEAN,0.6352,0.383,
49,KaVontae Turpin,DAL,receiving/targets,1.4606,0.0-5.0,CLEAN,0.6321,0.3967,
50,Hunter Luepke,DAL,receiving/targets,1.0938,0.0-4.0,CLEAN,0.6273,0.383,
51,Jonathan Mingo,DAL,receiving/targets,1.2012,0.0-4.0,CLEAN,0.6217,0.3575,
52,Jonathan Mingo,DAL,receiving/receptions,0.582,0.0-2.0,CLEAN,0.6177,0.3575,
53,Thomas Fidone II,NYG,receiving/receptions,0.3285,0.0-1.0,CLEAN,0.6005,0.2376,
54,Patrick Ricard,NYG,receiving/targets,0.5327,0.0-2.0,CLEAN,0.5947,0.2819,
55,Parris Campbell,DAL,receiving/targets,0.4146,0.0-1.0,CLEAN,0.5919,0.1091,
56,Dalen Cambre,NYG,receiving/targets,0.337,0.0-1.0,CLEAN,0.5819,0.1532,
57,Luke Schoonmaker,DAL,receiving/receptions,0.4604,0.0-2.0,CLEAN,0.5679,0.2481,
58,Luke Schoonmaker,DAL,receiving/targets,0.7056,0.0-3.0,CLEAN,0.5679,0.2481,
59,Thomas Fidone II,NYG,receiving/targets,0.4637,0.0-2.0,CLEAN,0.5646,0.2376,
60,Dalen Cambre,NYG,receiving/receptions,0.2112,0.0-1.0,CLEAN,0.5432,0.1532,
61,Cam Skattebo,NYG,rushing/carries,5.4841,1.8824-9.5932,MODEL_HEALTH_WARNING,0.6127,0.9409,CARRY_ALLOCATION_HEALTH_WARNING
62,Najee Harris,NYG,rushing/carries,4.791,1.4661-8.6246,MODEL_HEALTH_WARNING,0.6023,0.9291,CARRY_ALLOCATION_HEALTH_WARNING
63,Tyrone Tracy Jr.,NYG,rushing/carries,6.1198,0.0-10.8149,MODEL_HEALTH_WARNING,0.5885,0.8869,CARRY_ALLOCATION_HEALTH_WARNING
64,Javonte Williams,DAL,rushing/carries,7.4201,0.0-15.9036,MODEL_HEALTH_WARNING,0.5042,0.663,CARRY_ALLOCATION_HEALTH_WARNING
65,Israel Abanikanda,DAL,rushing/carries,4.7913,0.0-12.2255,MODEL_HEALTH_WARNING,0.5,0.7521,CARRY_ALLOCATION_HEALTH_WARNING
66,Devin Singletary,NYG,rushing/carries,2.9928,0.0-6.6334,MODEL_HEALTH_WARNING,0.4881,0.6847,CARRY_ALLOCATION_HEALTH_WARNING
67,Emari Demercado,DAL,rushing/carries,3.5165,0.0-9.7705,MODEL_HEALTH_WARNING,0.4337,0.5424,CARRY_ALLOCATION_HEALTH_WARNING
68,Hunter Luepke,DAL,rushing/carries,1.812,0.0-5.6164,MODEL_HEALTH_WARNING,0.3785,0.3711,CARRY_ALLOCATION_HEALTH_WARNING
69,Patrick Ricard,NYG,rushing/carries,0.7268,0.0-2.5238,MODEL_HEALTH_WARNING,0.3263,0.2323,CARRY_ALLOCATION_HEALTH_WARNING
70,Jaxson Dart,NYG,qb/db,29.2411,15.0-43.0,CONTAMINATED_QB3,0.4975,0.9304,QB3_WEEK1_SEASON_BOUNDARY;QB3_PARTICIPATION_MIXING
71,Jaxson Dart,NYG,qb/att,24.4775,12.0-37.0,CONTAMINATED_QB3,0.4951,0.9304,QB3_WEEK1_SEASON_BOUNDARY;QB3_PARTICIPATION_MIXING
72,Jaxson Dart,NYG,qb/cmp,15.3499,7.0-24.0,CONTAMINATED_QB3,0.4919,0.9304,QB3_WEEK1_SEASON_BOUNDARY;QB3_PARTICIPATION_MIXING
73,Jaxson Dart,NYG,qb/pyds,159.959,56.1059-265.0,CONTAMINATED_QB3,0.4845,0.9304,QB3_WEEK1_SEASON_BOUNDARY;QB3_PARTICIPATION_MIXING
74,Jaxson Dart,NYG,qb/rush_opp,4.9224,1.0-9.0,CONTAMINATED_QB3,0.4725,0.9304,QB3_WEEK1_SEASON_BOUNDARY;QB3_PARTICIPATION_MIXING
75,Jaxson Dart,NYG,qb/scr,2.4311,0.0-5.0,CONTAMINATED_QB3,0.4563,0.9304,QB3_WEEK1_SEASON_BOUNDARY;QB3_PARTICIPATION_MIXING
76,Jaxson Dart,NYG,qb/sacks,2.3325,0.0-5.0,CONTAMINATED_QB3,0.4531,0.9304,QB3_WEEK1_SEASON_BOUNDARY;QB3_PARTICIPATION_MIXING
77,Jaxson Dart,NYG,qb/int,0.4231,0.0-1.0,CONTAMINATED_QB3,0.4448,0.9304,QB3_WEEK1_SEASON_BOUNDARY;QB3_PARTICIPATION_MIXING
78,Sam Howell,DAL,qb/int,0.0679,0.0-0.0,CONTAMINATED_QB3,0.3817,0.4869,QB3_WEEK1_SEASON_BOUNDARY;QB3_PARTICIPATION_MIXING
79,Sam Howell,DAL,qb/scr,0.103,0.0-0.0,CONTAMINATED_QB3,0.3817,0.4869,QB3_WEEK1_SEASON_BOUNDARY;QB3_PARTICIPATION_MIXING
80,Joe Milton III,DAL,qb/db,21.6747,0.0-44.0,CONTAMINATED_QB3,0.3548,0.6305,QB3_WEEK1_SEASON_BOUNDARY;QB3_PARTICIPATION_MIXING
81,Joe Milton III,DAL,qb/att,19.576,0.0-41.0,CONTAMINATED_QB3,0.3524,0.6305,QB3_WEEK1_SEASON_BOUNDARY;QB3_PARTICIPATION_MIXING
82,Joe Milton III,DAL,qb/cmp,12.5482,0.0-27.0,CONTAMINATED_QB3,0.3502,0.6305,QB3_WEEK1_SEASON_BOUNDARY;QB3_PARTICIPATION_MIXING
83,Joe Milton III,DAL,qb/pyds,141.6983,0.0-317.0,CONTAMINATED_QB3,0.347,0.6305,QB3_WEEK1_SEASON_BOUNDARY;QB3_PARTICIPATION_MIXING
84,Joe Milton III,DAL,qb/rush_opp,3.3609,0.0-8.0,CONTAMINATED_QB3,0.3417,0.6305,QB3_WEEK1_SEASON_BOUNDARY;QB3_PARTICIPATION_MIXING
85,Joe Milton III,DAL,qb/scr,1.5004,0.0-4.0,CONTAMINATED_QB3,0.331,0.6305,QB3_WEEK1_SEASON_BOUNDARY;QB3_PARTICIPATION_MIXING
86,Jameis Winston,NYG,qb/int,0.0775,0.0-0.0,CONTAMINATED_QB3,0.3223,0.2481,QB3_WEEK1_SEASON_BOUNDARY;QB3_PARTICIPATION_MIXING
87,Jameis Winston,NYG,qb/scr,0.0989,0.0-0.0,CONTAMINATED_QB3,0.3223,0.2481,QB3_WEEK1_SEASON_BOUNDARY;QB3_PARTICIPATION_MIXING
88,Jake Haener,NYG,qb/int,0.0251,0.0-0.0,CONTAMINATED_QB3,0.3181,0.2355,QB3_WEEK1_SEASON_BOUNDARY;QB3_PARTICIPATION_MIXING
89,Jake Haener,NYG,qb/rush_opp,0.0975,0.0-0.0,CONTAMINATED_QB3,0.3181,0.2355,QB3_WEEK1_SEASON_BOUNDARY;QB3_PARTICIPATION_MIXING
90,Jake Haener,NYG,qb/sacks,0.1,0.0-0.0,CONTAMINATED_QB3,0.3181,0.2355,QB3_WEEK1_SEASON_BOUNDARY;QB3_PARTICIPATION_MIXING
91,Jake Haener,NYG,qb/scr,0.0799,0.0-0.0,CONTAMINATED_QB3,0.3181,0.2355,QB3_WEEK1_SEASON_BOUNDARY;QB3_PARTICIPATION_MIXING
92,Joe Milton III,DAL,qb/int,0.6248,0.0-2.0,CONTAMINATED_QB3,0.3109,0.6305,QB3_WEEK1_SEASON_BOUNDARY;QB3_PARTICIPATION_MIXING
93,Dak Prescott,DAL,qb/cmp,9.8468,0.0-25.0,CONTAMINATED_QB3,0.3073,0.53,QB3_WEEK1_SEASON_BOUNDARY;QB3_PARTICIPATION_MIXING
94,Dak Prescott,DAL,qb/att,15.3205,0.0-39.0,CONTAMINATED_QB3,0.307,0.53,QB3_WEEK1_SEASON_BOUNDARY;QB3_PARTICIPATION_MIXING
95,Dak Prescott,DAL,qb/db,16.7986,0.0-43.0,CONTAMINATED_QB3,0.3065,0.53,QB3_WEEK1_SEASON_BOUNDARY;QB3_PARTICIPATION_MIXING
96,Joe Milton III,DAL,qb/sacks,0.5984,0.0-2.0,CONTAMINATED_QB3,0.3056,0.6305,QB3_WEEK1_SEASON_BOUNDARY;QB3_PARTICIPATION_MIXING
97,Dak Prescott,DAL,qb/pyds,111.2688,0.0-299.0,CONTAMINATED_QB3,0.3017,0.53,QB3_WEEK1_SEASON_BOUNDARY;QB3_PARTICIPATION_MIXING
98,Sam Howell,DAL,qb/att,1.8711,0.0-4.1,CONTAMINATED_QB3,0.2996,0.4869,QB3_WEEK1_SEASON_BOUNDARY;QB3_PARTICIPATION_MIXING
99,Dak Prescott,DAL,qb/rush_opp,1.065,0.0-3.0,CONTAMINATED_QB3,0.2968,0.53,QB3_WEEK1_SEASON_BOUNDARY;QB3_PARTICIPATION_MIXING
100,Sam Howell,DAL,qb/db,2.1804,0.0-5.0,CONTAMINATED_QB3,0.2958,0.4869,QB3_WEEK1_SEASON_BOUNDARY;QB3_PARTICIPATION_MIXING
101,Dak Prescott,DAL,qb/int,0.3219,0.0-1.0,CONTAMINATED_QB3,0.286,0.53,QB3_WEEK1_SEASON_BOUNDARY;QB3_PARTICIPATION_MIXING
102,Sam Howell,DAL,qb/pyds,13.6063,0.0-35.1145,CONTAMINATED_QB3,0.285,0.4869,QB3_WEEK1_SEASON_BOUNDARY;QB3_PARTICIPATION_MIXING
103,Dak Prescott,DAL,qb/scr,0.614,0.0-2.0,CONTAMINATED_QB3,0.2803,0.53,QB3_WEEK1_SEASON_BOUNDARY;QB3_PARTICIPATION_MIXING
104,Dak Prescott,DAL,qb/sacks,0.8641,0.0-3.0,CONTAMINATED_QB3,0.2723,0.53,QB3_WEEK1_SEASON_BOUNDARY;QB3_PARTICIPATION_MIXING
105,Sam Howell,DAL,qb/cmp,1.187,0.0-4.0,CONTAMINATED_QB3,0.2554,0.4869,QB3_WEEK1_SEASON_BOUNDARY;QB3_PARTICIPATION_MIXING
106,Sam Howell,DAL,qb/rush_opp,0.1532,0.0-1.0,CONTAMINATED_QB3,0.2317,0.4869,QB3_WEEK1_SEASON_BOUNDARY;QB3_PARTICIPATION_MIXING
107,Sam Howell,DAL,qb/sacks,0.2062,0.0-1.0,CONTAMINATED_QB3,0.2317,0.4869,QB3_WEEK1_SEASON_BOUNDARY;QB3_PARTICIPATION_MIXING
108,Jake Haener,NYG,qb/db,1.0209,0.0-3.0,CONTAMINATED_QB3,0.2079,0.2355,QB3_WEEK1_SEASON_BOUNDARY;QB3_PARTICIPATION_MIXING
109,Jake Haener,NYG,qb/pyds,5.5003,0.0-17.125,CONTAMINATED_QB3,0.2014,0.2355,QB3_WEEK1_SEASON_BOUNDARY;QB3_PARTICIPATION_MIXING
110,Jameis Winston,NYG,qb/pyds,14.8669,0.0-49.9053,CONTAMINATED_QB3,0.1964,0.2481,QB3_WEEK1_SEASON_BOUNDARY;QB3_PARTICIPATION_MIXING
111,Jameis Winston,NYG,qb/att,2.2615,0.0-8.0,CONTAMINATED_QB3,0.1896,0.2481,QB3_WEEK1_SEASON_BOUNDARY;QB3_PARTICIPATION_MIXING
112,Jameis Winston,NYG,qb/db,2.5401,0.0-9.0,CONTAMINATED_QB3,0.1894,0.2481,QB3_WEEK1_SEASON_BOUNDARY;QB3_PARTICIPATION_MIXING
113,Jameis Winston,NYG,qb/cmp,1.3987,0.0-5.0,CONTAMINATED_QB3,0.1883,0.2481,QB3_WEEK1_SEASON_BOUNDARY;QB3_PARTICIPATION_MIXING
114,Jake Haener,NYG,qb/att,0.841,0.0-3.0,CONTAMINATED_QB3,0.1843,0.2355,QB3_WEEK1_SEASON_BOUNDARY;QB3_PARTICIPATION_MIXING
115,Jake Haener,NYG,qb/cmp,0.5275,0.0-2.0,CONTAMINATED_QB3,0.1759,0.2355,QB3_WEEK1_SEASON_BOUNDARY;QB3_PARTICIPATION_MIXING
116,Jameis Winston,NYG,qb/rush_opp,0.1822,0.0-1.0,CONTAMINATED_QB3,0.1723,0.2481,QB3_WEEK1_SEASON_BOUNDARY;QB3_PARTICIPATION_MIXING
117,Jameis Winston,NYG,qb/sacks,0.1797,0.0-1.0,CONTAMINATED_QB3,0.1723,0.2481,QB3_WEEK1_SEASON_BOUNDARY;QB3_PARTICIPATION_MIXING
