game,club,nflcom_displayed_name,nflcom_position,nflcom_note,team_source_displayed_name,team_source_position_label,declaration,match_status,flags,nflcom_url,nflcom_datePublished_utc,nflcom_dateModified_utc,nflcom_retrieved_utc,nflcom_sha256,team_source_url,team_source_type,team_source_datePublished_utc,team_source_dateModified_utc,team_source_retrieved_utc,team_source_sha256,opponent_site_crosslisting_url,opponent_site_crosslisting_text
CAR@ATL,CAR,Albert Reese,OT,,Albert Reese,OT,INACTIVE (official game-day declaration),CONFIRMED_BOTH,,https://www.nfl.com/news/nfl-week-2-inactives-players-ruled-out-sunday-14-games-2026,2026-09-20T15:40:23.31Z,2026-09-20T15:54:29.746Z,2026-09-20T16:10:52.440815Z,57822f63314c176d897d4ec087eb384764c56a2afe3532abfb3a31934a39507d,https://www.panthers.com/news/week-2-inactives-at-atlanta-pat-jones-out-for-falcons-game-bobby-brown-panthers-falcons,TEAM_OFFICIAL_SITE,2026-09-20T15:33:02.066Z,2026-09-20T15:33:02.066Z,2026-09-20T16:14:07.559867Z,98e2120fc11bdf059f8298b56ea9363d564800cab45eea10a66b128e8c4a9894,https://www.atlantafalcons.com/news/atlanta-falcons-week-2-inactives-vs-carolina-panthers,
CAR@ATL,CAR,Bobby Brown,DT,,Bobby Brown,DT,INACTIVE (official game-day declaration),CONFIRMED_BOTH,TEAM_BODY_TEXT_LONG_FORM(Bobby Brown III);NFL_INJURY_REPORT_LONG_FORM(Bobby Brown III),https://www.nfl.com/news/nfl-week-2-inactives-players-ruled-out-sunday-14-games-2026,2026-09-20T15:40:23.31Z,2026-09-20T15:54:29.746Z,2026-09-20T16:10:52.440815Z,57822f63314c176d897d4ec087eb384764c56a2afe3532abfb3a31934a39507d,https://www.panthers.com/news/week-2-inactives-at-atlanta-pat-jones-out-for-falcons-game-bobby-brown-panthers-falcons,TEAM_OFFICIAL_SITE,2026-09-20T15:33:02.066Z,2026-09-20T15:33:02.066Z,2026-09-20T16:14:07.559867Z,98e2120fc11bdf059f8298b56ea9363d564800cab45eea10a66b128e8c4a9894,https://www.atlantafalcons.com/news/atlanta-falcons-week-2-inactives-vs-carolina-panthers,
CAR@ATL,CAR,Chau Smith-Wade,CB,,Chau Smith-Wade,CB,INACTIVE (official game-day declaration),CONFIRMED_BOTH,,https://www.nfl.com/news/nfl-week-2-inactives-players-ruled-out-sunday-14-games-2026,2026-09-20T15:40:23.31Z,2026-09-20T15:54:29.746Z,2026-09-20T16:10:52.440815Z,57822f63314c176d897d4ec087eb384764c56a2afe3532abfb3a31934a39507d,https://www.panthers.com/news/week-2-inactives-at-atlanta-pat-jones-out-for-falcons-game-bobby-brown-panthers-falcons,TEAM_OFFICIAL_SITE,2026-09-20T15:33:02.066Z,2026-09-20T15:33:02.066Z,2026-09-20T16:14:07.559867Z,98e2120fc11bdf059f8298b56ea9363d564800cab45eea10a66b128e8c4a9894,https://www.atlantafalcons.com/news/atlanta-falcons-week-2-inactives-vs-carolina-panthers,
CAR@ATL,CAR,Haynes King,QB,emergency third QB,Haynes King (emergency third),QB,INACTIVE (official game-day declaration),CONFIRMED_BOTH,,https://www.nfl.com/news/nfl-week-2-inactives-players-ruled-out-sunday-14-games-2026,2026-09-20T15:40:23.31Z,2026-09-20T15:54:29.746Z,2026-09-20T16:10:52.440815Z,57822f63314c176d897d4ec087eb384764c56a2afe3532abfb3a31934a39507d,https://www.panthers.com/news/week-2-inactives-at-atlanta-pat-jones-out-for-falcons-game-bobby-brown-panthers-falcons,TEAM_OFFICIAL_SITE,2026-09-20T15:33:02.066Z,2026-09-20T15:33:02.066Z,2026-09-20T16:14:07.559867Z,98e2120fc11bdf059f8298b56ea9363d564800cab45eea10a66b128e8c4a9894,https://www.atlantafalcons.com/news/atlanta-falcons-week-2-inactives-vs-carolina-panthers,
CAR@ATL,CAR,Ja'Tavion Sanders,TE,,Ja'Tavion Sanders,TE,INACTIVE (official game-day declaration),CONFIRMED_BOTH,,https://www.nfl.com/news/nfl-week-2-inactives-players-ruled-out-sunday-14-games-2026,2026-09-20T15:40:23.31Z,2026-09-20T15:54:29.746Z,2026-09-20T16:10:52.440815Z,57822f63314c176d897d4ec087eb384764c56a2afe3532abfb3a31934a39507d,https://www.panthers.com/news/week-2-inactives-at-atlanta-pat-jones-out-for-falcons-game-bobby-brown-panthers-falcons,TEAM_OFFICIAL_SITE,2026-09-20T15:33:02.066Z,2026-09-20T15:33:02.066Z,2026-09-20T16:14:07.559867Z,98e2120fc11bdf059f8298b56ea9363d564800cab45eea10a66b128e8c4a9894,https://www.atlantafalcons.com/news/atlanta-falcons-week-2-inactives-vs-carolina-panthers,
CAR@ATL,CAR,Pat Jones,OLB,,Pat Jones,OLB,INACTIVE (official game-day declaration),CONFIRMED_BOTH,TEAM_BODY_TEXT_LONG_FORM(Patrick Jones II);NFL_INJURY_REPORT_LONG_FORM(Patrick Jones II),https://www.nfl.com/news/nfl-week-2-inactives-players-ruled-out-sunday-14-games-2026,2026-09-20T15:40:23.31Z,2026-09-20T15:54:29.746Z,2026-09-20T16:10:52.440815Z,57822f63314c176d897d4ec087eb384764c56a2afe3532abfb3a31934a39507d,https://www.panthers.com/news/week-2-inactives-at-atlanta-pat-jones-out-for-falcons-game-bobby-brown-panthers-falcons,TEAM_OFFICIAL_SITE,2026-09-20T15:33:02.066Z,2026-09-20T15:33:02.066Z,2026-09-20T16:14:07.559867Z,98e2120fc11bdf059f8298b56ea9363d564800cab45eea10a66b128e8c4a9894,https://www.atlantafalcons.com/news/atlanta-falcons-week-2-inactives-vs-carolina-panthers,
CAR@ATL,CAR,Tyrel Dodson,LB,,Tyrel Dodson,LB,INACTIVE (official game-day declaration),CONFIRMED_BOTH,,https://www.nfl.com/news/nfl-week-2-inactives-players-ruled-out-sunday-14-games-2026,2026-09-20T15:40:23.31Z,2026-09-20T15:54:29.746Z,2026-09-20T16:10:52.440815Z,57822f63314c176d897d4ec087eb384764c56a2afe3532abfb3a31934a39507d,https://www.panthers.com/news/week-2-inactives-at-atlanta-pat-jones-out-for-falcons-game-bobby-brown-panthers-falcons,TEAM_OFFICIAL_SITE,2026-09-20T15:33:02.066Z,2026-09-20T15:33:02.066Z,2026-09-20T16:14:07.559867Z,98e2120fc11bdf059f8298b56ea9363d564800cab45eea10a66b128e8c4a9894,https://www.atlantafalcons.com/news/atlanta-falcons-week-2-inactives-vs-carolina-panthers,
CAR@ATL,ATL,Billy Bowman Jr.,DB,,Billy Bowman Jr.,DB,INACTIVE (official game-day declaration),CONFIRMED_BOTH,OPPONENT_SITE_NAME_VARIANT,https://www.nfl.com/news/nfl-week-2-inactives-players-ruled-out-sunday-14-games-2026,2026-09-20T15:40:23.31Z,2026-09-20T15:54:29.746Z,2026-09-20T16:10:52.440815Z,57822f63314c176d897d4ec087eb384764c56a2afe3532abfb3a31934a39507d,https://www.atlantafalcons.com/news/atlanta-falcons-week-2-inactives-vs-carolina-panthers,TEAM_OFFICIAL_SITE,2026-09-20T15:28:34.761Z,2026-09-20T15:28:34.761Z,2026-09-20T16:14:07.562401Z,07f4aec9abcf544d1964daf534c6f22575ac6230f53a15623748a16156f611f0,https://www.panthers.com/news/week-2-inactives-at-atlanta-pat-jones-out-for-falcons-game-bobby-brown-panthers-falcons,CB Billy Bowman
CAR@ATL,ATL,Ethan Onianwa,OL,,Ethan Onianwa,OL,INACTIVE (official game-day declaration),CONFIRMED_BOTH,,https://www.nfl.com/news/nfl-week-2-inactives-players-ruled-out-sunday-14-games-2026,2026-09-20T15:40:23.31Z,2026-09-20T15:54:29.746Z,2026-09-20T16:10:52.440815Z,57822f63314c176d897d4ec087eb384764c56a2afe3532abfb3a31934a39507d,https://www.atlantafalcons.com/news/atlanta-falcons-week-2-inactives-vs-carolina-panthers,TEAM_OFFICIAL_SITE,2026-09-20T15:28:34.761Z,2026-09-20T15:28:34.761Z,2026-09-20T16:14:07.562401Z,07f4aec9abcf544d1964daf534c6f22575ac6230f53a15623748a16156f611f0,https://www.panthers.com/news/week-2-inactives-at-atlanta-pat-jones-out-for-falcons-game-bobby-brown-panthers-falcons,OT Ethan Onianwa
CAR@ATL,ATL,Malcolm DeWalt IV,DB,,Malcolm DeWalt IV,DB,INACTIVE (official game-day declaration),CONFIRMED_BOTH,OPPONENT_SITE_NAME_VARIANT,https://www.nfl.com/news/nfl-week-2-inactives-players-ruled-out-sunday-14-games-2026,2026-09-20T15:40:23.31Z,2026-09-20T15:54:29.746Z,2026-09-20T16:10:52.440815Z,57822f63314c176d897d4ec087eb384764c56a2afe3532abfb3a31934a39507d,https://www.atlantafalcons.com/news/atlanta-falcons-week-2-inactives-vs-carolina-panthers,TEAM_OFFICIAL_SITE,2026-09-20T15:28:34.761Z,2026-09-20T15:28:34.761Z,2026-09-20T16:14:07.562401Z,07f4aec9abcf544d1964daf534c6f22575ac6230f53a15623748a16156f611f0,https://www.panthers.com/news/week-2-inactives-at-atlanta-pat-jones-out-for-falcons-game-bobby-brown-panthers-falcons,CB Malcom Dewalt IV
CAR@ATL,ATL,Michael Penix Jr.,QB,,Michael Penix Jr.,QB,INACTIVE (official game-day declaration),CONFIRMED_BOTH,,https://www.nfl.com/news/nfl-week-2-inactives-players-ruled-out-sunday-14-games-2026,2026-09-20T15:40:23.31Z,2026-09-20T15:54:29.746Z,2026-09-20T16:10:52.440815Z,57822f63314c176d897d4ec087eb384764c56a2afe3532abfb3a31934a39507d,https://www.atlantafalcons.com/news/atlanta-falcons-week-2-inactives-vs-carolina-panthers,TEAM_OFFICIAL_SITE,2026-09-20T15:28:34.761Z,2026-09-20T15:28:34.761Z,2026-09-20T16:14:07.562401Z,07f4aec9abcf544d1964daf534c6f22575ac6230f53a15623748a16156f611f0,https://www.panthers.com/news/week-2-inactives-at-atlanta-pat-jones-out-for-falcons-game-bobby-brown-panthers-falcons,QB Michael Penix Jr.
CAR@ATL,ATL,Tua Tagovailoa,QB,,Tua Tagovailoa,QB,INACTIVE (official game-day declaration),CONFIRMED_BOTH,,https://www.nfl.com/news/nfl-week-2-inactives-players-ruled-out-sunday-14-games-2026,2026-09-20T15:40:23.31Z,2026-09-20T15:54:29.746Z,2026-09-20T16:10:52.440815Z,57822f63314c176d897d4ec087eb384764c56a2afe3532abfb3a31934a39507d,https://www.atlantafalcons.com/news/atlanta-falcons-week-2-inactives-vs-carolina-panthers,TEAM_OFFICIAL_SITE,2026-09-20T15:28:34.761Z,2026-09-20T15:28:34.761Z,2026-09-20T16:14:07.562401Z,07f4aec9abcf544d1964daf534c6f22575ac6230f53a15623748a16156f611f0,https://www.panthers.com/news/week-2-inactives-at-atlanta-pat-jones-out-for-falcons-game-bobby-brown-panthers-falcons,QB Tua Tagovailoa
NO@BAL,NO,Christen Miller,DL,,Christen Miller,Defensive lineman (No. 52),INACTIVE (official game-day declaration),CONFIRMED_BOTH,,https://www.nfl.com/news/nfl-week-2-inactives-players-ruled-out-sunday-14-games-2026,2026-09-20T15:40:23.31Z,2026-09-20T15:54:29.746Z,2026-09-20T16:10:52.440815Z,57822f63314c176d897d4ec087eb384764c56a2afe3532abfb3a31934a39507d,https://www.neworleanssaints.com/news/new-orleans-saints-inactives-baltimore-ravens-2026-nfl-week-2-gameday,TEAM_OFFICIAL_SITE,2026-09-20T15:32:07.208Z,2026-09-20T15:36:35.003Z,2026-09-20T16:14:07.568350Z,6f6a8af9c77658aabc76323ff0f3a5a420bacc98c7fc5d86d86900f96d44b2af,https://www.baltimoreravens.com/news/ravens-inactives-saints-ronnie-stanley-carson-vinson,DL Christen Miller
NO@BAL,NO,Decamerion Richardson,CB,,Decamerion Richardson,Cornerback (No. 25),INACTIVE (official game-day declaration),CONFIRMED_BOTH,,https://www.nfl.com/news/nfl-week-2-inactives-players-ruled-out-sunday-14-games-2026,2026-09-20T15:40:23.31Z,2026-09-20T15:54:29.746Z,2026-09-20T16:10:52.440815Z,57822f63314c176d897d4ec087eb384764c56a2afe3532abfb3a31934a39507d,https://www.neworleanssaints.com/news/new-orleans-saints-inactives-baltimore-ravens-2026-nfl-week-2-gameday,TEAM_OFFICIAL_SITE,2026-09-20T15:32:07.208Z,2026-09-20T15:36:35.003Z,2026-09-20T16:14:07.568350Z,6f6a8af9c77658aabc76323ff0f3a5a420bacc98c7fc5d86d86900f96d44b2af,https://www.baltimoreravens.com/news/ravens-inactives-saints-ronnie-stanley-carson-vinson,CB Decamerion Richardson
NO@BAL,NO,Isaiah Stalbird,LB,,Isaiah Stalbird,Linebacker (No. 44),INACTIVE (official game-day declaration),CONFIRMED_BOTH,,https://www.nfl.com/news/nfl-week-2-inactives-players-ruled-out-sunday-14-games-2026,2026-09-20T15:40:23.31Z,2026-09-20T15:54:29.746Z,2026-09-20T16:10:52.440815Z,57822f63314c176d897d4ec087eb384764c56a2afe3532abfb3a31934a39507d,https://www.neworleanssaints.com/news/new-orleans-saints-inactives-baltimore-ravens-2026-nfl-week-2-gameday,TEAM_OFFICIAL_SITE,2026-09-20T15:32:07.208Z,2026-09-20T15:36:35.003Z,2026-09-20T16:14:07.568350Z,6f6a8af9c77658aabc76323ff0f3a5a420bacc98c7fc5d86d86900f96d44b2af,https://www.baltimoreravens.com/news/ravens-inactives-saints-ronnie-stanley-carson-vinson,LB Isaiah Stalbird
NO@BAL,NO,John Ridgeway III,DL,,John Ridgeway III,Defensive lineman (No. 95),INACTIVE (official game-day declaration),CONFIRMED_BOTH,,https://www.nfl.com/news/nfl-week-2-inactives-players-ruled-out-sunday-14-games-2026,2026-09-20T15:40:23.31Z,2026-09-20T15:54:29.746Z,2026-09-20T16:10:52.440815Z,57822f63314c176d897d4ec087eb384764c56a2afe3532abfb3a31934a39507d,https://www.neworleanssaints.com/news/new-orleans-saints-inactives-baltimore-ravens-2026-nfl-week-2-gameday,TEAM_OFFICIAL_SITE,2026-09-20T15:32:07.208Z,2026-09-20T15:36:35.003Z,2026-09-20T16:14:07.568350Z,6f6a8af9c77658aabc76323ff0f3a5a420bacc98c7fc5d86d86900f96d44b2af,https://www.baltimoreravens.com/news/ravens-inactives-saints-ronnie-stanley-carson-vinson,DL John Ridgeway III
NO@BAL,NO,Kendre Miller,RB,,Kendre Miller,Running back (No. 5),INACTIVE (official game-day declaration),CONFIRMED_BOTH,,https://www.nfl.com/news/nfl-week-2-inactives-players-ruled-out-sunday-14-games-2026,2026-09-20T15:40:23.31Z,2026-09-20T15:54:29.746Z,2026-09-20T16:10:52.440815Z,57822f63314c176d897d4ec087eb384764c56a2afe3532abfb3a31934a39507d,https://www.neworleanssaints.com/news/new-orleans-saints-inactives-baltimore-ravens-2026-nfl-week-2-gameday,TEAM_OFFICIAL_SITE,2026-09-20T15:32:07.208Z,2026-09-20T15:36:35.003Z,2026-09-20T16:14:07.568350Z,6f6a8af9c77658aabc76323ff0f3a5a420bacc98c7fc5d86d86900f96d44b2af,https://www.baltimoreravens.com/news/ravens-inactives-saints-ronnie-stanley-carson-vinson,RB Kendre Miller
NO@BAL,NO,Mason Murphy,OL,,Mason Murphy,Tackle (No. 74),INACTIVE (official game-day declaration),CONFIRMED_BOTH,,https://www.nfl.com/news/nfl-week-2-inactives-players-ruled-out-sunday-14-games-2026,2026-09-20T15:40:23.31Z,2026-09-20T15:54:29.746Z,2026-09-20T16:10:52.440815Z,57822f63314c176d897d4ec087eb384764c56a2afe3532abfb3a31934a39507d,https://www.neworleanssaints.com/news/new-orleans-saints-inactives-baltimore-ravens-2026-nfl-week-2-gameday,TEAM_OFFICIAL_SITE,2026-09-20T15:32:07.208Z,2026-09-20T15:36:35.003Z,2026-09-20T16:14:07.568350Z,6f6a8af9c77658aabc76323ff0f3a5a420bacc98c7fc5d86d86900f96d44b2af,https://www.baltimoreravens.com/news/ravens-inactives-saints-ronnie-stanley-carson-vinson,OL Mason Murphy
NO@BAL,NO,Zach Wilson,QB,emergency third QB,Zach Wilson (designated third QB),Quarterback (No. 11),INACTIVE (official game-day declaration),CONFIRMED_BOTH,,https://www.nfl.com/news/nfl-week-2-inactives-players-ruled-out-sunday-14-games-2026,2026-09-20T15:40:23.31Z,2026-09-20T15:54:29.746Z,2026-09-20T16:10:52.440815Z,57822f63314c176d897d4ec087eb384764c56a2afe3532abfb3a31934a39507d,https://www.neworleanssaints.com/news/new-orleans-saints-inactives-baltimore-ravens-2026-nfl-week-2-gameday,TEAM_OFFICIAL_SITE,2026-09-20T15:32:07.208Z,2026-09-20T15:36:35.003Z,2026-09-20T16:14:07.568350Z,6f6a8af9c77658aabc76323ff0f3a5a420bacc98c7fc5d86d86900f96d44b2af,https://www.baltimoreravens.com/news/ravens-inactives-saints-ronnie-stanley-carson-vinson,QB Zach Wilson (designated third QB)
NO@BAL,BAL,Andrew Voorhees,G,,Andrew Vorhees,G,INACTIVE (official game-day declaration),CONFIRMED_BOTH,NAME_FORM_DIFFERS;DISPLAY_NAME_VARIANT,https://www.nfl.com/news/nfl-week-2-inactives-players-ruled-out-sunday-14-games-2026,2026-09-20T15:40:23.31Z,2026-09-20T15:54:29.746Z,2026-09-20T16:10:52.440815Z,57822f63314c176d897d4ec087eb384764c56a2afe3532abfb3a31934a39507d,https://www.baltimoreravens.com/news/ravens-inactives-saints-ronnie-stanley-carson-vinson,TEAM_OFFICIAL_SITE,2026-09-20T15:42:20.655Z,2026-09-20T15:42:20.655Z,2026-09-20T16:14:07.570693Z,da1f2d57093247f89f599e3f38d9e5ec47a3911a2f101a6f90d4e5e82058f3e8,https://www.neworleanssaints.com/news/new-orleans-saints-inactives-baltimore-ravens-2026-nfl-week-2-gameday,No. 72 Guard Andrew Vorhees
NO@BAL,BAL,Gerad Lichtenhan,OT,,Gerad Lichtenhan,T,INACTIVE (official game-day declaration),CONFIRMED_BOTH,,https://www.nfl.com/news/nfl-week-2-inactives-players-ruled-out-sunday-14-games-2026,2026-09-20T15:40:23.31Z,2026-09-20T15:54:29.746Z,2026-09-20T16:10:52.440815Z,57822f63314c176d897d4ec087eb384764c56a2afe3532abfb3a31934a39507d,https://www.baltimoreravens.com/news/ravens-inactives-saints-ronnie-stanley-carson-vinson,TEAM_OFFICIAL_SITE,2026-09-20T15:42:20.655Z,2026-09-20T15:42:20.655Z,2026-09-20T16:14:07.570693Z,da1f2d57093247f89f599e3f38d9e5ec47a3911a2f101a6f90d4e5e82058f3e8,https://www.neworleanssaints.com/news/new-orleans-saints-inactives-baltimore-ravens-2026-nfl-week-2-gameday,No. 78 Tackle Gerad Lichtenhan
NO@BAL,BAL,Joe Fagnano,QB,emergency third QB,Joe Fagnano (3rd QB),QB,INACTIVE (official game-day declaration),CONFIRMED_BOTH,,https://www.nfl.com/news/nfl-week-2-inactives-players-ruled-out-sunday-14-games-2026,2026-09-20T15:40:23.31Z,2026-09-20T15:54:29.746Z,2026-09-20T16:10:52.440815Z,57822f63314c176d897d4ec087eb384764c56a2afe3532abfb3a31934a39507d,https://www.baltimoreravens.com/news/ravens-inactives-saints-ronnie-stanley-carson-vinson,TEAM_OFFICIAL_SITE,2026-09-20T15:42:20.655Z,2026-09-20T15:42:20.655Z,2026-09-20T16:14:07.570693Z,da1f2d57093247f89f599e3f38d9e5ec47a3911a2f101a6f90d4e5e82058f3e8,https://www.neworleanssaints.com/news/new-orleans-saints-inactives-baltimore-ravens-2026-nfl-week-2-gameday,No. 12 Quarterback Joe Fagnano (designated third QB)
NO@BAL,BAL,Nnamdi Madubuike,DT,,Nnamdi Madubuike,DT,INACTIVE (official game-day declaration),CONFIRMED_BOTH,,https://www.nfl.com/news/nfl-week-2-inactives-players-ruled-out-sunday-14-games-2026,2026-09-20T15:40:23.31Z,2026-09-20T15:54:29.746Z,2026-09-20T16:10:52.440815Z,57822f63314c176d897d4ec087eb384764c56a2afe3532abfb3a31934a39507d,https://www.baltimoreravens.com/news/ravens-inactives-saints-ronnie-stanley-carson-vinson,TEAM_OFFICIAL_SITE,2026-09-20T15:42:20.655Z,2026-09-20T15:42:20.655Z,2026-09-20T16:14:07.570693Z,da1f2d57093247f89f599e3f38d9e5ec47a3911a2f101a6f90d4e5e82058f3e8,https://www.neworleanssaints.com/news/new-orleans-saints-inactives-baltimore-ravens-2026-nfl-week-2-gameday,No. 92 Defensive tackle Nnamdi Madubuike
NO@BAL,BAL,Teddye Buchanan,LB,,Teddye Buchanan,ILB,INACTIVE (official game-day declaration),CONFIRMED_BOTH,,https://www.nfl.com/news/nfl-week-2-inactives-players-ruled-out-sunday-14-games-2026,2026-09-20T15:40:23.31Z,2026-09-20T15:54:29.746Z,2026-09-20T16:10:52.440815Z,57822f63314c176d897d4ec087eb384764c56a2afe3532abfb3a31934a39507d,https://www.baltimoreravens.com/news/ravens-inactives-saints-ronnie-stanley-carson-vinson,TEAM_OFFICIAL_SITE,2026-09-20T15:42:20.655Z,2026-09-20T15:42:20.655Z,2026-09-20T16:14:07.570693Z,da1f2d57093247f89f599e3f38d9e5ec47a3911a2f101a6f90d4e5e82058f3e8,https://www.neworleanssaints.com/news/new-orleans-saints-inactives-baltimore-ravens-2026-nfl-week-2-gameday,No. 40 Linebacker Teddye Buchanan
NO@BAL,BAL,Zay Flowers,WR,,Zay Flowers,WR,INACTIVE (official game-day declaration),CONFIRMED_BOTH,,https://www.nfl.com/news/nfl-week-2-inactives-players-ruled-out-sunday-14-games-2026,2026-09-20T15:40:23.31Z,2026-09-20T15:54:29.746Z,2026-09-20T16:10:52.440815Z,57822f63314c176d897d4ec087eb384764c56a2afe3532abfb3a31934a39507d,https://www.baltimoreravens.com/news/ravens-inactives-saints-ronnie-stanley-carson-vinson,TEAM_OFFICIAL_SITE,2026-09-20T15:42:20.655Z,2026-09-20T15:42:20.655Z,2026-09-20T16:14:07.570693Z,da1f2d57093247f89f599e3f38d9e5ec47a3911a2f101a6f90d4e5e82058f3e8,https://www.neworleanssaints.com/news/new-orleans-saints-inactives-baltimore-ravens-2026-nfl-week-2-gameday,No. 4 Wide Receiver Zay Flowers
MIN@CHI,MIN,Caleb Tiernan,OT,,Caleb Tiernan,Tackle,INACTIVE (official game-day declaration),CONFIRMED_BOTH,,https://www.nfl.com/news/nfl-week-2-inactives-players-ruled-out-sunday-14-games-2026,2026-09-20T15:40:23.31Z,2026-09-20T15:54:29.746Z,2026-09-20T16:10:52.440815Z,57822f63314c176d897d4ec087eb384764c56a2afe3532abfb3a31934a39507d,https://www.vikings.com/news/inactives-bears-week-2-2026,TEAM_OFFICIAL_SITE,2026-09-20T15:30:00Z,2026-09-20T15:34:19.153Z,2026-09-20T16:14:07.574228Z,34fd39fa162a4ca187f5bf93e3f49b6b07effba90231534514f4e8fa78384597,,
MIN@CHI,MIN,Elijah Williams,DL,,Elijah Williams,Defensive lineman,INACTIVE (official game-day declaration),CONFIRMED_BOTH,,https://www.nfl.com/news/nfl-week-2-inactives-players-ruled-out-sunday-14-games-2026,2026-09-20T15:40:23.31Z,2026-09-20T15:54:29.746Z,2026-09-20T16:10:52.440815Z,57822f63314c176d897d4ec087eb384764c56a2afe3532abfb3a31934a39507d,https://www.vikings.com/news/inactives-bears-week-2-2026,TEAM_OFFICIAL_SITE,2026-09-20T15:30:00Z,2026-09-20T15:34:19.153Z,2026-09-20T16:14:07.574228Z,34fd39fa162a4ca187f5bf93e3f49b6b07effba90231534514f4e8fa78384597,,
MIN@CHI,MIN,Jakobe Thomas,S,,Jakobe Thomas,Safety,INACTIVE (official game-day declaration),CONFIRMED_BOTH,,https://www.nfl.com/news/nfl-week-2-inactives-players-ruled-out-sunday-14-games-2026,2026-09-20T15:40:23.31Z,2026-09-20T15:54:29.746Z,2026-09-20T16:10:52.440815Z,57822f63314c176d897d4ec087eb384764c56a2afe3532abfb3a31934a39507d,https://www.vikings.com/news/inactives-bears-week-2-2026,TEAM_OFFICIAL_SITE,2026-09-20T15:30:00Z,2026-09-20T15:34:19.153Z,2026-09-20T16:14:07.574228Z,34fd39fa162a4ca187f5bf93e3f49b6b07effba90231534514f4e8fa78384597,,
MIN@CHI,MIN,Jauan Jennings,WR,,Jauan Jennings,Receiver,INACTIVE (official game-day declaration),CONFIRMED_BOTH,,https://www.nfl.com/news/nfl-week-2-inactives-players-ruled-out-sunday-14-games-2026,2026-09-20T15:40:23.31Z,2026-09-20T15:54:29.746Z,2026-09-20T16:10:52.440815Z,57822f63314c176d897d4ec087eb384764c56a2afe3532abfb3a31934a39507d,https://www.vikings.com/news/inactives-bears-week-2-2026,TEAM_OFFICIAL_SITE,2026-09-20T15:30:00Z,2026-09-20T15:34:19.153Z,2026-09-20T16:14:07.574228Z,34fd39fa162a4ca187f5bf93e3f49b6b07effba90231534514f4e8fa78384597,,
MIN@CHI,MIN,Kyler Murray,QB,,Kyler Murray,Quarterback,INACTIVE (official game-day declaration),CONFIRMED_BOTH,,https://www.nfl.com/news/nfl-week-2-inactives-players-ruled-out-sunday-14-games-2026,2026-09-20T15:40:23.31Z,2026-09-20T15:54:29.746Z,2026-09-20T16:10:52.440815Z,57822f63314c176d897d4ec087eb384764c56a2afe3532abfb3a31934a39507d,https://www.vikings.com/news/inactives-bears-week-2-2026,TEAM_OFFICIAL_SITE,2026-09-20T15:30:00Z,2026-09-20T15:34:19.153Z,2026-09-20T16:14:07.574228Z,34fd39fa162a4ca187f5bf93e3f49b6b07effba90231534514f4e8fa78384597,,
MIN@CHI,MIN,Nick Samac,C,,Nick Samac,Center,INACTIVE (official game-day declaration),CONFIRMED_BOTH,,https://www.nfl.com/news/nfl-week-2-inactives-players-ruled-out-sunday-14-games-2026,2026-09-20T15:40:23.31Z,2026-09-20T15:54:29.746Z,2026-09-20T16:10:52.440815Z,57822f63314c176d897d4ec087eb384764c56a2afe3532abfb3a31934a39507d,https://www.vikings.com/news/inactives-bears-week-2-2026,TEAM_OFFICIAL_SITE,2026-09-20T15:30:00Z,2026-09-20T15:34:19.153Z,2026-09-20T16:14:07.574228Z,34fd39fa162a4ca187f5bf93e3f49b6b07effba90231534514f4e8fa78384597,,
MIN@CHI,MIN,Zemaiah Vaughn,CB,,Zemaiah Vaughn,Cornerback,INACTIVE (official game-day declaration),CONFIRMED_BOTH,,https://www.nfl.com/news/nfl-week-2-inactives-players-ruled-out-sunday-14-games-2026,2026-09-20T15:40:23.31Z,2026-09-20T15:54:29.746Z,2026-09-20T16:10:52.440815Z,57822f63314c176d897d4ec087eb384764c56a2afe3532abfb3a31934a39507d,https://www.vikings.com/news/inactives-bears-week-2-2026,TEAM_OFFICIAL_SITE,2026-09-20T15:30:00Z,2026-09-20T15:34:19.153Z,2026-09-20T16:14:07.574228Z,34fd39fa162a4ca187f5bf93e3f49b6b07effba90231534514f4e8fa78384597,,
MIN@CHI,CHI,Case Keenum,QB,emergency third QB,Case Keenum (3rd QB),Quarterback,INACTIVE (official game-day declaration),CONFIRMED_BOTH,,https://www.nfl.com/news/nfl-week-2-inactives-players-ruled-out-sunday-14-games-2026,2026-09-20T15:40:23.31Z,2026-09-20T15:54:29.746Z,2026-09-20T16:10:52.440815Z,57822f63314c176d897d4ec087eb384764c56a2afe3532abfb3a31934a39507d,https://www.vikings.com/news/inactives-bears-week-2-2026,OPPONENT_OFFICIAL_SITE,2026-09-20T15:30:00Z,2026-09-20T15:34:19.153Z,2026-09-20T16:14:07.574228Z,34fd39fa162a4ca187f5bf93e3f49b6b07effba90231534514f4e8fa78384597,,
MIN@CHI,CHI,Jamree Kromah,DL,,Jamree Kromah,Defensive lineman,INACTIVE (official game-day declaration),CONFIRMED_BOTH,,https://www.nfl.com/news/nfl-week-2-inactives-players-ruled-out-sunday-14-games-2026,2026-09-20T15:40:23.31Z,2026-09-20T15:54:29.746Z,2026-09-20T16:10:52.440815Z,57822f63314c176d897d4ec087eb384764c56a2afe3532abfb3a31934a39507d,https://www.vikings.com/news/inactives-bears-week-2-2026,OPPONENT_OFFICIAL_SITE,2026-09-20T15:30:00Z,2026-09-20T15:34:19.153Z,2026-09-20T16:14:07.574228Z,34fd39fa162a4ca187f5bf93e3f49b6b07effba90231534514f4e8fa78384597,,
MIN@CHI,CHI,Jayden Loving,DL,,Jayden Loving,Defensive lineman,INACTIVE (official game-day declaration),CONFIRMED_BOTH,,https://www.nfl.com/news/nfl-week-2-inactives-players-ruled-out-sunday-14-games-2026,2026-09-20T15:40:23.31Z,2026-09-20T15:54:29.746Z,2026-09-20T16:10:52.440815Z,57822f63314c176d897d4ec087eb384764c56a2afe3532abfb3a31934a39507d,https://www.vikings.com/news/inactives-bears-week-2-2026,OPPONENT_OFFICIAL_SITE,2026-09-20T15:30:00Z,2026-09-20T15:34:19.153Z,2026-09-20T16:14:07.574228Z,34fd39fa162a4ca187f5bf93e3f49b6b07effba90231534514f4e8fa78384597,,
MIN@CHI,CHI,Jordan McFadden,OL,,Jordan McFadden,Offensive lineman,INACTIVE (official game-day declaration),CONFIRMED_BOTH,,https://www.nfl.com/news/nfl-week-2-inactives-players-ruled-out-sunday-14-games-2026,2026-09-20T15:40:23.31Z,2026-09-20T15:54:29.746Z,2026-09-20T16:10:52.440815Z,57822f63314c176d897d4ec087eb384764c56a2afe3532abfb3a31934a39507d,https://www.vikings.com/news/inactives-bears-week-2-2026,OPPONENT_OFFICIAL_SITE,2026-09-20T15:30:00Z,2026-09-20T15:34:19.153Z,2026-09-20T16:14:07.574228Z,34fd39fa162a4ca187f5bf93e3f49b6b07effba90231534514f4e8fa78384597,,
MIN@CHI,CHI,Ozzy Trapilo,OL,,Ozzy Trapilo,Offensive lineman,INACTIVE (official game-day declaration),CONFIRMED_BOTH,,https://www.nfl.com/news/nfl-week-2-inactives-players-ruled-out-sunday-14-games-2026,2026-09-20T15:40:23.31Z,2026-09-20T15:54:29.746Z,2026-09-20T16:10:52.440815Z,57822f63314c176d897d4ec087eb384764c56a2afe3532abfb3a31934a39507d,https://www.vikings.com/news/inactives-bears-week-2-2026,OPPONENT_OFFICIAL_SITE,2026-09-20T15:30:00Z,2026-09-20T15:34:19.153Z,2026-09-20T16:14:07.574228Z,34fd39fa162a4ca187f5bf93e3f49b6b07effba90231534514f4e8fa78384597,,
CIN@HOU,CIN,B.J. Hill,DT,,B.J. Hill,DT (92),INACTIVE (official game-day declaration),CONFIRMED_BOTH,,https://www.nfl.com/news/nfl-week-2-inactives-players-ruled-out-sunday-14-games-2026,2026-09-20T15:40:23.31Z,2026-09-20T15:54:29.746Z,2026-09-20T16:10:52.440815Z,57822f63314c176d897d4ec087eb384764c56a2afe3532abfb3a31934a39507d,https://www.bengals.com/news/bengals-texans-inactives-week-2-2026,TEAM_OFFICIAL_SITE,2026-09-20T15:30:23.604Z,2026-09-20T15:32:56.871Z,2026-09-20T16:14:07.580983Z,f07e575523ccdf37e9e6059fc4f6fd9c95267c194e32ebde09649423e823f93f,,
CIN@HOU,CIN,Connor Lew,C,,Connor Lew,C (65),INACTIVE (official game-day declaration),CONFIRMED_BOTH,,https://www.nfl.com/news/nfl-week-2-inactives-players-ruled-out-sunday-14-games-2026,2026-09-20T15:40:23.31Z,2026-09-20T15:54:29.746Z,2026-09-20T16:10:52.440815Z,57822f63314c176d897d4ec087eb384764c56a2afe3532abfb3a31934a39507d,https://www.bengals.com/news/bengals-texans-inactives-week-2-2026,TEAM_OFFICIAL_SITE,2026-09-20T15:30:23.604Z,2026-09-20T15:32:56.871Z,2026-09-20T16:14:07.580983Z,f07e575523ccdf37e9e6059fc4f6fd9c95267c194e32ebde09649423e823f93f,,
CIN@HOU,CIN,Josh Johnson,QB,,Josh Johnson,QB (11),INACTIVE (official game-day declaration),CONFIRMED_BOTH,,https://www.nfl.com/news/nfl-week-2-inactives-players-ruled-out-sunday-14-games-2026,2026-09-20T15:40:23.31Z,2026-09-20T15:54:29.746Z,2026-09-20T16:10:52.440815Z,57822f63314c176d897d4ec087eb384764c56a2afe3532abfb3a31934a39507d,https://www.bengals.com/news/bengals-texans-inactives-week-2-2026,TEAM_OFFICIAL_SITE,2026-09-20T15:30:23.604Z,2026-09-20T15:32:56.871Z,2026-09-20T16:14:07.580983Z,f07e575523ccdf37e9e6059fc4f6fd9c95267c194e32ebde09649423e823f93f,,
CIN@HOU,CIN,Josh Newton,CB,,Josh Newton,CB (28),INACTIVE (official game-day declaration),CONFIRMED_BOTH,,https://www.nfl.com/news/nfl-week-2-inactives-players-ruled-out-sunday-14-games-2026,2026-09-20T15:40:23.31Z,2026-09-20T15:54:29.746Z,2026-09-20T16:10:52.440815Z,57822f63314c176d897d4ec087eb384764c56a2afe3532abfb3a31934a39507d,https://www.bengals.com/news/bengals-texans-inactives-week-2-2026,TEAM_OFFICIAL_SITE,2026-09-20T15:30:23.604Z,2026-09-20T15:32:56.871Z,2026-09-20T16:14:07.580983Z,f07e575523ccdf37e9e6059fc4f6fd9c95267c194e32ebde09649423e823f93f,,
CIN@HOU,CIN,Ke'Shawn Williams,WR,,Ke'Shawn Williams,WR (12),INACTIVE (official game-day declaration),CONFIRMED_BOTH,,https://www.nfl.com/news/nfl-week-2-inactives-players-ruled-out-sunday-14-games-2026,2026-09-20T15:40:23.31Z,2026-09-20T15:54:29.746Z,2026-09-20T16:10:52.440815Z,57822f63314c176d897d4ec087eb384764c56a2afe3532abfb3a31934a39507d,https://www.bengals.com/news/bengals-texans-inactives-week-2-2026,TEAM_OFFICIAL_SITE,2026-09-20T15:30:23.604Z,2026-09-20T15:32:56.871Z,2026-09-20T16:14:07.580983Z,f07e575523ccdf37e9e6059fc4f6fd9c95267c194e32ebde09649423e823f93f,,
CIN@HOU,CIN,Landon Robinson,DT,,Landon Robinson,DT (96),INACTIVE (official game-day declaration),CONFIRMED_BOTH,,https://www.nfl.com/news/nfl-week-2-inactives-players-ruled-out-sunday-14-games-2026,2026-09-20T15:40:23.31Z,2026-09-20T15:54:29.746Z,2026-09-20T16:10:52.440815Z,57822f63314c176d897d4ec087eb384764c56a2afe3532abfb3a31934a39507d,https://www.bengals.com/news/bengals-texans-inactives-week-2-2026,TEAM_OFFICIAL_SITE,2026-09-20T15:30:23.604Z,2026-09-20T15:32:56.871Z,2026-09-20T16:14:07.580983Z,f07e575523ccdf37e9e6059fc4f6fd9c95267c194e32ebde09649423e823f93f,,
CIN@HOU,CIN,Myles Hinton,OT,,Myles Hinton,OT (77),INACTIVE (official game-day declaration),CONFIRMED_BOTH,,https://www.nfl.com/news/nfl-week-2-inactives-players-ruled-out-sunday-14-games-2026,2026-09-20T15:40:23.31Z,2026-09-20T15:54:29.746Z,2026-09-20T16:10:52.440815Z,57822f63314c176d897d4ec087eb384764c56a2afe3532abfb3a31934a39507d,https://www.bengals.com/news/bengals-texans-inactives-week-2-2026,TEAM_OFFICIAL_SITE,2026-09-20T15:30:23.604Z,2026-09-20T15:32:56.871Z,2026-09-20T16:14:07.580983Z,f07e575523ccdf37e9e6059fc4f6fd9c95267c194e32ebde09649423e823f93f,,
CIN@HOU,HOU,Brevin Jordan,TE,,Brevin Jordan,TE No. 9,INACTIVE (official game-day declaration),CONFIRMED_BOTH,,https://www.nfl.com/news/nfl-week-2-inactives-players-ruled-out-sunday-14-games-2026,2026-09-20T15:40:23.31Z,2026-09-20T15:54:29.746Z,2026-09-20T16:10:52.440815Z,57822f63314c176d897d4ec087eb384764c56a2afe3532abfb3a31934a39507d,https://www.houstontexans.com/news/texans-inactives-week-2-vs-cincinnati-bengals,TEAM_OFFICIAL_SITE,2026-09-20T15:30:08.007Z,2026-09-20T15:35:18.101Z,2026-09-20T16:14:07.584877Z,5d305765c7fba252e4b0e958ead963838c0bc38e7b9a1e753df88cb4b4ae2c01,https://www.bengals.com/news/bengals-texans-inactives-week-2-2026,9 TE Brevin Jordan
CIN@HOU,HOU,Collin Wright,CB,,Collin Wright,CB No. 37,INACTIVE (official game-day declaration),CONFIRMED_BOTH,,https://www.nfl.com/news/nfl-week-2-inactives-players-ruled-out-sunday-14-games-2026,2026-09-20T15:40:23.31Z,2026-09-20T15:54:29.746Z,2026-09-20T16:10:52.440815Z,57822f63314c176d897d4ec087eb384764c56a2afe3532abfb3a31934a39507d,https://www.houstontexans.com/news/texans-inactives-week-2-vs-cincinnati-bengals,TEAM_OFFICIAL_SITE,2026-09-20T15:30:08.007Z,2026-09-20T15:35:18.101Z,2026-09-20T16:14:07.584877Z,5d305765c7fba252e4b0e958ead963838c0bc38e7b9a1e753df88cb4b4ae2c01,https://www.bengals.com/news/bengals-texans-inactives-week-2-2026,37 CB Collin Wright
CIN@HOU,HOU,Ed Ingram,G,,Ed Ingram,G No. 69,INACTIVE (official game-day declaration),CONFIRMED_BOTH,,https://www.nfl.com/news/nfl-week-2-inactives-players-ruled-out-sunday-14-games-2026,2026-09-20T15:40:23.31Z,2026-09-20T15:54:29.746Z,2026-09-20T16:10:52.440815Z,57822f63314c176d897d4ec087eb384764c56a2afe3532abfb3a31934a39507d,https://www.houstontexans.com/news/texans-inactives-week-2-vs-cincinnati-bengals,TEAM_OFFICIAL_SITE,2026-09-20T15:30:08.007Z,2026-09-20T15:35:18.101Z,2026-09-20T16:14:07.584877Z,5d305765c7fba252e4b0e958ead963838c0bc38e7b9a1e753df88cb4b4ae2c01,https://www.bengals.com/news/bengals-texans-inactives-week-2-2026,69 G Ed Ingram
CIN@HOU,HOU,Jadeveon Clowney,DE,,Jadeveon Clowney,DE No. 90,INACTIVE (official game-day declaration),CONFIRMED_BOTH,,https://www.nfl.com/news/nfl-week-2-inactives-players-ruled-out-sunday-14-games-2026,2026-09-20T15:40:23.31Z,2026-09-20T15:54:29.746Z,2026-09-20T16:10:52.440815Z,57822f63314c176d897d4ec087eb384764c56a2afe3532abfb3a31934a39507d,https://www.houstontexans.com/news/texans-inactives-week-2-vs-cincinnati-bengals,TEAM_OFFICIAL_SITE,2026-09-20T15:30:08.007Z,2026-09-20T15:35:18.101Z,2026-09-20T16:14:07.584877Z,5d305765c7fba252e4b0e958ead963838c0bc38e7b9a1e753df88cb4b4ae2c01,https://www.bengals.com/news/bengals-texans-inactives-week-2-2026,90 DE Jadeveon Clowney
CIN@HOU,HOU,Jake Hummel,LB,,Jake Hummel,LB No. 33,INACTIVE (official game-day declaration),CONFIRMED_BOTH,,https://www.nfl.com/news/nfl-week-2-inactives-players-ruled-out-sunday-14-games-2026,2026-09-20T15:40:23.31Z,2026-09-20T15:54:29.746Z,2026-09-20T16:10:52.440815Z,57822f63314c176d897d4ec087eb384764c56a2afe3532abfb3a31934a39507d,https://www.houstontexans.com/news/texans-inactives-week-2-vs-cincinnati-bengals,TEAM_OFFICIAL_SITE,2026-09-20T15:30:08.007Z,2026-09-20T15:35:18.101Z,2026-09-20T16:14:07.584877Z,5d305765c7fba252e4b0e958ead963838c0bc38e7b9a1e753df88cb4b4ae2c01,https://www.bengals.com/news/bengals-texans-inactives-week-2-2026,33 LB Jake Hummel
CIN@HOU,HOU,Nate Thomas,OT,,Nate Thomas,T No. 78,INACTIVE (official game-day declaration),CONFIRMED_BOTH,,https://www.nfl.com/news/nfl-week-2-inactives-players-ruled-out-sunday-14-games-2026,2026-09-20T15:40:23.31Z,2026-09-20T15:54:29.746Z,2026-09-20T16:10:52.440815Z,57822f63314c176d897d4ec087eb384764c56a2afe3532abfb3a31934a39507d,https://www.houstontexans.com/news/texans-inactives-week-2-vs-cincinnati-bengals,TEAM_OFFICIAL_SITE,2026-09-20T15:30:08.007Z,2026-09-20T15:35:18.101Z,2026-09-20T16:14:07.584877Z,5d305765c7fba252e4b0e958ead963838c0bc38e7b9a1e753df88cb4b4ae2c01,https://www.bengals.com/news/bengals-texans-inactives-week-2-2026,78 OT Nate Thomas
CIN@HOU,HOU,Nico Collins,WR,,Nico Collins,WR No. 12,INACTIVE (official game-day declaration),CONFIRMED_BOTH,,https://www.nfl.com/news/nfl-week-2-inactives-players-ruled-out-sunday-14-games-2026,2026-09-20T15:40:23.31Z,2026-09-20T15:54:29.746Z,2026-09-20T16:10:52.440815Z,57822f63314c176d897d4ec087eb384764c56a2afe3532abfb3a31934a39507d,https://www.houstontexans.com/news/texans-inactives-week-2-vs-cincinnati-bengals,TEAM_OFFICIAL_SITE,2026-09-20T15:30:08.007Z,2026-09-20T15:35:18.101Z,2026-09-20T16:14:07.584877Z,5d305765c7fba252e4b0e958ead963838c0bc38e7b9a1e753df88cb4b4ae2c01,https://www.bengals.com/news/bengals-texans-inactives-week-2-2026,12 WR Nico Collins
PIT@NE,PIT,Drew Allar,QB,,Drew Allar,QB (No. 16),INACTIVE (official game-day declaration),CONFIRMED_BOTH,,https://www.nfl.com/news/nfl-week-2-inactives-players-ruled-out-sunday-14-games-2026,2026-09-20T15:40:23.31Z,2026-09-20T15:54:29.746Z,2026-09-20T16:10:52.440815Z,57822f63314c176d897d4ec087eb384764c56a2afe3532abfb3a31934a39507d,https://www.steelers.com/news/steelers-inactives-for-week-2-vs-patriots-x2429,TEAM_OFFICIAL_SITE,2026-09-20T15:30:00Z,2026-09-20T15:35:50.209Z,2026-09-20T16:14:07.586206Z,97f83fa169f5c705c64b3c0c4c96ba09a1f9d9ebe453bd50be500eb91b43bf26,,
PIT@NE,PIT,Gabriel Rubio,DE,,Gabriel Rubio,DE (No. 96),INACTIVE (official game-day declaration),CONFIRMED_BOTH,,https://www.nfl.com/news/nfl-week-2-inactives-players-ruled-out-sunday-14-games-2026,2026-09-20T15:40:23.31Z,2026-09-20T15:54:29.746Z,2026-09-20T16:10:52.440815Z,57822f63314c176d897d4ec087eb384764c56a2afe3532abfb3a31934a39507d,https://www.steelers.com/news/steelers-inactives-for-week-2-vs-patriots-x2429,TEAM_OFFICIAL_SITE,2026-09-20T15:30:00Z,2026-09-20T15:35:50.209Z,2026-09-20T16:14:07.586206Z,97f83fa169f5c705c64b3c0c4c96ba09a1f9d9ebe453bd50be500eb91b43bf26,,
PIT@NE,PIT,Gennings Dunker,G,,Gennings Dunker,G (No. 73),INACTIVE (official game-day declaration),CONFIRMED_BOTH,,https://www.nfl.com/news/nfl-week-2-inactives-players-ruled-out-sunday-14-games-2026,2026-09-20T15:40:23.31Z,2026-09-20T15:54:29.746Z,2026-09-20T16:10:52.440815Z,57822f63314c176d897d4ec087eb384764c56a2afe3532abfb3a31934a39507d,https://www.steelers.com/news/steelers-inactives-for-week-2-vs-patriots-x2429,TEAM_OFFICIAL_SITE,2026-09-20T15:30:00Z,2026-09-20T15:35:50.209Z,2026-09-20T16:14:07.586206Z,97f83fa169f5c705c64b3c0c4c96ba09a1f9d9ebe453bd50be500eb91b43bf26,,
PIT@NE,PIT,Joey Porter Jr.,CB,,Joey Porter Jr.,CB (No. 24),INACTIVE (official game-day declaration),CONFIRMED_BOTH,,https://www.nfl.com/news/nfl-week-2-inactives-players-ruled-out-sunday-14-games-2026,2026-09-20T15:40:23.31Z,2026-09-20T15:54:29.746Z,2026-09-20T16:10:52.440815Z,57822f63314c176d897d4ec087eb384764c56a2afe3532abfb3a31934a39507d,https://www.steelers.com/news/steelers-inactives-for-week-2-vs-patriots-x2429,TEAM_OFFICIAL_SITE,2026-09-20T15:30:00Z,2026-09-20T15:35:50.209Z,2026-09-20T16:14:07.586206Z,97f83fa169f5c705c64b3c0c4c96ba09a1f9d9ebe453bd50be500eb91b43bf26,,
PIT@NE,PIT,Kevin Jobity Jr.,DL,,Kevin Jobity Jr.,DL (No. 92),INACTIVE (official game-day declaration),CONFIRMED_BOTH,,https://www.nfl.com/news/nfl-week-2-inactives-players-ruled-out-sunday-14-games-2026,2026-09-20T15:40:23.31Z,2026-09-20T15:54:29.746Z,2026-09-20T16:10:52.440815Z,57822f63314c176d897d4ec087eb384764c56a2afe3532abfb3a31934a39507d,https://www.steelers.com/news/steelers-inactives-for-week-2-vs-patriots-x2429,TEAM_OFFICIAL_SITE,2026-09-20T15:30:00Z,2026-09-20T15:35:50.209Z,2026-09-20T16:14:07.586206Z,97f83fa169f5c705c64b3c0c4c96ba09a1f9d9ebe453bd50be500eb91b43bf26,,
PIT@NE,PIT,Michael Pittman Jr.,WR,,Michael Pittman Jr.,WR (No. 11),INACTIVE (official game-day declaration),CONFIRMED_BOTH,,https://www.nfl.com/news/nfl-week-2-inactives-players-ruled-out-sunday-14-games-2026,2026-09-20T15:40:23.31Z,2026-09-20T15:54:29.746Z,2026-09-20T16:10:52.440815Z,57822f63314c176d897d4ec087eb384764c56a2afe3532abfb3a31934a39507d,https://www.steelers.com/news/steelers-inactives-for-week-2-vs-patriots-x2429,TEAM_OFFICIAL_SITE,2026-09-20T15:30:00Z,2026-09-20T15:35:50.209Z,2026-09-20T16:14:07.586206Z,97f83fa169f5c705c64b3c0c4c96ba09a1f9d9ebe453bd50be500eb91b43bf26,,
PIT@NE,PIT,Will Howard,QB,emergency third QB,Will Howard (3rd QB),QB (No. 18),INACTIVE (official game-day declaration),CONFIRMED_BOTH,,https://www.nfl.com/news/nfl-week-2-inactives-players-ruled-out-sunday-14-games-2026,2026-09-20T15:40:23.31Z,2026-09-20T15:54:29.746Z,2026-09-20T16:10:52.440815Z,57822f63314c176d897d4ec087eb384764c56a2afe3532abfb3a31934a39507d,https://www.steelers.com/news/steelers-inactives-for-week-2-vs-patriots-x2429,TEAM_OFFICIAL_SITE,2026-09-20T15:30:00Z,2026-09-20T15:35:50.209Z,2026-09-20T16:14:07.586206Z,97f83fa169f5c705c64b3c0c4c96ba09a1f9d9ebe453bd50be500eb91b43bf26,,
PIT@NE,NE,Behren Morton,QB,emergency third QB,Behren Morton (emergency third quarterback),QB,INACTIVE (official game-day declaration),CONFIRMED_BOTH,,https://www.nfl.com/news/nfl-week-2-inactives-players-ruled-out-sunday-14-games-2026,2026-09-20T15:40:23.31Z,2026-09-20T15:54:29.746Z,2026-09-20T16:10:52.440815Z,57822f63314c176d897d4ec087eb384764c56a2afe3532abfb3a31934a39507d,https://www.patriots.com/news/inactives-analysis-rb-treveyon-henderson-to-make-season-debut-wr-efton-chism-iii-active-vs-steelers,TEAM_OFFICIAL_SITE,2026-09-20T15:32:27.557Z,2026-09-20T15:37:55.9Z,2026-09-20T16:14:07.587526Z,5edb89211c378cb332a00529357ff5c8df86478ba6396f6844cba7a74fd8c130,https://www.steelers.com/news/steelers-inactives-for-week-2-vs-patriots-x2429,No. 15 QB Behren Morton (3rd QB)
PIT@NE,NE,Carlton Davis,CB,,Carlton Davis III (neck),CB,INACTIVE (official game-day declaration),CONFIRMED_BOTH,DISPLAY_NAME_VARIANT;OPPONENT_SITE_NAME_VARIANT,https://www.nfl.com/news/nfl-week-2-inactives-players-ruled-out-sunday-14-games-2026,2026-09-20T15:40:23.31Z,2026-09-20T15:54:29.746Z,2026-09-20T16:10:52.440815Z,57822f63314c176d897d4ec087eb384764c56a2afe3532abfb3a31934a39507d,https://www.patriots.com/news/inactives-analysis-rb-treveyon-henderson-to-make-season-debut-wr-efton-chism-iii-active-vs-steelers,TEAM_OFFICIAL_SITE,2026-09-20T15:32:27.557Z,2026-09-20T15:37:55.9Z,2026-09-20T16:14:07.587526Z,5edb89211c378cb332a00529357ff5c8df86478ba6396f6844cba7a74fd8c130,https://www.steelers.com/news/steelers-inactives-for-week-2-vs-patriots-x2429,No. 7 CB Carlton Davis
PIT@NE,NE,Dametrious Crownover,OT,,Dametrious Crownover (knee),OT,INACTIVE (official game-day declaration),CONFIRMED_BOTH,,https://www.nfl.com/news/nfl-week-2-inactives-players-ruled-out-sunday-14-games-2026,2026-09-20T15:40:23.31Z,2026-09-20T15:54:29.746Z,2026-09-20T16:10:52.440815Z,57822f63314c176d897d4ec087eb384764c56a2afe3532abfb3a31934a39507d,https://www.patriots.com/news/inactives-analysis-rb-treveyon-henderson-to-make-season-debut-wr-efton-chism-iii-active-vs-steelers,TEAM_OFFICIAL_SITE,2026-09-20T15:32:27.557Z,2026-09-20T15:37:55.9Z,2026-09-20T16:14:07.587526Z,5edb89211c378cb332a00529357ff5c8df86478ba6396f6844cba7a74fd8c130,https://www.steelers.com/news/steelers-inactives-for-week-2-vs-patriots-x2429,No. 68 T Dametrious Crownover
PIT@NE,NE,Leonard Taylor,DT,,Leonard Taylor,DT,INACTIVE (official game-day declaration),CONFIRMED_BOTH,,https://www.nfl.com/news/nfl-week-2-inactives-players-ruled-out-sunday-14-games-2026,2026-09-20T15:40:23.31Z,2026-09-20T15:54:29.746Z,2026-09-20T16:10:52.440815Z,57822f63314c176d897d4ec087eb384764c56a2afe3532abfb3a31934a39507d,https://www.patriots.com/news/inactives-analysis-rb-treveyon-henderson-to-make-season-debut-wr-efton-chism-iii-active-vs-steelers,TEAM_OFFICIAL_SITE,2026-09-20T15:32:27.557Z,2026-09-20T15:37:55.9Z,2026-09-20T16:14:07.587526Z,5edb89211c378cb332a00529357ff5c8df86478ba6396f6844cba7a74fd8c130,https://www.steelers.com/news/steelers-inactives-for-week-2-vs-patriots-x2429,No. 93 DT Leonard Taylor
PIT@NE,NE,Tanner Arkin,TE,,Tanner Arkin,TE,INACTIVE (official game-day declaration),CONFIRMED_BOTH,,https://www.nfl.com/news/nfl-week-2-inactives-players-ruled-out-sunday-14-games-2026,2026-09-20T15:40:23.31Z,2026-09-20T15:54:29.746Z,2026-09-20T16:10:52.440815Z,57822f63314c176d897d4ec087eb384764c56a2afe3532abfb3a31934a39507d,https://www.patriots.com/news/inactives-analysis-rb-treveyon-henderson-to-make-season-debut-wr-efton-chism-iii-active-vs-steelers,TEAM_OFFICIAL_SITE,2026-09-20T15:32:27.557Z,2026-09-20T15:37:55.9Z,2026-09-20T16:14:07.587526Z,5edb89211c378cb332a00529357ff5c8df86478ba6396f6844cba7a74fd8c130,https://www.steelers.com/news/steelers-inactives-for-week-2-vs-patriots-x2429,No. 84 TE Tanner Arkin
PIT@NE,NE,Walter Rouse,OT,,Walter Rouse,OT,INACTIVE (official game-day declaration),CONFIRMED_BOTH,,https://www.nfl.com/news/nfl-week-2-inactives-players-ruled-out-sunday-14-games-2026,2026-09-20T15:40:23.31Z,2026-09-20T15:54:29.746Z,2026-09-20T16:10:52.440815Z,57822f63314c176d897d4ec087eb384764c56a2afe3532abfb3a31934a39507d,https://www.patriots.com/news/inactives-analysis-rb-treveyon-henderson-to-make-season-debut-wr-efton-chism-iii-active-vs-steelers,TEAM_OFFICIAL_SITE,2026-09-20T15:32:27.557Z,2026-09-20T15:37:55.9Z,2026-09-20T16:14:07.587526Z,5edb89211c378cb332a00529357ff5c8df86478ba6396f6844cba7a74fd8c130,https://www.steelers.com/news/steelers-inactives-for-week-2-vs-patriots-x2429,No. 72 T Walter Rouse
GB@NYJ,GB,Benjamin St-Juste,CB,,Benjamin St-Juste,CB (21),INACTIVE (official game-day declaration),CONFIRMED_BOTH,,https://www.nfl.com/news/nfl-week-2-inactives-players-ruled-out-sunday-14-games-2026,2026-09-20T15:40:23.31Z,2026-09-20T15:54:29.746Z,2026-09-20T16:10:52.440815Z,57822f63314c176d897d4ec087eb384764c56a2afe3532abfb3a31934a39507d,https://www.packers.com/news/packers-jets-week-2-inactives-sept-20-2026,TEAM_OFFICIAL_SITE,2026-09-20T15:30:00Z,2026-09-20T15:38:26.914Z,2026-09-20T16:14:07.589197Z,c1d59939bcfd8642b8f0e72f0ca9ecefa8db7ab5b623aa6f0a9b1353ae63bc36,https://www.newyorkjets.com/news/jets-vs-packers-game-inactives-09-20-2026,CB Benjamin St-Juste
GB@NYJ,GB,Javon Hargrave,DT,,Javon Hargrave,DT (98),INACTIVE (official game-day declaration),CONFIRMED_BOTH,,https://www.nfl.com/news/nfl-week-2-inactives-players-ruled-out-sunday-14-games-2026,2026-09-20T15:40:23.31Z,2026-09-20T15:54:29.746Z,2026-09-20T16:10:52.440815Z,57822f63314c176d897d4ec087eb384764c56a2afe3532abfb3a31934a39507d,https://www.packers.com/news/packers-jets-week-2-inactives-sept-20-2026,TEAM_OFFICIAL_SITE,2026-09-20T15:30:00Z,2026-09-20T15:38:26.914Z,2026-09-20T16:14:07.589197Z,c1d59939bcfd8642b8f0e72f0ca9ecefa8db7ab5b623aa6f0a9b1353ae63bc36,https://www.newyorkjets.com/news/jets-vs-packers-game-inactives-09-20-2026,DT Javon Hargrave
GB@NYJ,GB,John Williams,OL,,John Williams,OL (73),INACTIVE (official game-day declaration),CONFIRMED_BOTH,,https://www.nfl.com/news/nfl-week-2-inactives-players-ruled-out-sunday-14-games-2026,2026-09-20T15:40:23.31Z,2026-09-20T15:54:29.746Z,2026-09-20T16:10:52.440815Z,57822f63314c176d897d4ec087eb384764c56a2afe3532abfb3a31934a39507d,https://www.packers.com/news/packers-jets-week-2-inactives-sept-20-2026,TEAM_OFFICIAL_SITE,2026-09-20T15:30:00Z,2026-09-20T15:38:26.914Z,2026-09-20T16:14:07.589197Z,c1d59939bcfd8642b8f0e72f0ca9ecefa8db7ab5b623aa6f0a9b1353ae63bc36,https://www.newyorkjets.com/news/jets-vs-packers-game-inactives-09-20-2026,OL John Williams
GB@NYJ,GB,Travis Glover,OL,,Travis Glover,OL (79),INACTIVE (official game-day declaration),CONFIRMED_BOTH,,https://www.nfl.com/news/nfl-week-2-inactives-players-ruled-out-sunday-14-games-2026,2026-09-20T15:40:23.31Z,2026-09-20T15:54:29.746Z,2026-09-20T16:10:52.440815Z,57822f63314c176d897d4ec087eb384764c56a2afe3532abfb3a31934a39507d,https://www.packers.com/news/packers-jets-week-2-inactives-sept-20-2026,TEAM_OFFICIAL_SITE,2026-09-20T15:30:00Z,2026-09-20T15:38:26.914Z,2026-09-20T16:14:07.589197Z,c1d59939bcfd8642b8f0e72f0ca9ecefa8db7ab5b623aa6f0a9b1353ae63bc36,https://www.newyorkjets.com/news/jets-vs-packers-game-inactives-09-20-2026,OL Travis Glover
GB@NYJ,GB,Warren Brinson,DT,,Warren Brinson,DT (91),INACTIVE (official game-day declaration),CONFIRMED_BOTH,,https://www.nfl.com/news/nfl-week-2-inactives-players-ruled-out-sunday-14-games-2026,2026-09-20T15:40:23.31Z,2026-09-20T15:54:29.746Z,2026-09-20T16:10:52.440815Z,57822f63314c176d897d4ec087eb384764c56a2afe3532abfb3a31934a39507d,https://www.packers.com/news/packers-jets-week-2-inactives-sept-20-2026,TEAM_OFFICIAL_SITE,2026-09-20T15:30:00Z,2026-09-20T15:38:26.914Z,2026-09-20T16:14:07.589197Z,c1d59939bcfd8642b8f0e72f0ca9ecefa8db7ab5b623aa6f0a9b1353ae63bc36,https://www.newyorkjets.com/news/jets-vs-packers-game-inactives-09-20-2026,DT Warren Brinson
GB@NYJ,NYJ,Blake Grupe,K,,Blake Grupe,K,INACTIVE (official game-day declaration),CONFIRMED_BOTH,,https://www.nfl.com/news/nfl-week-2-inactives-players-ruled-out-sunday-14-games-2026,2026-09-20T15:40:23.31Z,2026-09-20T15:54:29.746Z,2026-09-20T16:10:52.440815Z,57822f63314c176d897d4ec087eb384764c56a2afe3532abfb3a31934a39507d,https://www.newyorkjets.com/news/jets-vs-packers-game-inactives-09-20-2026,TEAM_OFFICIAL_SITE,2026-09-20T15:30:00Z,2026-09-20T15:50:10.139Z,2026-09-20T16:14:07.590172Z,84fbe443ea4152e354d1ec415d830aaffe24c14bb59b05316f51e1c9271f13f7,https://www.packers.com/news/packers-jets-week-2-inactives-sept-20-2026,39 K Blake Grupe
GB@NYJ,NYJ,D'Angelo Ponds,CB,,D'Angelo Ponds,CB,INACTIVE (official game-day declaration),CONFIRMED_BOTH,,https://www.nfl.com/news/nfl-week-2-inactives-players-ruled-out-sunday-14-games-2026,2026-09-20T15:40:23.31Z,2026-09-20T15:54:29.746Z,2026-09-20T16:10:52.440815Z,57822f63314c176d897d4ec087eb384764c56a2afe3532abfb3a31934a39507d,https://www.newyorkjets.com/news/jets-vs-packers-game-inactives-09-20-2026,TEAM_OFFICIAL_SITE,2026-09-20T15:30:00Z,2026-09-20T15:50:10.139Z,2026-09-20T16:14:07.590172Z,84fbe443ea4152e354d1ec415d830aaffe24c14bb59b05316f51e1c9271f13f7,https://www.packers.com/news/packers-jets-week-2-inactives-sept-20-2026,23 CB D'Angelo Ponds
GB@NYJ,NYJ,Joseph Ossai,Edge,,Joseph Ossai,Edge,INACTIVE (official game-day declaration),CONFIRMED_BOTH,,https://www.nfl.com/news/nfl-week-2-inactives-players-ruled-out-sunday-14-games-2026,2026-09-20T15:40:23.31Z,2026-09-20T15:54:29.746Z,2026-09-20T16:10:52.440815Z,57822f63314c176d897d4ec087eb384764c56a2afe3532abfb3a31934a39507d,https://www.newyorkjets.com/news/jets-vs-packers-game-inactives-09-20-2026,TEAM_OFFICIAL_SITE,2026-09-20T15:30:00Z,2026-09-20T15:50:10.139Z,2026-09-20T16:14:07.590172Z,84fbe443ea4152e354d1ec415d830aaffe24c14bb59b05316f51e1c9271f13f7,https://www.packers.com/news/packers-jets-week-2-inactives-sept-20-2026,46 EDGE Joseph Ossai
GB@NYJ,NYJ,Kene Nwangwu,RB,,Kene Nwangwu,RB,INACTIVE (official game-day declaration),CONFIRMED_BOTH,,https://www.nfl.com/news/nfl-week-2-inactives-players-ruled-out-sunday-14-games-2026,2026-09-20T15:40:23.31Z,2026-09-20T15:54:29.746Z,2026-09-20T16:10:52.440815Z,57822f63314c176d897d4ec087eb384764c56a2afe3532abfb3a31934a39507d,https://www.newyorkjets.com/news/jets-vs-packers-game-inactives-09-20-2026,TEAM_OFFICIAL_SITE,2026-09-20T15:30:00Z,2026-09-20T15:50:10.139Z,2026-09-20T16:14:07.590172Z,84fbe443ea4152e354d1ec415d830aaffe24c14bb59b05316f51e1c9271f13f7,https://www.packers.com/news/packers-jets-week-2-inactives-sept-20-2026,3 RB Kene Nwangwu
GB@NYJ,NYJ,Minkah Fitzpatrick,S,,Minkah Fitzpatrick,S,INACTIVE (official game-day declaration),CONFIRMED_BOTH,,https://www.nfl.com/news/nfl-week-2-inactives-players-ruled-out-sunday-14-games-2026,2026-09-20T15:40:23.31Z,2026-09-20T15:54:29.746Z,2026-09-20T16:10:52.440815Z,57822f63314c176d897d4ec087eb384764c56a2afe3532abfb3a31934a39507d,https://www.newyorkjets.com/news/jets-vs-packers-game-inactives-09-20-2026,TEAM_OFFICIAL_SITE,2026-09-20T15:30:00Z,2026-09-20T15:50:10.139Z,2026-09-20T16:14:07.590172Z,84fbe443ea4152e354d1ec415d830aaffe24c14bb59b05316f51e1c9271f13f7,https://www.packers.com/news/packers-jets-week-2-inactives-sept-20-2026,29 S Minkah Fitzpatrick
GB@NYJ,NYJ,Trevin Wallace,LB,,Trevin Wallace,LB,INACTIVE (official game-day declaration),CONFIRMED_BOTH,,https://www.nfl.com/news/nfl-week-2-inactives-players-ruled-out-sunday-14-games-2026,2026-09-20T15:40:23.31Z,2026-09-20T15:54:29.746Z,2026-09-20T16:10:52.440815Z,57822f63314c176d897d4ec087eb384764c56a2afe3532abfb3a31934a39507d,https://www.newyorkjets.com/news/jets-vs-packers-game-inactives-09-20-2026,TEAM_OFFICIAL_SITE,2026-09-20T15:30:00Z,2026-09-20T15:50:10.139Z,2026-09-20T16:14:07.590172Z,84fbe443ea4152e354d1ec415d830aaffe24c14bb59b05316f51e1c9271f13f7,https://www.packers.com/news/packers-jets-week-2-inactives-sept-20-2026,49 LB Trevin Wallace
CLE@TB,CLE,Daniel Thomas,S,,Daniel Thomas,S,INACTIVE (official game-day declaration),CONFIRMED_BOTH,,https://www.nfl.com/news/nfl-week-2-inactives-players-ruled-out-sunday-14-games-2026,2026-09-20T15:40:23.31Z,2026-09-20T15:54:29.746Z,2026-09-20T16:10:52.440815Z,57822f63314c176d897d4ec087eb384764c56a2afe3532abfb3a31934a39507d,https://www.clevelandbrowns.com/news/browns-announce-inactives-for-week-2-vs-buccaneers,TEAM_OFFICIAL_SITE,2026-09-20T15:30:18.89Z,2026-09-20T15:30:18.89Z,2026-09-20T16:14:07.592378Z,3301a69d304992a26906c9bf5f23f820b1f4981aa6fd32fc70e5b8b3eeade1de,https://www.buccaneers.com/news/browns-bucs-inactives-jacob-parrish-ruled-out,S Daniel Thomas
CLE@TB,CLE,Justin Jefferson,LB,,Justin Jefferson,LB,INACTIVE (official game-day declaration),CONFIRMED_BOTH,,https://www.nfl.com/news/nfl-week-2-inactives-players-ruled-out-sunday-14-games-2026,2026-09-20T15:40:23.31Z,2026-09-20T15:54:29.746Z,2026-09-20T16:10:52.440815Z,57822f63314c176d897d4ec087eb384764c56a2afe3532abfb3a31934a39507d,https://www.clevelandbrowns.com/news/browns-announce-inactives-for-week-2-vs-buccaneers,TEAM_OFFICIAL_SITE,2026-09-20T15:30:18.89Z,2026-09-20T15:30:18.89Z,2026-09-20T16:14:07.592378Z,3301a69d304992a26906c9bf5f23f820b1f4981aa6fd32fc70e5b8b3eeade1de,https://www.buccaneers.com/news/browns-bucs-inactives-jacob-parrish-ruled-out,LB Justin Jefferson
CLE@TB,CLE,Parker Brailsford,C,,Parker Brailsford,C,INACTIVE (official game-day declaration),CONFIRMED_BOTH,,https://www.nfl.com/news/nfl-week-2-inactives-players-ruled-out-sunday-14-games-2026,2026-09-20T15:40:23.31Z,2026-09-20T15:54:29.746Z,2026-09-20T16:10:52.440815Z,57822f63314c176d897d4ec087eb384764c56a2afe3532abfb3a31934a39507d,https://www.clevelandbrowns.com/news/browns-announce-inactives-for-week-2-vs-buccaneers,TEAM_OFFICIAL_SITE,2026-09-20T15:30:18.89Z,2026-09-20T15:30:18.89Z,2026-09-20T16:14:07.592378Z,3301a69d304992a26906c9bf5f23f820b1f4981aa6fd32fc70e5b8b3eeade1de,https://www.buccaneers.com/news/browns-bucs-inactives-jacob-parrish-ruled-out,C Parker Brailsford
CLE@TB,CLE,Taylen Green,QB,emergency third QB,Taylen Green (3QB),QB,INACTIVE (official game-day declaration),CONFIRMED_BOTH,,https://www.nfl.com/news/nfl-week-2-inactives-players-ruled-out-sunday-14-games-2026,2026-09-20T15:40:23.31Z,2026-09-20T15:54:29.746Z,2026-09-20T16:10:52.440815Z,57822f63314c176d897d4ec087eb384764c56a2afe3532abfb3a31934a39507d,https://www.clevelandbrowns.com/news/browns-announce-inactives-for-week-2-vs-buccaneers,TEAM_OFFICIAL_SITE,2026-09-20T15:30:18.89Z,2026-09-20T15:30:18.89Z,2026-09-20T16:14:07.592378Z,3301a69d304992a26906c9bf5f23f820b1f4981aa6fd32fc70e5b8b3eeade1de,https://www.buccaneers.com/news/browns-bucs-inactives-jacob-parrish-ruled-out,QB Taylen Green (3rd QB)
CLE@TB,CLE,Teven Jenkins,G,,Teven Jenkins,G,INACTIVE (official game-day declaration),CONFIRMED_BOTH,,https://www.nfl.com/news/nfl-week-2-inactives-players-ruled-out-sunday-14-games-2026,2026-09-20T15:40:23.31Z,2026-09-20T15:54:29.746Z,2026-09-20T16:10:52.440815Z,57822f63314c176d897d4ec087eb384764c56a2afe3532abfb3a31934a39507d,https://www.clevelandbrowns.com/news/browns-announce-inactives-for-week-2-vs-buccaneers,TEAM_OFFICIAL_SITE,2026-09-20T15:30:18.89Z,2026-09-20T15:30:18.89Z,2026-09-20T16:14:07.592378Z,3301a69d304992a26906c9bf5f23f820b1f4981aa6fd32fc70e5b8b3eeade1de,https://www.buccaneers.com/news/browns-bucs-inactives-jacob-parrish-ruled-out,G Teven Jenkins
CLE@TB,CLE,Toriano Pride Jr.,CB,,Toriano Pride Jr.,CB,INACTIVE (official game-day declaration),CONFIRMED_BOTH,OPPONENT_SITE_NAME_VARIANT,https://www.nfl.com/news/nfl-week-2-inactives-players-ruled-out-sunday-14-games-2026,2026-09-20T15:40:23.31Z,2026-09-20T15:54:29.746Z,2026-09-20T16:10:52.440815Z,57822f63314c176d897d4ec087eb384764c56a2afe3532abfb3a31934a39507d,https://www.clevelandbrowns.com/news/browns-announce-inactives-for-week-2-vs-buccaneers,TEAM_OFFICIAL_SITE,2026-09-20T15:30:18.89Z,2026-09-20T15:30:18.89Z,2026-09-20T16:14:07.592378Z,3301a69d304992a26906c9bf5f23f820b1f4981aa6fd32fc70e5b8b3eeade1de,https://www.buccaneers.com/news/browns-bucs-inactives-jacob-parrish-ruled-out,CB Toriano Pride
CLE@TB,TB,Ayden Garnes,CB,,Ayden Garnes,CB,INACTIVE (official game-day declaration),CONFIRMED_BOTH,,https://www.nfl.com/news/nfl-week-2-inactives-players-ruled-out-sunday-14-games-2026,2026-09-20T15:40:23.31Z,2026-09-20T15:54:29.746Z,2026-09-20T16:10:52.440815Z,57822f63314c176d897d4ec087eb384764c56a2afe3532abfb3a31934a39507d,https://www.buccaneers.com/news/browns-bucs-inactives-jacob-parrish-ruled-out,TEAM_OFFICIAL_SITE,2026-09-20T15:30:00Z,2026-09-20T15:37:31.987Z,2026-09-20T16:14:07.595345Z,50cf34f03c69f7d1cf2a9e658cb4be171b8ceb96badcce50eccefec44dd658db,,
CLE@TB,TB,Billy Schrauth,G,,Billy Schrauth,G,INACTIVE (official game-day declaration),CONFIRMED_BOTH,,https://www.nfl.com/news/nfl-week-2-inactives-players-ruled-out-sunday-14-games-2026,2026-09-20T15:40:23.31Z,2026-09-20T15:54:29.746Z,2026-09-20T16:10:52.440815Z,57822f63314c176d897d4ec087eb384764c56a2afe3532abfb3a31934a39507d,https://www.buccaneers.com/news/browns-bucs-inactives-jacob-parrish-ruled-out,TEAM_OFFICIAL_SITE,2026-09-20T15:30:00Z,2026-09-20T15:37:31.987Z,2026-09-20T16:14:07.595345Z,50cf34f03c69f7d1cf2a9e658cb4be171b8ceb96badcce50eccefec44dd658db,,
CLE@TB,TB,DeMonte Capehart,DL,,DeMonte Capehart,DL,INACTIVE (official game-day declaration),CONFIRMED_BOTH,,https://www.nfl.com/news/nfl-week-2-inactives-players-ruled-out-sunday-14-games-2026,2026-09-20T15:40:23.31Z,2026-09-20T15:54:29.746Z,2026-09-20T16:10:52.440815Z,57822f63314c176d897d4ec087eb384764c56a2afe3532abfb3a31934a39507d,https://www.buccaneers.com/news/browns-bucs-inactives-jacob-parrish-ruled-out,TEAM_OFFICIAL_SITE,2026-09-20T15:30:00Z,2026-09-20T15:37:31.987Z,2026-09-20T16:14:07.595345Z,50cf34f03c69f7d1cf2a9e658cb4be171b8ceb96badcce50eccefec44dd658db,,
CLE@TB,TB,Elijah Simmons,DL,,Elijah Simmons,DL,INACTIVE (official game-day declaration),CONFIRMED_BOTH,,https://www.nfl.com/news/nfl-week-2-inactives-players-ruled-out-sunday-14-games-2026,2026-09-20T15:40:23.31Z,2026-09-20T15:54:29.746Z,2026-09-20T16:10:52.440815Z,57822f63314c176d897d4ec087eb384764c56a2afe3532abfb3a31934a39507d,https://www.buccaneers.com/news/browns-bucs-inactives-jacob-parrish-ruled-out,TEAM_OFFICIAL_SITE,2026-09-20T15:30:00Z,2026-09-20T15:37:31.987Z,2026-09-20T16:14:07.595345Z,50cf34f03c69f7d1cf2a9e658cb4be171b8ceb96badcce50eccefec44dd658db,,
CLE@TB,TB,Jacob Parrish,CB,,Jacob Parrish,CB,INACTIVE (official game-day declaration),CONFIRMED_BOTH,,https://www.nfl.com/news/nfl-week-2-inactives-players-ruled-out-sunday-14-games-2026,2026-09-20T15:40:23.31Z,2026-09-20T15:54:29.746Z,2026-09-20T16:10:52.440815Z,57822f63314c176d897d4ec087eb384764c56a2afe3532abfb3a31934a39507d,https://www.buccaneers.com/news/browns-bucs-inactives-jacob-parrish-ruled-out,TEAM_OFFICIAL_SITE,2026-09-20T15:30:00Z,2026-09-20T15:37:31.987Z,2026-09-20T16:14:07.595345Z,50cf34f03c69f7d1cf2a9e658cb4be171b8ceb96badcce50eccefec44dd658db,,
CLE@TB,TB,Luke Haggard,G,,Luke Haggard,G,INACTIVE (official game-day declaration),CONFIRMED_BOTH,,https://www.nfl.com/news/nfl-week-2-inactives-players-ruled-out-sunday-14-games-2026,2026-09-20T15:40:23.31Z,2026-09-20T15:54:29.746Z,2026-09-20T16:10:52.440815Z,57822f63314c176d897d4ec087eb384764c56a2afe3532abfb3a31934a39507d,https://www.buccaneers.com/news/browns-bucs-inactives-jacob-parrish-ruled-out,TEAM_OFFICIAL_SITE,2026-09-20T15:30:00Z,2026-09-20T15:37:31.987Z,2026-09-20T16:14:07.595345Z,50cf34f03c69f7d1cf2a9e658cb4be171b8ceb96badcce50eccefec44dd658db,,
PHI@TEN,PHI,Cole Payton,QB,,Cole Payton,QB | 18,INACTIVE (official game-day declaration),CONFIRMED_BOTH,,https://www.nfl.com/news/nfl-week-2-inactives-players-ruled-out-sunday-14-games-2026,2026-09-20T15:40:23.31Z,2026-09-20T15:54:29.746Z,2026-09-20T16:10:52.440815Z,57822f63314c176d897d4ec087eb384764c56a2afe3532abfb3a31934a39507d,https://www.philadelphiaeagles.com/news/eagles-at-titans-inactives-week-2-2026-nfl-regular-season,TEAM_OFFICIAL_SITE,2026-09-20T15:30:00Z,2026-09-20T15:59:55.109Z,2026-09-20T16:14:07.599072Z,aac906b1b560494936e4db176e645758a91393d32b75ef75a5551f6b9766b917,https://www.tennesseetitans.com/news/game-inactives-week-2-titans-vs-eagles,18 QB Cole Payton
PHI@TEN,PHI,Elijah Moore,WR,,Elijah Moore,WR | 19,INACTIVE (official game-day declaration),CONFIRMED_BOTH,,https://www.nfl.com/news/nfl-week-2-inactives-players-ruled-out-sunday-14-games-2026,2026-09-20T15:40:23.31Z,2026-09-20T15:54:29.746Z,2026-09-20T16:10:52.440815Z,57822f63314c176d897d4ec087eb384764c56a2afe3532abfb3a31934a39507d,https://www.philadelphiaeagles.com/news/eagles-at-titans-inactives-week-2-2026-nfl-regular-season,TEAM_OFFICIAL_SITE,2026-09-20T15:30:00Z,2026-09-20T15:59:55.109Z,2026-09-20T16:14:07.599072Z,aac906b1b560494936e4db176e645758a91393d32b75ef75a5551f6b9766b917,https://www.tennesseetitans.com/news/game-inactives-week-2-titans-vs-eagles,19 WR Elijah Moore
PHI@TEN,PHI,Jonathan Greenard,OLB,,Jonathan Greenard,OLB | 52,INACTIVE (official game-day declaration),CONFIRMED_BOTH,,https://www.nfl.com/news/nfl-week-2-inactives-players-ruled-out-sunday-14-games-2026,2026-09-20T15:40:23.31Z,2026-09-20T15:54:29.746Z,2026-09-20T16:10:52.440815Z,57822f63314c176d897d4ec087eb384764c56a2afe3532abfb3a31934a39507d,https://www.philadelphiaeagles.com/news/eagles-at-titans-inactives-week-2-2026-nfl-regular-season,TEAM_OFFICIAL_SITE,2026-09-20T15:30:00Z,2026-09-20T15:59:55.109Z,2026-09-20T16:14:07.599072Z,aac906b1b560494936e4db176e645758a91393d32b75ef75a5551f6b9766b917,https://www.tennesseetitans.com/news/game-inactives-week-2-titans-vs-eagles,52 OLB Jonathan Greenard
PHI@TEN,PHI,Micah Morris,G,,Micah Morris,G | 76,INACTIVE (official game-day declaration),CONFIRMED_BOTH,,https://www.nfl.com/news/nfl-week-2-inactives-players-ruled-out-sunday-14-games-2026,2026-09-20T15:40:23.31Z,2026-09-20T15:54:29.746Z,2026-09-20T16:10:52.440815Z,57822f63314c176d897d4ec087eb384764c56a2afe3532abfb3a31934a39507d,https://www.philadelphiaeagles.com/news/eagles-at-titans-inactives-week-2-2026-nfl-regular-season,TEAM_OFFICIAL_SITE,2026-09-20T15:30:00Z,2026-09-20T15:59:55.109Z,2026-09-20T16:14:07.599072Z,aac906b1b560494936e4db176e645758a91393d32b75ef75a5551f6b9766b917,https://www.tennesseetitans.com/news/game-inactives-week-2-titans-vs-eagles,76 G Micah Morris
PHI@TEN,PHI,Tanner McKee,QB,emergency third QB,Tanner McKee (3rd QB),QB | 16,INACTIVE (official game-day declaration),CONFIRMED_BOTH,,https://www.nfl.com/news/nfl-week-2-inactives-players-ruled-out-sunday-14-games-2026,2026-09-20T15:40:23.31Z,2026-09-20T15:54:29.746Z,2026-09-20T16:10:52.440815Z,57822f63314c176d897d4ec087eb384764c56a2afe3532abfb3a31934a39507d,https://www.philadelphiaeagles.com/news/eagles-at-titans-inactives-week-2-2026-nfl-regular-season,TEAM_OFFICIAL_SITE,2026-09-20T15:30:00Z,2026-09-20T15:59:55.109Z,2026-09-20T16:14:07.599072Z,aac906b1b560494936e4db176e645758a91393d32b75ef75a5551f6b9766b917,https://www.tennesseetitans.com/news/game-inactives-week-2-titans-vs-eagles,16 QB Tanner McKee
PHI@TEN,TEN,Atonio Mafi,G,,Atonio Mafi,G (70),INACTIVE (official game-day declaration),CONFIRMED_BOTH,OPPONENT_SITE_NAME_VARIANT,https://www.nfl.com/news/nfl-week-2-inactives-players-ruled-out-sunday-14-games-2026,2026-09-20T15:40:23.31Z,2026-09-20T15:54:29.746Z,2026-09-20T16:10:52.440815Z,57822f63314c176d897d4ec087eb384764c56a2afe3532abfb3a31934a39507d,https://www.tennesseetitans.com/news/game-inactives-week-2-titans-vs-eagles,TEAM_OFFICIAL_SITE,2026-09-20T15:30:09.048Z,2026-09-20T15:33:24.513Z,2026-09-20T16:14:07.602938Z,a14de8982c3857accb84b4f1391aa9128beb62140bde9331d0f12fba29997a2a,https://www.philadelphiaeagles.com/news/eagles-at-titans-inactives-week-2-2026-nfl-regular-season,G Antonio Mafi | 70
PHI@TEN,TEN,Brandon Crenshaw-Dickson,OT,,Brandon Crenshaw-Dickson,T (78),INACTIVE (official game-day declaration),CONFIRMED_BOTH,OPPONENT_SITE_JERSEY_NUMBER_DIFFERS(78_vs_79),https://www.nfl.com/news/nfl-week-2-inactives-players-ruled-out-sunday-14-games-2026,2026-09-20T15:40:23.31Z,2026-09-20T15:54:29.746Z,2026-09-20T16:10:52.440815Z,57822f63314c176d897d4ec087eb384764c56a2afe3532abfb3a31934a39507d,https://www.tennesseetitans.com/news/game-inactives-week-2-titans-vs-eagles,TEAM_OFFICIAL_SITE,2026-09-20T15:30:09.048Z,2026-09-20T15:33:24.513Z,2026-09-20T16:14:07.602938Z,a14de8982c3857accb84b4f1391aa9128beb62140bde9331d0f12fba29997a2a,https://www.philadelphiaeagles.com/news/eagles-at-titans-inactives-week-2-2026-nfl-regular-season,T Brandon Crenshaw-Dickson | 79
PHI@TEN,TEN,Cor’Dale Flott,CB,,Cor'Dale Flott,CB (18),INACTIVE (official game-day declaration),CONFIRMED_BOTH,APOSTROPHE_ENCODING_DIFFERS,https://www.nfl.com/news/nfl-week-2-inactives-players-ruled-out-sunday-14-games-2026,2026-09-20T15:40:23.31Z,2026-09-20T15:54:29.746Z,2026-09-20T16:10:52.440815Z,57822f63314c176d897d4ec087eb384764c56a2afe3532abfb3a31934a39507d,https://www.tennesseetitans.com/news/game-inactives-week-2-titans-vs-eagles,TEAM_OFFICIAL_SITE,2026-09-20T15:30:09.048Z,2026-09-20T15:33:24.513Z,2026-09-20T16:14:07.602938Z,a14de8982c3857accb84b4f1391aa9128beb62140bde9331d0f12fba29997a2a,https://www.philadelphiaeagles.com/news/eagles-at-titans-inactives-week-2-2026-nfl-regular-season,CB Cor'Dale Flott | 18
PHI@TEN,TEN,Jackie Marshall,DT,,Jackie Marshall,DT (96),INACTIVE (official game-day declaration),CONFIRMED_BOTH,,https://www.nfl.com/news/nfl-week-2-inactives-players-ruled-out-sunday-14-games-2026,2026-09-20T15:40:23.31Z,2026-09-20T15:54:29.746Z,2026-09-20T16:10:52.440815Z,57822f63314c176d897d4ec087eb384764c56a2afe3532abfb3a31934a39507d,https://www.tennesseetitans.com/news/game-inactives-week-2-titans-vs-eagles,TEAM_OFFICIAL_SITE,2026-09-20T15:30:09.048Z,2026-09-20T15:33:24.513Z,2026-09-20T16:14:07.602938Z,a14de8982c3857accb84b4f1391aa9128beb62140bde9331d0f12fba29997a2a,https://www.philadelphiaeagles.com/news/eagles-at-titans-inactives-week-2-2026-nfl-regular-season,DT Jackie Marshall | 96
PHI@TEN,TEN,James Williams Sr.,LB,,James Williams Sr.,LB (52),INACTIVE (official game-day declaration),CONFIRMED_BOTH,,https://www.nfl.com/news/nfl-week-2-inactives-players-ruled-out-sunday-14-games-2026,2026-09-20T15:40:23.31Z,2026-09-20T15:54:29.746Z,2026-09-20T16:10:52.440815Z,57822f63314c176d897d4ec087eb384764c56a2afe3532abfb3a31934a39507d,https://www.tennesseetitans.com/news/game-inactives-week-2-titans-vs-eagles,TEAM_OFFICIAL_SITE,2026-09-20T15:30:09.048Z,2026-09-20T15:33:24.513Z,2026-09-20T16:14:07.602938Z,a14de8982c3857accb84b4f1391aa9128beb62140bde9331d0f12fba29997a2a,https://www.philadelphiaeagles.com/news/eagles-at-titans-inactives-week-2-2026-nfl-regular-season,LB James Williams Sr. | 52
PHI@TEN,TEN,Kylen Granson,TE,,Kylen Granson,TE (86),INACTIVE (official game-day declaration),CONFIRMED_BOTH,,https://www.nfl.com/news/nfl-week-2-inactives-players-ruled-out-sunday-14-games-2026,2026-09-20T15:40:23.31Z,2026-09-20T15:54:29.746Z,2026-09-20T16:10:52.440815Z,57822f63314c176d897d4ec087eb384764c56a2afe3532abfb3a31934a39507d,https://www.tennesseetitans.com/news/game-inactives-week-2-titans-vs-eagles,TEAM_OFFICIAL_SITE,2026-09-20T15:30:09.048Z,2026-09-20T15:33:24.513Z,2026-09-20T16:14:07.602938Z,a14de8982c3857accb84b4f1391aa9128beb62140bde9331d0f12fba29997a2a,https://www.philadelphiaeagles.com/news/eagles-at-titans-inactives-week-2-2026-nfl-regular-season,TE Kylen Granson | 86
