pair_type,a,b,corr_same_world
QB-WR,Michael Penix Jr.,Drake London,0.516
QB-WR,Michael Penix Jr.,Jahan Dotson,0.326
QB-WR,Michael Penix Jr.,Olamide Zaccheaus,0.244
QB-TE,Michael Penix Jr.,Kyle Pitts Sr.,0.326
QB-TE,Michael Penix Jr.,Austin Hooper,0.283
QB-RB,Michael Penix Jr.,Bijan Robinson,0.239
QB-RB,Michael Penix Jr.,Brian Robinson Jr.,0.071
K-own offense points,Nick Folk,ATL,0.327
K-own QB,Nick Folk,Michael Penix Jr.,-0.129
DST-opposing QB,Falcons,Tyler Shough,-0.394
DST-opposing WR,Falcons,Chris Olave,-0.068
DST-opposing WR,Falcons,Devaughn Vele,-0.059
RB-own DST,Bijan Robinson,Falcons,-0.046
same-team receivers,Drake London,Kyle Pitts Sr.,0.015
same-team receivers,Drake London,Jahan Dotson,-0.002
same-team receivers,Kyle Pitts Sr.,Jahan Dotson,-0.011
QB-WR,Tyler Shough,Chris Olave,0.398
QB-WR,Tyler Shough,Devaughn Vele,0.307
QB-WR,Tyler Shough,Bryce Lance,0.164
QB-TE,Tyler Shough,Juwan Johnson,0.362
QB-TE,Tyler Shough,Treyton Welch,0.131
QB-RB,Tyler Shough,Alvin Kamara,0.16
QB-RB,Tyler Shough,Kendre Miller,0.028
K-own offense points,Daniel Carlson,NO,0.177
K-own QB,Daniel Carlson,Tyler Shough,-0.16
DST-opposing QB,Saints,Michael Penix Jr.,-0.286
DST-opposing WR,Saints,Drake London,-0.024
DST-opposing WR,Saints,Jahan Dotson,-0.108
RB-own DST,Alvin Kamara,Saints,0.007
same-team receivers,Chris Olave,Juwan Johnson,0.024
same-team receivers,Chris Olave,Devaughn Vele,-0.003
same-team receivers,Juwan Johnson,Devaughn Vele,-0.012
opposing QBs (shootout),Michael Penix Jr.,Tyler Shough,0.137
team points (shootout),ATL,NO,0.081
